session_id,directed_search_usage,sales,prior_sessions,high_intent,returning_customer,mobile_session,prior_customer_value,true_effect,true_propensity
S00001,0,35.2282,5,0,0,0,126.8624,8.0,0.347777
S00002,1,50.4342,4,1,0,1,116.9348,8.0,0.428398
S00003,0,27.1113,1,0,0,1,109.3242,8.0,0.101192
S00004,1,46.8762,2,1,0,0,112.3002,8.0,0.339349
S00005,0,32.3187,3,0,0,0,143.2369,8.0,0.244054
S00006,0,35.3884,5,0,0,1,116.2673,8.0,0.280417
S00007,0,33.0175,1,1,0,0,90.347,8.0,0.25013
S00008,0,33.6931,0,1,0,0,106.3067,8.0,0.213802
S00009,0,38.0891,4,1,0,1,85.7396,8.0,0.383301
S00010,0,28.1722,1,0,0,0,116.5618,8.0,0.131173
S00011,0,33.2319,2,1,0,1,60.4774,8.0,0.226683
S00012,1,44.1716,2,1,0,1,131.5837,8.0,0.309919
S00013,1,53.5533,5,1,0,0,143.9219,8.0,0.604328
S00014,1,44.3762,2,0,1,0,141.9516,8.0,0.291463
S00015,1,31.6481,2,0,0,1,124.8296,8.0,0.142947
S00016,1,43.743,3,0,1,1,100.8758,8.0,0.252609
S00017,0,36.7766,3,0,1,1,159.6691,8.0,0.324759
S00018,0,24.1627,1,0,0,1,125.2413,8.0,0.110214
S00019,0,23.3454,1,0,0,1,96.7133,8.0,0.094514
S00020,0,53.6791,4,1,1,0,162.872,8.0,0.687237
S00021,0,24.7846,1,0,0,0,64.0701,8.0,0.099251
S00022,1,43.8082,2,1,0,0,105.9163,8.0,0.330815
S00023,1,43.7758,2,0,1,1,159.5916,8.0,0.262609
S00024,0,29.1085,3,0,0,0,83.4157,8.0,0.183996
S00025,1,65.9125,6,1,1,0,181.5917,8.0,0.817507
S00026,0,52.4366,6,1,1,1,163.3304,8.0,0.757676
S00027,1,46.6567,2,1,0,0,144.1289,8.0,0.38338
S00028,0,36.0518,2,0,1,0,118.8676,8.0,0.263706
S00029,0,21.7978,0,0,0,1,123.475,8.0,0.083238
S00030,0,35.2302,3,0,1,1,134.0037,8.0,0.291941
S00031,0,25.0988,2,0,0,1,90.6782,8.0,0.119631
S00032,1,39.195,4,0,0,0,123.9561,8.0,0.279637
S00033,0,39.4111,4,0,1,1,114.8552,8.0,0.33162
S00034,0,30.0611,2,0,0,0,107.1802,8.0,0.161526
S00035,0,56.5106,6,1,1,0,170.7847,8.0,0.807634
S00036,1,52.9223,3,1,1,1,122.6105,8.0,0.498916
S00037,0,21.655,0,0,0,1,77.0349,8.0,0.064297
S00038,0,20.7798,0,0,0,1,103.9012,8.0,0.074703
S00039,0,22.9128,1,0,0,1,69.6068,8.0,0.081484
S00040,0,33.6685,3,0,1,1,116.0007,8.0,0.270124
S00041,1,61.4026,7,1,1,1,135.3772,8.0,0.78113
S00042,0,46.9235,3,1,1,0,162.676,8.0,0.619177
S00043,0,37.0581,2,1,0,1,133.6953,8.0,0.312635
S00044,1,60.4831,5,1,1,1,163.5134,8.0,0.698693
S00045,1,58.9274,5,1,1,0,163.6624,8.0,0.748753
S00046,0,43.8094,5,1,0,1,132.5195,8.0,0.526255
S00047,1,63.8778,5,1,1,0,187.5352,8.0,0.774729
S00048,0,23.3217,2,0,0,1,77.5432,8.0,0.111576
S00049,1,42.8579,2,0,1,1,144.4211,8.0,0.245368
S00050,0,41.0158,4,1,0,1,120.6009,8.0,0.433792
S00051,1,45.5752,2,0,1,0,157.4174,8.0,0.31099
S00052,0,35.6922,4,0,0,0,120.5298,8.0,0.275515
S00053,1,37.1507,3,0,0,1,106.4304,8.0,0.167784
S00054,0,31.4352,1,0,1,1,119.1544,8.0,0.171494
S00055,1,46.0335,2,1,0,0,157.4676,8.0,0.402467
S00056,0,39.1711,5,0,1,1,137.4666,8.0,0.434086
S00057,0,48.0828,4,1,1,0,144.4301,8.0,0.662975
S00058,0,29.5094,2,0,0,0,77.2446,8.0,0.138652
S00059,0,24.778,2,0,0,0,39.5247,8.0,0.113765
S00060,1,44.1947,2,1,0,0,92.1356,8.0,0.312773
S00061,0,41.629,1,1,1,0,125.0517,8.0,0.415885
S00062,1,61.9296,7,1,1,1,151.6397,8.0,0.797354
S00063,0,42.2553,3,1,0,0,114.0043,8.0,0.411934
S00064,0,36.9894,3,1,0,0,65.2268,8.0,0.343296
S00065,1,54.6153,3,1,1,1,125.333,8.0,0.502999
S00066,0,28.4277,3,0,0,0,91.2264,8.0,0.191137
S00067,0,36.1198,3,0,1,0,157.4832,8.0,0.378693
S00068,0,52.35,6,1,1,1,141.7495,8.0,0.733117
S00069,0,40.4504,3,0,1,0,136.8752,8.0,0.350066
S00070,1,51.9477,1,1,1,0,146.4313,8.0,0.447343
S00071,0,33.8885,0,1,0,0,90.1608,8.0,0.197969
S00072,0,24.8729,1,0,0,0,76.3499,8.0,0.106035
S00073,1,49.8915,6,0,0,0,191.443,8.0,0.51466
S00074,1,46.0277,2,1,1,1,83.5274,8.0,0.368459
S00075,0,42.2054,1,1,1,0,116.0935,8.0,0.40289
S00076,1,56.4469,5,1,0,0,155.3507,8.0,0.620602
S00077,0,33.7361,3,0,1,1,103.5908,8.0,0.255697
S00078,0,26.2592,1,0,0,1,96.4937,8.0,0.094402
S00079,1,62.1066,5,1,1,0,154.5221,8.0,0.738296
S00080,1,40.3257,3,0,0,0,128.7207,8.0,0.228346
S00081,0,38.6367,3,0,1,1,113.5505,8.0,0.267235
S00082,0,51.5748,7,1,0,1,162.854,8.0,0.708296
S00083,0,31.5209,2,0,1,0,63.7696,8.0,0.204666
S00084,0,38.622,3,1,0,0,104.6739,8.0,0.398443
S00085,0,31.9016,4,0,0,1,125.5361,8.0,0.233835
S00086,0,37.5152,2,1,0,1,124.7876,8.0,0.301266
S00087,1,59.638,5,1,1,0,135.2994,8.0,0.715408
S00088,0,32.1995,1,0,1,1,142.1681,8.0,0.192012
S00089,1,59.7845,6,1,1,0,126.2423,8.0,0.762685
S00090,0,25.2969,0,0,0,0,110.9407,8.0,0.097585
S00091,0,37.3449,3,1,0,1,88.233,8.0,0.318516
S00092,0,28.1198,2,0,0,1,125.5695,8.0,0.143492
S00093,0,46.666,2,1,1,0,131.0817,8.0,0.499123
S00094,0,34.1906,4,0,0,0,107.1541,8.0,0.259787
S00095,0,29.0391,2,0,0,0,89.8741,8.0,0.147952
S00096,1,45.8753,2,1,0,0,104.1189,8.0,0.328432
S00097,0,34.945,2,0,1,0,126.8449,8.0,0.273104
S00098,0,32.8266,2,0,1,0,116.7437,8.0,0.261239
S00099,0,23.5579,1,0,0,1,102.0114,8.0,0.09727
S00100,0,29.1288,2,0,0,1,127.2615,8.0,0.144744
S00101,1,53.6173,4,1,1,1,91.9461,8.0,0.52789
S00102,1,39.8537,1,0,1,0,103.5209,8.0,0.194838
S00103,0,39.3903,3,0,1,0,136.5755,8.0,0.349657
S00104,0,32.0724,4,0,0,1,129.4033,8.0,0.238017
S00105,0,34.6248,2,1,0,1,93.5055,8.0,0.263284
S00106,1,43.0278,2,0,1,0,116.3361,8.0,0.260768
S00107,1,42.5761,1,0,1,0,138.6737,8.0,0.230063
S00108,0,40.661,4,1,0,1,135.6425,8.0,0.456077
S00109,0,38.5662,2,1,0,0,123.6627,8.0,0.354796
S00110,0,29.1081,2,0,0,1,158.4941,8.0,0.16952
S00111,0,30.8398,1,1,0,0,56.6932,8.0,0.214192
S00112,1,54.214,4,1,1,1,103.8245,8.0,0.54561
S00113,0,32.2167,2,0,0,0,108.647,8.0,0.162721
S00114,0,36.6669,2,1,0,1,114.8253,8.0,0.288835
S00115,0,38.4615,3,0,1,0,123.9672,8.0,0.332656
S00116,0,30.8969,4,0,0,0,131.0902,8.0,0.28834
S00117,0,26.8612,1,0,1,1,113.9233,8.0,0.167081
S00118,0,30.7769,0,0,1,0,105.3875,8.0,0.153466
S00119,0,24.8909,3,0,0,1,96.3616,8.0,0.159516
S00120,0,22.7321,1,0,0,1,80.3457,8.0,0.086438
S00121,0,39.5509,4,0,1,1,175.022,8.0,0.415841
S00122,0,31.2469,2,0,1,1,116.3737,8.0,0.215555
S00123,1,45.4913,3,0,1,1,151.2551,8.0,0.313788
S00124,0,42.0806,2,1,1,0,107.2672,8.0,0.463466
S00125,1,47.4702,0,1,1,1,137.5603,8.0,0.306903
S00126,0,32.6201,2,0,1,0,106.6594,8.0,0.249732
S00127,0,39.3608,2,1,0,0,124.6594,8.0,0.356166
S00128,1,37.3643,3,0,0,1,131.3565,8.0,0.189715
S00129,0,40.6356,5,0,1,0,137.7368,8.0,0.496605
S00130,0,25.2613,0,0,1,1,84.7256,8.0,0.110894
S00131,1,56.2463,6,1,0,0,142.8819,8.0,0.67201
S00132,0,26.9994,1,0,0,0,86.3797,8.0,0.111876
S00133,0,32.5039,1,0,1,1,120.7115,8.0,0.172826
S00134,0,33.9603,3,0,1,0,148.3086,8.0,0.36583
S00135,0,43.402,2,1,1,1,148.0912,8.0,0.462209
S00136,1,42.2861,5,0,0,0,137.9656,8.0,0.363037
S00137,1,52.0737,2,1,1,0,122.9695,8.0,0.486957
S00138,0,30.0031,3,0,0,1,127.0582,8.0,0.185783
S00139,0,26.4328,1,0,0,0,129.3364,8.0,0.140158
S00140,0,28.8623,2,0,0,1,103.2051,8.0,0.127776
S00141,1,41.5515,2,0,1,0,121.3026,8.0,0.266553
S00142,0,18.2001,0,0,0,0,49.3564,8.0,0.069535
S00143,0,34.7896,1,0,1,0,148.8012,8.0,0.241002
S00144,1,65.9326,7,1,1,0,157.7847,8.0,0.839796
S00145,0,42.2224,4,1,0,0,77.0964,8.0,0.431086
S00146,0,36.0957,3,0,1,1,181.4005,8.0,0.353978
S00147,0,29.1874,1,0,1,1,125.8209,8.0,0.177252
S00148,1,47.582,3,0,1,0,143.6931,8.0,0.359429
S00149,1,37.3105,2,0,0,1,141.7877,8.0,0.155871
S00150,1,56.4912,4,1,1,0,113.1139,8.0,0.619796
S00151,1,61.1139,6,1,1,1,158.2828,8.0,0.752073
S00152,0,41.2325,2,1,1,0,94.8336,8.0,0.444974
S00153,1,44.5183,3,1,0,0,119.4244,8.0,0.419834
S00154,1,68.6305,8,1,1,0,218.7535,8.0,0.910725
S00155,0,48.6438,5,1,1,1,168.4216,8.0,0.704856
S00156,0,36.2698,3,1,0,1,110.4229,8.0,0.348086
S00157,1,58.3931,5,1,1,0,115.7284,8.0,0.690909
S00158,0,33.7512,0,1,0,0,123.2937,8.0,0.231433
S00159,1,38.1547,1,0,1,0,118.072,8.0,0.2089
S00160,1,56.4482,4,1,1,0,143.8404,8.0,0.662184
S00161,1,57.4618,5,1,1,1,133.9,8.0,0.660024
S00162,0,34.0483,1,1,0,1,107.5363,8.0,0.223605
S00163,1,48.9433,8,0,0,1,166.7469,8.0,0.564755
S00164,0,35.6221,4,0,0,1,165.0947,8.0,0.278999
S00165,0,37.0716,3,1,0,1,102.1211,8.0,0.33687
S00166,0,34.1498,2,0,1,1,124.7479,8.0,0.224173
S00167,0,26.5853,2,0,0,1,89.9539,8.0,0.119174
S00168,0,38.2419,3,1,0,1,121.7916,8.0,0.363721
S00169,1,43.4482,1,1,0,0,90.4744,8.0,0.250274
S00170,1,43.9902,2,1,0,0,126.3882,8.0,0.358548
S00171,1,53.8527,2,1,1,1,162.5915,8.0,0.483893
S00172,0,46.1763,5,1,0,1,148.2363,8.0,0.54969
S00173,0,31.3415,1,0,1,1,115.5796,8.0,0.168468
S00174,1,37.0451,1,0,1,0,99.817,8.0,0.191375
S00175,1,50.6297,5,0,1,1,163.5003,8.0,0.472777
S00176,0,36.3434,1,1,0,1,95.3419,8.0,0.21116
S00177,0,43.8491,3,1,1,0,123.0858,8.0,0.561811
S00178,0,54.2565,5,1,1,0,160.5568,8.0,0.745232
S00179,0,50.6336,5,1,1,1,126.7775,8.0,0.65037
S00180,0,45.4295,4,1,1,1,129.3563,8.0,0.583252
S00181,0,44.8116,2,1,1,0,104.8496,8.0,0.459861
S00182,1,73.5849,11,1,1,1,233.5708,8.0,0.955273
S00183,0,37.0597,4,0,1,1,142.4893,8.0,0.369337
S00184,0,34.208,0,1,0,0,87.689,8.0,0.195625
S00185,0,42.8573,4,0,1,1,179.3391,8.0,0.422147
S00186,0,21.2454,0,0,0,0,93.1467,8.0,0.088578
S00187,0,33.2414,3,0,1,1,129.589,8.0,0.286495
S00188,1,61.678,6,1,1,0,135.2943,8.0,0.772374
S00189,1,49.8826,3,0,1,0,163.8345,8.0,0.387699
S00190,1,46.0452,4,0,1,0,120.5293,8.0,0.397277
S00191,0,46.9007,3,1,1,1,161.3791,8.0,0.556822
S00192,0,28.9009,2,0,0,1,151.7918,8.0,0.163933
S00193,0,30.5663,1,0,1,0,102.656,8.0,0.194025
S00194,0,40.6465,4,0,1,1,163.9438,8.0,0.399791
S00195,0,26.0491,2,0,0,0,72.6558,8.0,0.135396
S00196,0,29.4087,2,0,0,0,129.3059,8.0,0.180322
S00197,1,48.1433,3,1,0,1,130.091,8.0,0.375322
S00198,0,26.6365,2,0,0,0,108.6529,8.0,0.162726
S00199,1,47.8722,3,1,0,0,102.4282,8.0,0.395218
S00200,0,36.2008,3,1,0,1,121.7468,8.0,0.363659
S00201,1,57.3858,5,1,1,0,160.0714,8.0,0.744678
S00202,1,48.947,0,1,1,0,106.0214,8.0,0.319978
S00203,0,30.0807,1,0,1,1,106.1644,8.0,0.160702
S00204,1,53.4889,6,0,1,0,151.9305,8.0,0.591841
S00205,0,37.8921,3,1,0,1,134.7744,8.0,0.381933
S00206,1,60.144,5,1,1,0,134.6166,8.0,0.714573
S00207,1,35.0673,3,0,0,0,110.7901,8.0,0.209945
S00208,1,49.6873,5,0,1,0,148.4096,8.0,0.512612
S00209,0,42.1403,5,1,0,1,130.1203,8.0,0.522665
S00210,0,26.6933,1,0,0,1,136.8797,8.0,0.117251
S00211,1,54.2199,6,0,1,0,163.1903,8.0,0.608054
S00212,0,38.2461,3,1,0,0,102.5148,8.0,0.395342
S00213,0,40.4213,4,0,1,0,140.6548,8.0,0.426518
S00214,0,26.4399,2,0,0,1,141.5556,8.0,0.155688
S00215,0,37.8571,2,1,0,1,140.6997,8.0,0.321737
S00216,0,23.9219,1,0,1,1,64.3333,8.0,0.129656
S00217,1,51.3277,7,0,1,1,149.8046,8.0,0.600807
S00218,0,36.5297,4,0,1,1,132.6457,8.0,0.355689
S00219,0,35.4379,2,0,1,1,155.6172,8.0,0.258018
S00220,0,28.9262,0,0,1,0,107.7947,8.0,0.155351
S00221,0,23.7773,1,0,0,0,137.9623,8.0,0.146512
S00222,1,55.7871,3,1,1,1,116.0446,8.0,0.489069
S00223,0,25.634,2,0,0,0,105.7207,8.0,0.160343
S00224,1,43.76,3,0,1,1,130.9789,8.0,0.288203
S00225,0,44.1665,4,1,0,0,138.703,8.0,0.523038
S00226,0,41.4457,3,1,0,0,149.0017,8.0,0.463567
S00227,0,30.89,2,0,1,1,137.5928,8.0,0.237861
S00228,1,68.2431,6,1,1,0,178.5047,8.0,0.814728
S00229,1,57.3387,5,1,1,0,125.659,8.0,0.703486
S00230,0,30.7386,1,0,1,1,111.8413,8.0,0.165349
S00231,0,35.1094,1,0,1,0,99.2666,8.0,0.190865
S00232,0,42.3011,2,1,1,1,115.9802,8.0,0.414809
S00233,0,29.3909,3,0,0,0,97.2379,8.0,0.196775
S00234,1,59.4963,4,1,1,1,160.386,8.0,0.627689
S00235,0,39.2635,2,1,0,0,124.4067,8.0,0.355818
S00236,0,35.1814,3,0,1,1,127.0384,8.0,0.283377
S00237,0,31.2407,3,0,0,1,127.2357,8.0,0.185944
S00238,0,50.5038,5,1,1,1,176.6012,8.0,0.714962
S00239,0,36.1698,1,1,1,1,86.2429,8.0,0.305224
S00240,0,25.6309,2,0,0,0,60.4867,8.0,0.127074
S00241,1,51.9947,5,1,0,0,129.3121,8.0,0.583188
S00242,0,32.519,3,0,0,0,107.856,8.0,0.20704
S00243,0,43.7062,3,1,0,1,127.621,8.0,0.371853
S00244,0,55.7545,6,1,1,1,167.5213,8.0,0.762263
S00245,0,29.4075,1,0,1,0,86.2729,8.0,0.179114
S00246,0,37.9324,1,1,0,0,104.7504,8.0,0.266687
S00247,1,50.5564,3,1,1,1,122.929,8.0,0.499394
S00248,0,47.4613,3,1,1,0,84.6425,8.0,0.504464
S00249,0,39.8573,4,1,0,0,73.9957,8.0,0.426529
S00250,0,25.9519,0,0,1,0,96.1389,8.0,0.146394
S00251,0,24.9902,2,0,0,1,96.7092,8.0,0.123495
S00252,0,43.3125,2,1,1,0,101.2212,8.0,0.454458
S00253,1,53.1714,5,0,1,0,169.4795,8.0,0.544104
S00254,0,38.7079,4,0,1,1,141.0125,8.0,0.367275
S00255,0,27.2113,1,0,0,0,102.1348,8.0,0.121619
S00256,1,44.3016,4,0,1,1,145.7445,8.0,0.373897
S00257,0,28.549,3,0,0,1,86.9279,8.0,0.152073
S00258,1,32.4631,1,0,0,0,112.2149,8.0,0.128229
S00259,0,23.4452,1,0,0,0,90.7568,8.0,0.114512
S00260,0,52.9956,5,1,1,1,175.6951,8.0,0.713853
S00261,1,52.0061,2,1,1,1,141.4254,8.0,0.452284
S00262,1,44.6517,5,0,0,0,146.4526,8.0,0.374892
S00263,0,50.3807,5,1,1,1,160.431,8.0,0.694785
S00264,0,34.0207,2,0,1,0,121.5655,8.0,0.266861
S00265,1,57.5657,4,1,1,0,156.4058,8.0,0.678838
S00266,0,42.5817,4,0,1,0,170.7579,8.0,0.471169
S00267,0,29.1239,3,0,0,0,102.4621,8.0,0.201777
S00268,1,43.7788,2,1,0,1,80.203,8.0,0.248098
S00269,1,53.2163,5,1,0,1,160.2129,8.0,0.567406
S00270,0,24.8005,2,0,0,0,79.2653,8.0,0.140106
S00271,1,58.1147,4,1,1,0,149.2311,8.0,0.669381
S00272,0,29.8277,0,0,1,0,91.2819,8.0,0.14279
S00273,0,47.5103,3,1,1,0,110.5854,8.0,0.54327
S00274,0,32.5157,3,0,0,1,171.9992,8.0,0.230054
S00275,1,68.4449,8,1,1,0,214.4723,8.0,0.908614
S00276,0,39.5673,2,1,0,0,166.5958,8.0,0.415706
S00277,0,33.4573,3,0,1,1,106.1587,8.0,0.25864
S00278,0,43.2904,3,1,1,1,114.4818,8.0,0.486726
S00279,0,20.5976,1,0,0,1,107.6315,8.0,0.100272
S00280,1,50.931,4,1,0,0,134.0851,8.0,0.516122
S00281,0,45.1459,2,1,1,0,115.8649,8.0,0.476315
S00282,0,25.4808,1,0,0,1,86.9407,8.0,0.089614
S00283,1,44.1638,2,1,0,0,81.3652,8.0,0.299054
S00284,1,30.7554,0,0,0,0,88.0946,8.0,0.086161
S00285,0,23.8531,0,0,0,0,95.9441,8.0,0.089943
S00286,1,41.0299,2,0,1,0,84.8682,8.0,0.226043
S00287,1,49.4733,5,1,0,1,86.8472,8.0,0.457871
S00288,0,35.9175,2,0,1,0,134.1315,8.0,0.281869
S00289,1,52.2369,3,1,1,1,146.0676,8.0,0.534049
S00290,1,48.4373,4,0,1,1,126.4635,8.0,0.347234
S00291,0,33.6396,3,0,1,0,117.0365,8.0,0.32349
S00292,1,48.0702,4,0,1,0,139.2994,8.0,0.42453
S00293,0,31.9999,3,0,0,0,94.5361,8.0,0.194226
S00294,0,34.7268,3,0,1,1,115.0567,8.0,0.269008
S00295,0,34.9808,2,1,0,1,104.094,8.0,0.275791
S00296,0,43.5287,1,1,1,0,149.486,8.0,0.451878
S00297,0,33.1756,2,1,0,1,72.8517,8.0,0.239962
S00298,0,33.6372,3,0,1,1,139.2099,8.0,0.298439
S00299,1,62.1062,5,1,1,0,156.2605,8.0,0.740307
S00300,0,27.0173,2,0,0,1,125.0051,8.0,0.143076
S00301,1,44.6286,2,1,0,1,94.7654,8.0,0.264753
S00302,0,33.5394,3,0,1,0,113.2236,8.0,0.318503
S00303,0,26.2029,3,0,0,1,70.1405,8.0,0.139535
S00304,0,30.2583,2,0,0,0,162.7628,8.0,0.211915
S00305,1,51.9004,5,0,1,0,169.3248,8.0,0.543874
S00306,0,27.3941,3,0,0,1,133.3323,8.0,0.191544
S00307,0,32.8756,2,0,1,1,124.2229,8.0,0.223625
S00308,1,56.9241,5,1,1,1,147.5548,8.0,0.67816
S00309,0,27.211,0,0,1,1,89.8059,8.0,0.113935
S00310,1,34.5403,2,0,0,0,119.8915,8.0,0.172124
S00311,1,58.1377,4,1,1,1,180.9292,8.0,0.656013
S00312,0,36.4691,3,1,0,1,85.1361,8.0,0.314496
S00313,1,55.4933,3,1,1,1,108.0905,8.0,0.477152
S00314,0,33.794,1,0,1,0,118.5369,8.0,0.209361
S00315,0,39.1093,4,0,1,1,131.2173,8.0,0.353727
S00316,0,44.7394,2,1,1,0,131.6722,8.0,0.500008
S00317,0,35.2219,2,0,1,0,135.098,8.0,0.283044
S00318,0,33.06,3,0,1,1,131.0652,8.0,0.288309
S00319,1,48.3801,4,0,1,1,169.9374,8.0,0.40845
S00320,0,42.5647,5,0,1,0,152.1562,8.0,0.518226
S00321,1,51.0032,4,1,0,1,163.5309,8.0,0.497796
S00322,0,26.1492,1,0,0,0,98.4415,8.0,0.119271
S00323,0,44.314,2,1,1,0,149.5698,8.0,0.526829
S00324,0,34.337,3,0,1,0,100.8644,8.0,0.302628
S00325,1,56.3566,6,1,0,0,128.061,8.0,0.652119
S00326,0,38.4973,2,1,0,1,115.4608,8.0,0.289619
S00327,1,65.5107,8,1,1,0,168.8437,8.0,0.883197
S00328,0,24.8527,1,0,0,0,92.2392,8.0,0.115417
S00329,0,35.8184,2,1,0,0,117.4862,8.0,0.346359
S00330,0,35.0631,3,1,0,1,86.3343,8.0,0.316048
S00331,1,44.8952,2,1,0,0,109.222,8.0,0.33522
S00332,1,61.0181,5,1,1,0,168.7211,8.0,0.75442
S00333,1,38.0186,3,0,0,1,112.5578,8.0,0.17298
S00334,1,61.9643,7,1,0,0,165.4234,8.0,0.759975
S00335,1,51.4371,4,1,0,0,149.4742,8.0,0.539131
S00336,0,41.0151,3,1,0,1,132.1046,8.0,0.378158
S00337,0,31.1184,3,0,0,1,111.2542,8.0,0.171864
S00338,0,46.1471,3,1,1,1,139.9629,8.0,0.524924
S00339,0,35.5999,2,0,1,0,128.564,8.0,0.275156
S00340,0,29.3374,3,0,0,1,113.6519,8.0,0.173921
S00341,1,47.356,1,1,1,0,71.085,8.0,0.339956
S00342,0,48.3646,3,1,1,1,108.9489,8.0,0.478437
S00343,0,33.2532,1,1,0,1,95.416,8.0,0.211234
S00344,1,44.6585,3,0,1,1,137.1886,8.0,0.295906
S00345,1,38.0102,0,0,1,0,116.1433,8.0,0.162038
S00346,1,45.5432,3,0,1,0,107.4164,8.0,0.310989
S00347,0,39.3947,4,0,1,0,158.6731,8.0,0.453148
S00348,0,25.3239,1,0,0,0,80.5688,8.0,0.108458
S00349,0,55.2493,5,1,1,0,173.1218,8.0,0.759279
S00350,1,45.0251,2,1,0,0,112.2988,8.0,0.339347
S00351,0,28.7888,1,0,1,0,116.5111,8.0,0.207357
S00352,0,37.0158,4,0,1,1,151.4996,8.0,0.382016
S00353,1,44.51,3,0,1,0,115.3836,8.0,0.321323
S00354,0,27.403,1,0,0,1,116.6546,8.0,0.105263
S00355,1,41.5876,4,0,0,0,137.8223,8.0,0.296699
S00356,0,24.7844,2,0,0,1,85.3185,8.0,0.116285
S00357,1,53.2619,4,1,0,0,145.5403,8.0,0.533261
S00358,0,23.2592,1,0,0,1,101.1968,8.0,0.096842
S00359,0,37.9782,3,0,1,1,164.6931,8.0,0.331404
S00360,0,38.7474,6,0,0,0,114.7662,8.0,0.400975
S00361,0,31.4411,2,0,1,1,107.8884,8.0,0.207071
S00362,0,47.7644,4,1,1,0,122.7263,8.0,0.63329
S00363,1,45.7737,2,1,1,1,99.2961,8.0,0.390735
S00364,0,35.5234,3,1,0,1,83.8037,8.0,0.312775
S00365,0,36.4154,3,0,1,1,144.1061,8.0,0.304626
S00366,0,46.6925,4,1,1,1,134.6027,8.0,0.590883
S00367,1,64.0824,6,1,1,0,165.3119,8.0,0.802481
S00368,1,46.322,4,0,1,0,122.7701,8.0,0.400501
S00369,0,43.9991,5,1,0,0,129.5382,8.0,0.583517
S00370,0,33.6039,2,0,1,0,117.4156,8.0,0.262018
S00371,1,60.68,5,1,1,0,130.3118,8.0,0.709276
S00372,1,42.4268,3,0,1,1,108.9178,8.0,0.261827
S00373,0,46.8621,5,1,0,0,139.5201,8.0,0.597996
S00374,1,34.1851,1,0,1,1,69.1703,8.0,0.132967
S00375,0,41.121,3,1,0,1,153.1091,8.0,0.408216
S00376,1,48.3419,4,0,1,0,117.9657,8.0,0.3936
S00377,0,31.2247,1,0,1,0,90.8232,8.0,0.183163
S00378,0,31.5532,3,0,0,1,148.5204,8.0,0.206054
S00379,0,29.1218,1,0,1,1,115.0074,8.0,0.167988
S00380,0,39.6873,4,0,1,1,160.6595,8.0,0.395072
S00381,0,40.589,5,0,1,0,135.4588,8.0,0.493189
S00382,0,44.4383,3,1,1,1,100.9168,8.0,0.466426
S00383,0,49.385,5,1,1,1,140.9373,8.0,0.669433
S00384,0,36.5548,4,0,1,0,134.6165,8.0,0.417681
S00385,0,36.3993,5,0,0,0,119.667,8.0,0.33805
S00386,0,38.9636,1,1,1,0,97.5492,8.0,0.376436
S00387,0,41.9098,3,1,0,0,143.7868,8.0,0.455796
S00388,0,21.1849,0,0,0,0,59.5098,8.0,0.073581
S00389,1,48.022,3,1,1,1,113.922,8.0,0.485887
S00390,1,57.537,4,1,1,1,153.2132,8.0,0.617578
S00391,0,31.327,0,0,1,0,153.2754,8.0,0.194607
S00392,0,26.3284,1,0,1,1,98.8022,8.0,0.154833
S00393,1,53.7291,7,0,1,1,158.8282,8.0,0.613718
S00394,1,53.9785,3,1,1,0,160.6091,8.0,0.616248
S00395,0,32.0465,1,1,0,1,71.1161,8.0,0.187963
S00396,0,37.242,2,0,1,1,137.5172,8.0,0.237779
S00397,0,32.4926,1,0,1,1,133.1089,8.0,0.18372
S00398,0,35.2722,2,0,1,0,115.9205,8.0,0.260287
S00399,1,69.7413,8,1,1,1,200.3547,8.0,0.876763
S00400,0,44.6709,4,1,1,0,105.5446,8.0,0.609037
S00401,0,37.9705,3,0,1,1,133.1239,8.0,0.290851
S00402,0,37.9478,3,1,0,0,131.5192,8.0,0.437606
S00403,0,26.5079,1,0,1,1,62.3822,8.0,0.128341
S00404,1,41.5548,1,0,1,1,121.4454,8.0,0.173456
S00405,0,43.4691,3,1,1,0,103.6118,8.0,0.53287
S00406,0,29.4827,3,0,0,1,135.7235,8.0,0.193776
S00407,1,46.4309,2,1,0,0,94.0329,8.0,0.315225
S00408,1,42.4719,3,0,1,0,87.6666,8.0,0.286182
S00409,1,52.1662,5,1,0,0,124.2434,8.0,0.575777
S00410,1,52.5541,2,1,1,1,135.6344,8.0,0.443691
S00411,0,32.2204,4,0,0,0,147.5606,8.0,0.309035
S00412,0,32.4302,2,0,1,0,123.6285,8.0,0.26929
S00413,0,41.9296,3,1,0,1,130.7719,8.0,0.37628
S00414,0,24.4063,1,0,0,0,105.2634,8.0,0.123638
S00415,1,54.7407,2,1,1,0,135.45,8.0,0.505675
S00416,0,32.0849,1,0,1,0,160.6512,8.0,0.254246
S00417,1,48.1819,3,0,1,0,132.4062,8.0,0.34399
S00418,1,60.376,4,1,1,0,166.65,8.0,0.692088
S00419,0,48.9854,7,0,1,0,166.3932,8.0,0.680997
S00420,0,45.9101,6,1,0,1,137.2051,8.0,0.606645
S00421,0,46.9861,6,1,0,1,124.4514,8.0,0.588243
S00422,0,29.9276,0,0,1,1,132.8839,8.0,0.142742
S00423,0,40.0209,3,1,0,1,121.722,8.0,0.363624
S00424,0,34.7463,3,1,0,0,96.9714,8.0,0.38742
S00425,1,58.6569,7,1,0,0,185.3747,8.0,0.781127
S00426,1,47.9306,2,1,1,1,137.9509,8.0,0.447125
S00427,0,28.3606,2,0,0,1,96.5835,8.0,0.123413
S00428,1,56.5764,4,1,1,0,132.9411,8.0,0.647404
S00429,0,30.3445,3,0,0,0,124.043,8.0,0.223438
S00430,0,37.8656,1,1,1,1,131.9539,8.0,0.366264
S00431,1,54.5976,3,1,1,0,121.6779,8.0,0.55973
S00432,1,47.5338,1,1,1,0,104.5966,8.0,0.386412
S00433,1,43.3184,3,0,1,1,120.0112,8.0,0.274894
S00434,1,50.8835,3,1,0,0,136.2261,8.0,0.444568
S00435,0,34.721,1,0,1,0,119.9152,8.0,0.210734
S00436,0,31.5219,1,0,1,0,106.6945,8.0,0.197843
S00437,0,31.9313,1,0,1,1,167.7963,8.0,0.217002
S00438,1,58.2407,3,1,1,0,153.4799,8.0,0.606084
S00439,0,36.6199,2,1,0,1,95.5164,8.0,0.265631
S00440,0,36.3738,3,1,0,1,103.3408,8.0,0.338507
S00441,1,53.1003,1,1,1,0,127.897,8.0,0.420038
S00442,0,33.6025,3,0,0,0,147.1334,8.0,0.248393
S00443,0,37.8068,3,0,1,0,149.2766,8.0,0.367178
S00444,0,44.2199,2,1,1,0,127.9443,8.0,0.494417
S00445,0,35.5598,2,0,1,1,156.7573,8.0,0.25933
S00446,1,50.3587,3,1,0,0,133.1019,8.0,0.439944
S00447,0,34.0925,5,0,0,0,149.7773,8.0,0.379579
S00448,0,27.8503,3,0,0,1,92.5114,8.0,0.156444
S00449,0,42.2762,4,0,1,0,177.3034,8.0,0.480964
S00450,0,20.9039,1,0,0,1,68.0403,8.0,0.080783
S00451,1,53.1623,4,1,1,1,137.5373,8.0,0.595132
S00452,0,35.9916,2,0,1,0,119.5885,8.0,0.264547
S00453,0,30.0358,3,0,0,1,148.2236,8.0,0.205763
S00454,1,51.2713,3,1,0,1,154.1651,8.0,0.409747
S00455,0,44.5046,8,0,0,1,147.7676,8.0,0.536586
S00456,0,29.7796,3,0,0,1,100.0879,8.0,0.162537
S00457,0,36.1245,3,0,1,0,103.881,8.0,0.306462
S00458,1,60.6161,6,1,1,0,171.0069,8.0,0.807841
S00459,0,33.6419,2,0,1,1,126.5687,8.0,0.226079
S00460,1,45.3497,2,1,0,0,94.6153,8.0,0.31598
S00461,0,41.1409,2,1,0,0,148.5433,8.0,0.38966
S00462,0,34.7529,4,0,0,1,151.0564,8.0,0.262375
S00463,0,38.9142,1,1,0,0,114.6412,8.0,0.278452
S00464,0,34.884,2,0,1,0,115.1323,8.0,0.259378
S00465,1,54.6162,7,1,0,1,147.7708,8.0,0.689252
S00466,0,46.3585,3,1,1,0,123.8435,8.0,0.56293
S00467,0,36.2459,2,1,0,1,101.5092,8.0,0.272704
S00468,1,55.2219,4,1,1,0,128.2366,8.0,0.640934
S00469,0,39.8798,5,0,1,0,143.4075,8.0,0.505111
S00470,0,39.2605,2,1,0,0,177.6099,8.0,0.431842
S00471,0,42.1426,1,1,1,0,76.6795,8.0,0.347528
S00472,0,29.1045,3,0,0,0,110.708,8.0,0.209863
S00473,0,38.7628,4,0,1,1,119.2677,8.0,0.337514
S00474,0,57.0413,6,1,1,1,180.5514,8.0,0.776139
S00475,0,30.513,3,0,0,0,106.6461,8.0,0.20585
S00476,0,23.9371,1,0,0,1,85.6872,8.0,0.089002
S00477,0,24.7529,1,0,0,1,110.5637,8.0,0.10187
S00478,0,38.9891,3,0,1,1,123.0958,8.0,0.278598
S00479,1,46.8679,4,0,1,0,147.5711,8.0,0.436698
S00480,0,33.2113,3,0,0,0,129.4221,8.0,0.229088
S00481,0,34.3777,2,0,1,0,124.0466,8.0,0.269784
S00482,1,54.0307,3,1,1,1,113.8249,8.0,0.485741
S00483,0,36.8027,1,1,0,0,106.864,8.0,0.269174
S00484,1,58.7595,5,1,1,1,149.5444,8.0,0.68076
S00485,0,44.4398,3,1,1,0,92.4175,8.0,0.516121
S00486,0,33.7655,0,1,0,0,98.1286,8.0,0.20567
S00487,0,28.3764,3,0,0,1,111.9825,8.0,0.172487
S00488,1,39.5817,3,0,1,1,126.9547,8.0,0.283275
S00489,1,56.5354,4,1,1,1,129.8148,8.0,0.583921
S00490,1,62.5909,7,1,1,0,156.353,8.0,0.838637
S00491,0,30.939,3,0,0,0,123.9221,8.0,0.223312
S00492,1,56.8942,5,1,1,1,126.1934,8.0,0.649572
S00493,0,24.5299,1,0,0,0,86.3301,8.0,0.111846
S00494,0,41.8362,4,1,0,1,116.291,8.0,0.427452
S00495,1,34.5206,1,0,1,1,84.0344,8.0,0.143589
S00496,0,32.515,1,0,1,1,138.7673,8.0,0.188866
S00497,0,28.8609,1,0,1,1,126.8751,8.0,0.178177
S00498,1,45.2116,2,0,1,0,150.5132,8.0,0.302184
S00499,0,32.2832,1,0,1,0,122.4296,8.0,0.213254
S00500,1,42.3422,3,0,1,1,134.6208,8.0,0.292707
S00501,0,30.5779,3,0,0,0,93.7024,8.0,0.193444
S00502,1,58.3054,5,1,1,0,125.2754,8.0,0.703006
S00503,0,27.1518,2,0,0,1,84.1956,8.0,0.115595
S00504,0,31.0536,1,1,0,1,52.8775,8.0,0.171827
S00505,0,34.6337,2,0,1,1,121.9051,8.0,0.22122
S00506,0,21.593,1,0,0,1,101.3815,8.0,0.096939
S00507,1,47.4625,1,1,1,0,121.1864,8.0,0.410262
S00508,1,51.2305,5,0,1,1,168.3454,8.0,0.480029
S00509,1,52.5861,5,1,0,0,108.1411,8.0,0.552023
S00510,0,36.1647,3,0,1,1,141.0618,8.0,0.300771
S00511,1,45.5687,1,1,1,1,113.5934,8.0,0.34109
S00512,1,59.9668,5,1,1,0,126.7022,8.0,0.70479
S00513,1,71.375,8,1,1,0,224.4422,8.0,0.913462
S00514,1,50.6273,4,0,1,0,160.6668,8.0,0.456113
S00515,0,39.5167,4,0,1,1,169.5501,8.0,0.407889
S00516,0,26.5054,3,0,0,0,69.5868,8.0,0.171863
S00517,0,39.9236,2,1,1,1,111.8811,8.0,0.408852
S00518,0,26.2652,1,0,0,0,109.7554,8.0,0.126588
S00519,1,45.3049,3,0,1,0,140.6539,8.0,0.355242
S00520,0,26.9919,2,0,0,0,95.4367,8.0,0.152209
S00521,1,48.6148,3,1,0,0,85.4872,8.0,0.371199
S00522,1,53.0336,4,1,0,0,129.7667,8.0,0.509649
S00523,0,45.5953,5,0,1,1,129.8791,8.0,0.422938
S00524,1,37.4652,3,0,0,1,100.7915,8.0,0.163112
S00525,1,55.7399,4,1,1,1,140.9714,8.0,0.600087
S00526,1,49.829,5,0,1,1,167.9924,8.0,0.4795
S00527,0,25.1665,2,0,0,1,100.3644,8.0,0.125888
S00528,1,44.9919,4,0,1,0,72.2047,8.0,0.330313
S00529,0,36.5414,2,0,1,0,131.6305,8.0,0.278841
S00530,1,55.3276,5,1,0,0,130.8859,8.0,0.585481
S00531,1,34.3348,3,0,0,1,81.8509,8.0,0.148187
S00532,1,50.0284,2,1,1,1,102.9631,8.0,0.395985
S00533,0,34.8978,1,0,1,0,145.9076,8.0,0.237841
S00534,1,38.6302,2,0,0,0,117.624,8.0,0.170194
S00535,1,49.2157,5,0,1,0,134.4647,8.0,0.491698
S00536,0,49.5253,4,1,0,0,142.5078,8.0,0.52873
S00537,1,56.1596,5,1,1,1,163.3807,8.0,0.698525
S00538,0,26.5516,2,0,0,1,122.6552,8.0,0.141356
S00539,0,47.33,4,1,1,0,106.132,8.0,0.609876
S00540,0,35.9572,2,0,1,0,95.5891,8.0,0.237494
S00541,1,51.4905,3,1,1,1,88.5604,8.0,0.448029
S00542,1,53.8784,3,1,1,0,149.7509,8.0,0.600729
S00543,0,26.727,1,0,0,0,102.2275,8.0,0.121678
S00544,0,34.8331,3,1,0,1,87.045,8.0,0.31697
S00545,0,30.5672,0,0,1,1,136.9206,8.0,0.145732
S00546,0,35.2785,3,0,1,0,130.6252,8.0,0.341583
S00547,1,44.921,2,1,0,0,91.4008,8.0,0.311826
S00548,0,32.766,2,0,1,0,125.7442,8.0,0.271795
S00549,0,35.8203,2,0,1,0,156.4174,8.0,0.309706
S00550,1,34.4531,3,0,0,1,115.9158,8.0,0.175881
S00551,1,51.9264,5,1,0,1,124.2302,8.0,0.513842
S00552,1,55.6501,7,1,0,1,138.8946,8.0,0.677732
S00553,0,49.1027,5,1,0,0,143.9167,8.0,0.604321
S00554,0,33.533,1,1,0,1,123.4444,8.0,0.240611
S00555,0,31.9991,2,0,1,0,139.9573,8.0,0.288998
S00556,0,41.0472,2,1,1,1,140.5273,8.0,0.450949
S00557,1,49.851,2,1,0,1,160.8811,8.0,0.34871
S00558,1,49.3749,4,0,1,0,162.2074,8.0,0.458407
S00559,1,48.6492,5,0,1,1,135.1612,8.0,0.430691
S00560,0,43.4653,5,0,1,1,191.2773,8.0,0.514412
S00561,1,47.438,3,1,0,1,84.0584,8.0,0.313104
S00562,0,27.8148,3,0,0,1,109.6936,8.0,0.170535
S00563,0,33.7591,1,0,1,0,131.7532,8.0,0.22279
S00564,1,45.4599,2,1,0,0,112.0837,8.0,0.339057
S00565,0,29.0669,2,0,0,0,121.3846,8.0,0.173404
S00566,0,40.4921,2,1,1,1,118.1064,8.0,0.417909
S00567,0,37.692,3,0,1,0,135.4945,8.0,0.348184
S00568,0,38.4708,3,1,1,1,88.9545,8.0,0.448614
S00569,0,34.9701,2,0,1,1,166.3971,8.0,0.270593
S00570,1,49.6358,2,1,0,0,127.5168,8.0,0.360107
S00571,0,41.7128,4,1,0,0,106.9111,8.0,0.475387
S00572,1,47.7996,1,1,1,1,105.7407,8.0,0.330582
S00573,0,42.2595,4,1,0,1,129.4869,8.0,0.446931
S00574,0,53.2694,5,1,1,0,148.7083,8.0,0.731501
S00575,0,35.6636,1,1,1,0,48.5523,8.0,0.310307
S00576,0,37.7042,3,0,1,1,165.5332,8.0,0.332522
S00577,1,35.5572,1,1,0,1,63.2651,8.0,0.180878
S00578,0,37.7862,4,0,1,0,109.0069,8.0,0.380846
S00579,1,54.5939,1,1,1,0,178.178,8.0,0.494767
S00580,0,27.7131,3,0,0,1,104.7844,8.0,0.166409
S00581,0,26.5736,2,0,0,1,129.1429,8.0,0.146147
S00582,0,26.5513,3,0,0,0,114.7894,8.0,0.213952
S00583,1,55.3921,3,1,1,1,156.6243,8.0,0.549771
S00584,0,37.3582,5,0,1,1,132.0777,8.0,0.42616
S00585,1,50.5933,4,1,0,1,103.1681,8.0,0.408302
S00586,1,36.7554,2,0,1,1,119.271,8.0,0.218509
S00587,0,39.2903,1,1,1,1,105.6646,8.0,0.33048
S00588,0,29.3706,2,0,1,1,84.5616,8.0,0.18503
S00589,1,52.0434,2,1,1,0,153.2699,8.0,0.53236
S00590,0,35.5881,2,0,1,1,194.1211,8.0,0.304645
S00591,0,44.1532,5,0,1,0,147.889,8.0,0.511831
S00592,0,26.0264,1,0,0,0,100.9062,8.0,0.120833
S00593,0,35.165,2,1,0,0,89.0113,8.0,0.308758
S00594,0,37.4327,3,0,1,1,142.4598,8.0,0.302538
S00595,0,40.2942,2,1,0,1,135.369,8.0,0.314797
S00596,1,39.866,3,0,0,0,123.3487,8.0,0.222716
S00597,1,46.5035,4,0,1,1,184.5491,8.0,0.429791
S00598,0,35.6082,1,0,1,0,113.3019,8.0,0.20421
S00599,0,27.501,2,0,0,1,105.388,8.0,0.129243
S00600,0,28.3006,1,0,1,0,102.3473,8.0,0.193736
S00601,0,26.059,1,0,0,0,92.8672,8.0,0.115802
S00602,0,25.8971,2,0,0,0,86.3644,8.0,0.145317
S00603,0,31.0225,2,0,1,1,101.7675,8.0,0.201106
S00604,0,50.6417,7,1,0,1,134.2699,8.0,0.671642
S00605,1,35.1732,3,0,0,1,128.1394,8.0,0.186766
S00606,0,37.3438,5,0,0,1,135.3143,8.0,0.304044
S00607,0,32.8718,3,0,1,0,115.6864,8.0,0.321719
S00608,0,37.5775,2,1,0,1,107.3279,8.0,0.279683
S00609,1,46.7107,2,0,1,0,125.0345,8.0,0.270953
S00610,0,32.693,1,1,0,1,115.4236,8.0,0.231928
S00611,1,45.2046,1,1,0,0,110.3257,8.0,0.27328
S00612,0,37.9511,4,0,1,1,117.7234,8.0,0.335445
S00613,0,34.8662,3,0,1,0,79.7485,8.0,0.276576
S00614,0,49.9485,6,1,0,1,164.1259,8.0,0.644455
S00615,1,36.9322,2,0,0,1,132.3106,8.0,0.148535
S00616,0,24.6141,3,0,0,1,100.2351,8.0,0.162657
S00617,1,69.6373,7,1,1,0,151.0535,8.0,0.834287
S00618,1,39.7767,1,1,0,1,62.0712,8.0,0.179819
S00619,0,24.8827,2,0,0,1,83.139,8.0,0.114948
S00620,0,31.742,1,0,1,1,102.3874,8.0,0.157669
S00621,0,28.9495,3,0,0,0,87.2884,8.0,0.18751
S00622,1,58.4849,4,1,1,0,164.6815,8.0,0.689566
S00623,0,32.4764,1,0,1,0,91.8664,8.0,0.184102
S00624,0,33.8865,5,0,0,1,123.7953,8.0,0.28962
S00625,0,28.5303,2,0,0,0,140.2273,8.0,0.190212
S00626,0,36.2128,5,0,0,1,144.6886,8.0,0.316075
S00627,0,32.1515,3,0,0,0,139.5483,8.0,0.239994
S00628,1,54.5778,3,1,1,0,124.9812,8.0,0.564609
S00629,1,42.7432,3,0,1,0,109.0785,8.0,0.31313
S00630,0,28.2621,2,0,0,0,103.1906,8.0,0.15831
S00631,0,42.7942,3,1,1,1,91.0071,8.0,0.451662
S00632,0,34.4988,3,0,1,0,134.3844,8.0,0.346673
S00633,1,47.8034,0,1,1,1,107.7964,8.0,0.270276
S00634,1,52.474,3,1,1,1,173.8822,8.0,0.575247
S00635,0,35.2416,1,0,1,0,120.255,8.0,0.211073
S00636,1,61.6408,6,1,1,1,174.1115,8.0,0.769354
S00637,1,59.352,5,1,1,1,131.0639,8.0,0.656195
S00638,1,55.4101,4,1,1,1,147.6726,8.0,0.609696
S00639,0,27.7504,3,0,0,1,106.3747,8.0,0.167737
S00640,1,56.4456,6,1,0,0,108.1569,8.0,0.624558
S00641,0,32.4408,0,1,0,0,109.1959,8.0,0.21673
S00642,0,27.4343,2,0,0,0,103.6152,8.0,0.15865
S00643,1,63.2634,6,1,1,0,173.4108,8.0,0.81007
S00644,0,25.4352,1,0,0,1,102.7113,8.0,0.097639
S00645,0,37.4805,2,0,1,1,122.1952,8.0,0.22152
S00646,0,27.4344,2,0,0,0,112.569,8.0,0.165953
S00647,0,46.7326,6,1,0,1,175.3596,8.0,0.659745
S00648,0,38.5769,4,0,1,1,119.5638,8.0,0.337911
S00649,0,30.7255,2,0,1,1,95.005,8.0,0.194666
S00650,0,23.8522,1,0,0,1,107.1836,8.0,0.100029
S00651,0,30.6882,1,0,1,1,145.4165,8.0,0.195054
S00652,1,55.323,3,1,1,1,150.8127,8.0,0.541126
S00653,0,39.62,3,0,1,0,166.6382,8.0,0.3917
S00654,1,60.063,6,1,0,0,137.5368,8.0,0.664903
S00655,1,38.3728,3,0,0,0,116.3282,8.0,0.215509
S00656,1,61.6294,8,1,0,0,169.5658,8.0,0.814179
S00657,1,55.8948,6,0,1,1,186.1438,8.0,0.580996
S00658,1,47.2135,4,0,1,0,157.5074,8.0,0.451415
S00659,1,53.3955,4,1,1,1,132.5038,8.0,0.587835
S00660,0,20.791,0,0,0,0,66.4953,8.0,0.07649
S00661,0,30.5746,0,0,1,1,138.3844,8.0,0.146829
S00662,0,29.2835,1,0,1,1,118.8596,8.0,0.171243
S00663,0,51.777,5,1,1,1,130.1034,8.0,0.654894
S00664,0,21.9088,0,0,0,1,102.8836,8.0,0.074282
S00665,0,33.8516,1,1,0,0,118.4436,8.0,0.283059
S00666,0,46.5983,2,1,1,1,161.4241,8.0,0.482144
S00667,0,33.0131,4,0,0,0,121.9737,8.0,0.277247
S00668,0,39.3354,1,1,0,0,112.2771,8.0,0.275611
S00669,1,57.5222,5,1,1,1,156.5888,8.0,0.689875
S00670,1,40.2423,3,0,0,0,143.9502,8.0,0.244845
S00671,0,30.1827,3,0,0,1,159.1544,8.0,0.216688
S00672,0,23.3688,1,0,0,0,89.3809,8.0,0.113678
S00673,0,33.2109,2,0,1,0,111.0983,8.0,0.254755
S00674,0,30.3431,3,0,0,1,122.8089,8.0,0.181957
S00675,0,58.9498,7,1,1,0,167.5429,8.0,0.847517
S00676,0,52.1058,8,1,1,1,104.5569,8.0,0.800167
S00677,0,27.306,3,0,0,1,130.7231,8.0,0.189132
S00678,0,39.9983,2,1,1,1,91.9561,8.0,0.380303
S00679,0,40.7274,3,1,0,1,95.085,8.0,0.327505
S00680,0,38.2151,2,1,0,0,101.8946,8.0,0.325495
S00681,0,35.5002,3,0,1,1,147.5498,8.0,0.309021
S00682,0,20.4416,1,0,0,1,95.0745,8.0,0.093676
S00683,0,45.9469,7,0,1,0,169.7142,8.0,0.68531
S00684,0,38.5646,4,1,0,1,111.2552,8.0,0.420074
S00685,0,36.0369,2,0,1,0,152.4086,8.0,0.304587
S00686,0,41.0977,5,0,1,1,142.6346,8.0,0.441718
S00687,0,35.2878,3,0,1,1,120.5688,8.0,0.275561
S00688,1,43.9826,3,0,0,0,161.1882,8.0,0.264469
S00689,0,39.7196,4,0,1,1,163.1564,8.0,0.398658
S00690,1,53.7705,4,1,1,1,123.5771,8.0,0.5748
S00691,0,38.9842,2,1,0,0,92.2086,8.0,0.312867
S00692,1,55.6356,7,0,1,0,183.4884,8.0,0.702855
S00693,1,47.5357,5,0,1,0,144.6186,8.0,0.506927
S00694,0,33.8794,2,0,1,1,141.0502,8.0,0.241642
S00695,0,33.31,2,1,0,1,49.9106,8.0,0.215762
S00696,0,27.437,3,0,0,1,85.3568,8.0,0.150862
S00697,1,47.0138,2,1,0,0,126.0322,8.0,0.358057
S00698,1,53.324,5,1,0,1,139.0031,8.0,0.535942
S00699,0,33.4441,2,0,1,0,125.4005,8.0,0.271387
S00700,1,30.5156,1,0,0,0,86.8997,8.0,0.112186
S00701,0,41.4057,1,1,1,1,111.3241,8.0,0.338037
S00702,1,55.4221,5,1,1,1,154.3064,8.0,0.686937
S00703,0,33.3376,4,0,0,0,101.5677,8.0,0.253394
S00704,0,35.6511,4,0,1,1,146.1583,8.0,0.374479
S00705,1,53.4831,7,1,0,1,114.2067,8.0,0.644567
S00706,1,54.5677,3,1,1,1,123.5935,8.0,0.50039
S00707,0,30.3413,4,0,0,0,95.0159,8.0,0.246029
S00708,0,43.5095,4,1,0,0,128.384,8.0,0.507575
S00709,0,43.8387,2,1,1,0,115.3201,8.0,0.4755
S00710,0,34.0929,3,0,1,1,130.6665,8.0,0.287819
S00711,0,43.7047,3,1,1,1,110.1708,8.0,0.480266
S00712,0,37.0381,4,0,1,1,127.7356,8.0,0.348966
S00713,0,37.1115,2,0,1,1,129.568,8.0,0.229243
S00714,1,44.2531,2,1,0,1,103.7061,8.0,0.275327
S00715,0,38.6853,3,0,1,0,152.6042,8.0,0.37183
S00716,0,23.4459,0,0,0,0,100.7992,8.0,0.092356
S00717,0,37.3291,3,0,1,0,118.1981,8.0,0.325017
S00718,1,51.1292,3,1,1,1,117.926,8.0,0.49189
S00719,0,46.2984,5,1,0,0,96.4674,8.0,0.534646
S00720,0,53.8752,6,1,1,1,167.9088,8.0,0.762684
S00721,1,52.0708,4,1,0,0,111.7518,8.0,0.482635
S00722,1,40.3905,1,0,1,1,137.2072,8.0,0.187436
S00723,0,28.9795,3,0,0,1,128.2817,8.0,0.186896
S00724,0,41.9153,5,0,1,1,119.6207,8.0,0.407991
S00725,1,43.435,2,1,0,1,89.3179,8.0,0.25844
S00726,1,41.7209,1,1,0,1,110.7878,8.0,0.22701
S00727,1,59.7987,5,1,1,1,176.208,8.0,0.714481
S00728,1,55.9729,5,1,0,0,150.3232,8.0,0.613474
S00729,1,39.228,0,1,0,1,111.6661,8.0,0.179461
S00730,0,35.906,1,1,0,1,103.9455,8.0,0.219887
S00731,0,37.8136,3,1,0,0,103.38,8.0,0.396584
S00732,1,49.5369,4,1,0,1,141.8757,8.0,0.465369
S00733,0,31.4946,4,0,0,1,113.7133,8.0,0.221367
S00734,1,60.2994,6,1,0,1,210.3861,8.0,0.705227
S00735,0,39.7182,3,0,1,0,131.1239,8.0,0.342256
S00736,1,53.9845,6,1,0,0,111.9764,8.0,0.629916
S00737,0,41.8153,3,1,0,0,112.7613,8.0,0.410129
S00738,1,48.2047,3,1,0,1,140.2874,8.0,0.389771
S00739,1,45.68,3,0,1,0,151.3949,8.0,0.370137
S00740,0,25.3188,2,0,0,1,109.1352,8.0,0.131794
S00741,0,31.4381,1,0,0,1,165.9781,8.0,0.136563
S00742,0,33.2209,3,0,0,0,122.5654,8.0,0.221904
S00743,0,36.9186,4,0,1,1,127.0789,8.0,0.348072
S00744,1,57.3527,3,1,1,1,160.8392,8.0,0.556023
S00745,0,33.3913,0,1,0,0,73.1884,8.0,0.182296
S00746,1,45.4703,2,0,1,0,116.5538,8.0,0.261019
S00747,0,34.5619,1,1,0,0,80.4954,8.0,0.239208
S00748,0,36.1008,2,1,0,0,65.2077,8.0,0.279135
S00749,1,45.6905,2,1,0,0,90.4078,8.0,0.310549
S00750,0,36.2425,1,0,1,0,175.392,8.0,0.271377
S00751,0,39.9762,4,1,0,0,84.3999,8.0,0.441864
S00752,1,63.3568,6,1,1,1,190.663,8.0,0.786504
S00753,1,51.1672,3,1,0,0,129.6224,8.0,0.434807
S00754,1,49.2405,5,0,1,1,155.7914,8.0,0.461265
S00755,0,49.7849,4,1,1,1,147.1215,8.0,0.608909
S00756,0,31.7441,1,0,1,1,132.0296,8.0,0.182751
S00757,0,33.1953,5,0,0,1,141.4145,8.0,0.311844
S00758,0,39.6337,4,0,1,1,168.079,8.0,0.405759
S00759,1,51.752,4,1,0,0,131.1642,8.0,0.511744
S00760,0,34.0793,5,0,0,0,123.0991,8.0,0.342673
S00761,0,38.0023,4,0,1,0,131.7315,8.0,0.413477
S00762,1,41.3221,1,1,0,0,108.3469,8.0,0.270928
S00763,0,31.6382,4,0,0,1,115.9993,8.0,0.22374
S00764,0,41.5843,1,1,1,1,136.2255,8.0,0.372234
S00765,1,40.0682,2,0,0,0,148.5927,8.0,0.198063
S00766,0,39.6594,3,1,0,1,107.527,8.0,0.344154
S00767,0,48.9207,4,1,1,0,121.2863,8.0,0.631281
S00768,0,42.1162,1,1,1,1,126.3311,8.0,0.358469
S00769,0,24.7565,1,0,0,0,68.1877,8.0,0.101481
S00770,0,23.6773,0,0,0,1,112.2444,8.0,0.078238
S00771,1,40.3169,1,1,0,0,99.9915,8.0,0.26114
S00772,1,38.2212,1,1,0,1,75.1359,8.0,0.191672
S00773,1,51.8936,3,1,1,1,119.561,8.0,0.494342
S00774,0,22.7844,1,0,0,1,88.1648,8.0,0.090215
S00775,0,28.0691,2,0,0,0,125.4013,8.0,0.176886
S00776,1,55.4806,2,1,1,0,139.787,8.0,0.512178
S00777,1,57.6827,5,1,1,0,138.6037,8.0,0.719427
S00778,1,71.716,8,1,1,0,185.4233,8.0,0.893075
S00779,0,23.9284,1,0,0,0,54.1034,8.0,0.094031
S00780,1,33.3933,2,0,0,0,64.7781,8.0,0.129958
S00781,1,45.0669,2,1,0,0,105.822,8.0,0.33069
S00782,1,34.9272,3,0,0,1,131.1308,8.0,0.189507
S00783,0,39.0509,5,0,1,1,134.123,8.0,0.429164
S00784,1,40.049,2,0,1,0,114.0005,8.0,0.258075
S00785,0,31.4009,3,0,0,0,120.3771,8.0,0.219645
S00786,1,49.1097,2,1,1,0,112.7894,8.0,0.471714
S00787,1,46.9822,3,1,0,1,102.2524,8.0,0.337046
S00788,0,36.0682,6,0,0,1,101.4943,8.0,0.324968
S00789,0,32.3861,1,0,1,0,152.2717,8.0,0.244832
S00790,0,26.7487,1,0,0,0,129.2821,8.0,0.140118
S00791,0,45.642,3,1,1,1,134.874,8.0,0.517304
S00792,0,45.1186,2,1,1,0,140.8037,8.0,0.513702
S00793,0,30.0119,1,1,0,1,71.7538,8.0,0.188547
S00794,0,29.2278,2,0,0,0,130.9134,8.0,0.181752
S00795,0,25.9417,2,0,0,0,72.3874,8.0,0.135208
S00796,1,44.56,4,0,1,1,151.1132,8.0,0.381468
S00797,0,30.0106,0,0,1,1,96.6176,8.0,0.118126
S00798,0,27.2505,1,0,1,0,76.0164,8.0,0.170244
S00799,0,26.6516,3,0,0,0,44.3551,8.0,0.151373
S00800,0,20.834,0,0,0,0,65.9639,8.0,0.076265
S00801,1,51.2776,4,1,0,1,124.0149,8.0,0.43883
S00802,1,60.2187,6,1,1,1,140.382,8.0,0.731509
S00803,0,24.0902,1,0,0,0,86.2938,8.0,0.111825
S00804,0,36.303,2,0,1,0,115.4254,8.0,0.259716
S00805,0,27.4463,1,0,0,1,116.7306,8.0,0.105306
S00806,1,56.1991,9,0,1,1,163.8893,8.0,0.749009
S00807,1,56.9917,5,1,1,0,165.8782,8.0,0.751246
S00808,0,37.8002,2,1,0,0,99.4994,8.0,0.322348
S00809,0,28.738,1,0,1,1,110.5386,8.0,0.164274
S00810,1,47.5097,3,1,0,1,108.5682,8.0,0.345565
S00811,1,64.4782,6,1,1,0,166.836,8.0,0.803926
S00812,0,39.8629,3,1,0,1,113.057,8.0,0.351681
S00813,0,31.9611,1,1,0,1,52.9174,8.0,0.171861
S00814,1,51.053,3,1,0,0,127.1473,8.0,0.431161
S00815,0,39.1214,1,1,0,0,86.0619,8.0,0.245339
S00816,1,54.5988,7,0,1,1,158.6008,8.0,0.613395
S00817,0,52.0646,4,1,1,1,176.8324,8.0,0.650445
S00818,1,57.3224,5,1,1,0,147.1866,8.0,0.729704
S00819,0,52.7475,5,1,1,0,144.4668,8.0,0.726473
S00820,1,45.556,3,1,0,1,125.5414,8.0,0.368944
S00821,0,32.4689,2,0,1,1,143.2765,8.0,0.244098
S00822,1,51.35,5,1,0,0,96.5985,8.0,0.534841
S00823,0,34.442,2,0,1,1,171.133,8.0,0.276238
S00824,0,27.8379,2,0,0,0,102.4884,8.0,0.157749
S00825,0,40.8814,4,0,1,0,157.0418,8.0,0.450723
S00826,0,35.0747,4,0,1,1,121.0455,8.0,0.339903
S00827,0,37.5907,2,0,1,0,159.5099,8.0,0.313687
S00828,0,23.9422,2,0,0,1,80.9001,8.0,0.113588
S00829,0,24.396,1,0,0,1,85.857,8.0,0.089085
S00830,1,34.4572,0,0,1,1,108.0729,8.0,0.125476
S00831,0,27.7561,1,0,0,0,97.9739,8.0,0.118977
S00832,1,58.3097,7,1,0,0,124.322,8.0,0.712167
S00833,0,39.512,3,0,1,0,198.6362,8.0,0.438271
S00834,1,55.0961,6,1,0,1,147.2288,8.0,0.620901
S00835,1,46.459,2,1,0,1,115.9603,8.0,0.290236
S00836,1,34.3334,2,0,0,0,98.3743,8.0,0.154497
S00837,0,24.4618,1,0,0,1,106.1688,8.0,0.099483
S00838,0,25.5394,1,0,0,0,44.0258,8.0,0.089005
S00839,0,32.9185,3,0,1,1,134.1629,8.0,0.292138
S00840,1,54.933,3,1,1,0,111.9375,8.0,0.545282
S00841,0,30.6206,4,0,0,1,101.8434,8.0,0.209335
S00842,0,36.2796,2,1,0,0,76.0996,8.0,0.292473
S00843,1,41.1644,2,0,1,1,116.1102,8.0,0.215288
S00844,0,29.477,3,0,0,1,109.0026,8.0,0.16995
S00845,1,38.4344,1,0,1,1,91.1554,8.0,0.148924
S00846,0,22.0087,0,0,0,1,105.0453,8.0,0.075179
S00847,0,32.1363,0,0,1,1,111.5738,8.0,0.127799
S00848,1,49.5379,4,1,0,1,101.395,8.0,0.405734
S00849,1,58.2788,5,1,1,0,152.5385,8.0,0.73599
S00850,0,32.3296,1,1,0,1,93.5079,8.0,0.209333
S00851,1,57.9779,5,1,1,1,162.8355,8.0,0.697836
S00852,0,49.8937,5,1,1,0,143.1856,8.0,0.724943
S00853,0,43.8475,6,0,1,1,165.8775,8.0,0.551137
S00854,0,23.1897,1,0,0,0,78.4532,8.0,0.107237
S00855,1,45.3694,0,1,1,0,117.0191,8.0,0.334504
S00856,1,56.1535,2,1,1,0,130.0872,8.0,0.497631
S00857,0,48.8354,7,0,1,0,168.6056,8.0,0.683874
S00858,0,25.05,2,0,0,0,59.0829,8.0,0.126143
S00859,0,35.1331,3,0,1,1,123.7427,8.0,0.279379
S00860,0,43.8366,4,0,1,0,153.1238,8.0,0.44491
S00861,1,63.8526,6,1,1,0,178.051,8.0,0.814317
S00862,1,34.4852,1,0,0,1,115.4116,8.0,0.104562
S00863,0,29.6789,2,0,1,0,88.4395,8.0,0.229814
S00864,0,45.5531,3,1,1,0,149.8524,8.0,0.600876
S00865,0,26.9282,1,0,0,1,116.4188,8.0,0.105129
S00866,1,35.6538,0,1,0,1,88.8298,8.0,0.160162
S00867,0,37.1347,2,1,0,1,116.0368,8.0,0.29033
S00868,1,52.9767,3,1,1,0,115.5838,8.0,0.550701
S00869,1,41.9502,3,0,1,1,127.4216,8.0,0.283845
S00870,1,55.2039,6,1,0,1,128.8907,8.0,0.594679
S00871,1,43.4451,1,1,0,0,85.4722,8.0,0.244684
S00872,1,45.1269,5,0,1,1,120.6912,8.0,0.409544
S00873,1,49.2602,5,0,1,0,130.0906,8.0,0.48514
S00874,0,27.7097,0,0,1,0,97.3495,8.0,0.147304
S00875,0,40.6397,1,1,1,1,128.5585,8.0,0.361549
S00876,0,24.4665,1,0,0,1,106.4511,8.0,0.099634
S00877,0,31.2891,1,1,0,1,90.6705,8.0,0.206529
S00878,0,22.0497,2,0,0,1,72.216,8.0,0.108447
S00879,0,38.3412,1,1,1,1,126.3004,8.0,0.358427
S00880,0,41.2615,4,1,0,1,123.1956,8.0,0.43762
S00881,0,32.0796,2,1,0,1,52.6279,8.0,0.218534
S00882,0,28.4632,4,0,0,1,93.7988,8.0,0.201458
S00883,0,29.6792,3,0,0,1,135.7778,8.0,0.193827
S00884,0,27.4168,2,0,0,0,100.2209,8.0,0.15595
S00885,0,36.1584,2,0,1,0,132.8217,8.0,0.280281
S00886,1,40.1758,2,0,1,1,134.9643,8.0,0.235014
S00887,1,49.6295,2,1,1,1,126.4597,8.0,0.430149
S00888,1,56.6111,6,1,1,1,105.1086,8.0,0.687971
S00889,0,28.748,3,0,0,1,112.3627,8.0,0.172813
S00890,0,41.3752,2,1,1,1,137.3988,8.0,0.446306
S00891,1,53.7009,4,1,1,1,139.3908,8.0,0.597809
S00892,0,34.948,2,0,1,0,120.0532,8.0,0.26509
S00893,0,47.2216,5,0,1,0,172.1642,8.0,0.548097
S00894,1,54.3115,3,1,1,0,122.392,8.0,0.560786
S00895,1,58.0689,5,1,1,1,131.9114,8.0,0.657341
S00896,1,59.2395,5,1,1,1,132.1381,8.0,0.657648
S00897,0,32.9088,3,0,1,1,138.5845,8.0,0.297654
S00898,1,58.3752,5,1,1,0,140.7464,8.0,0.722015
S00899,0,43.1599,2,1,1,0,91.2225,8.0,0.43963
S00900,0,37.0353,2,1,0,1,86.9034,8.0,0.255673
S00901,0,49.0943,2,1,1,0,138.1662,8.0,0.509748
S00902,0,30.3128,4,0,0,1,112.4715,8.0,0.220085
S00903,1,54.3263,5,1,0,1,129.2076,8.0,0.521299
S00904,0,53.8059,6,1,1,0,162.1775,8.0,0.799483
S00905,0,49.1898,4,1,1,1,144.1795,8.0,0.604697
S00906,0,32.0194,3,0,0,0,144.901,8.0,0.245901
S00907,0,33.7042,1,1,0,0,72.5537,8.0,0.230644
S00908,0,31.8414,1,0,1,1,104.4349,8.0,0.159307
S00909,1,50.3855,2,1,1,1,132.0651,8.0,0.438412
S00910,1,55.1042,3,1,1,0,114.2526,8.0,0.548724
S00911,0,30.0437,1,0,1,1,105.8616,8.0,0.160457
S00912,1,42.4086,4,0,0,0,141.8325,8.0,0.301744
S00913,0,30.5043,1,1,0,1,87.1955,8.0,0.203133
S00914,0,27.8267,2,0,0,1,118.2361,8.0,0.138169
S00915,0,32.6531,1,0,1,0,115.6203,8.0,0.20648
S00916,0,45.0212,5,1,0,0,106.1753,8.0,0.549104
S00917,1,40.3891,3,0,0,1,131.8524,8.0,0.190173
S00918,0,26.9693,2,0,0,1,118.1361,8.0,0.138097
S00919,0,40.2937,2,1,1,0,117.2338,8.0,0.478364
S00920,1,50.6588,5,0,1,0,154.4471,8.0,0.521657
S00921,1,41.8074,1,0,1,0,107.1277,8.0,0.198255
S00922,0,39.3878,4,0,1,0,139.106,8.0,0.424247
S00923,0,43.9496,3,1,1,1,136.4978,8.0,0.519736
S00924,0,41.1557,2,1,1,1,107.8423,8.0,0.403008
S00925,0,25.2095,2,0,0,0,69.8626,8.0,0.133446
S00926,1,53.2766,2,1,1,0,97.7842,8.0,0.449351
S00927,0,29.1483,2,0,0,0,107.4596,8.0,0.161753
S00928,1,53.9978,6,1,0,1,146.4056,8.0,0.619737
S00929,0,25.9229,2,0,0,1,88.771,8.0,0.118431
S00930,0,25.4228,2,0,0,1,115.3438,8.0,0.136115
S00931,0,32.5882,4,0,0,0,116.8201,8.0,0.271094
S00932,1,50.7782,2,1,1,0,114.437,8.0,0.474178
S00933,0,26.561,3,0,0,1,114.1855,8.0,0.174382
S00934,0,25.0112,3,0,0,1,123.3654,8.0,0.182454
S00935,0,36.3124,1,1,0,0,76.6334,8.0,0.235016
S00936,1,46.0086,3,1,0,1,146.4094,8.0,0.398542
S00937,1,35.4183,3,0,0,1,103.6611,8.0,0.165476
S00938,0,30.4049,1,0,1,1,136.2116,8.0,0.186528
S00939,0,31.5853,0,0,1,0,127.1522,8.0,0.171208
S00940,1,55.5892,5,1,1,1,139.9191,8.0,0.66808
S00941,0,44.0133,3,1,0,1,144.7217,8.0,0.396117
S00942,0,40.3496,2,1,1,1,124.101,8.0,0.426684
S00943,0,46.6002,2,1,1,0,153.1919,8.0,0.532243
S00944,1,57.1808,4,1,1,0,120.9269,8.0,0.630779
S00945,1,35.8911,2,0,0,0,137.212,8.0,0.18744
S00946,0,20.9017,0,0,0,0,120.1623,8.0,0.102567
S00947,1,53.1185,1,1,1,0,133.9401,8.0,0.428895
S00948,1,43.8849,3,1,0,1,92.7379,8.0,0.324411
S00949,0,33.432,4,0,1,1,79.8524,8.0,0.286819
S00950,0,35.2518,2,0,1,0,137.8473,8.0,0.286403
S00951,0,43.2209,6,0,1,1,177.0204,8.0,0.567614
S00952,0,47.4856,4,1,1,0,156.6185,8.0,0.679116
S00953,0,22.9048,1,0,0,1,127.3991,8.0,0.111491
S00954,0,38.431,1,1,1,1,121.224,8.0,0.351454
S00955,0,45.2669,2,1,1,1,140.6074,8.0,0.451068
S00956,0,30.3097,3,0,0,1,78.2944,8.0,0.145513
S00957,0,28.3604,1,0,1,1,104.1288,8.0,0.159062
S00958,0,39.348,3,1,0,1,104.6508,8.0,0.340269
S00959,0,39.8015,3,0,1,1,165.6198,8.0,0.332637
S00960,0,44.7825,3,1,1,0,135.8189,8.0,0.580521
S00961,1,46.1098,4,1,0,1,108.0794,8.0,0.415439
S00962,0,28.1017,3,0,0,1,94.1329,8.0,0.157732
S00963,0,41.2721,4,0,1,1,177.6394,8.0,0.419661
S00964,1,66.3178,7,1,1,0,173.6615,8.0,0.852201
S00965,0,38.125,3,0,1,0,138.6827,8.0,0.352538
S00966,0,31.1976,0,0,1,0,143.5036,8.0,0.185582
S00967,0,30.0809,2,0,0,1,99.0768,8.0,0.125041
S00968,1,45.8231,5,0,0,0,149.499,8.0,0.379186
S00969,1,48.907,5,1,0,1,114.4251,8.0,0.499138
S00970,0,31.6136,2,0,1,1,102.6642,8.0,0.201972
S00971,0,30.8896,2,0,1,1,119.4896,8.0,0.218733
S00972,0,31.9391,2,0,1,1,115.4828,8.0,0.214653
S00973,1,52.5427,3,1,1,1,101.81,8.0,0.46776
S00974,0,25.5964,2,0,0,0,90.4398,8.0,0.14838
S00975,1,48.3267,3,1,0,0,97.983,8.0,0.388861
S00976,0,31.7367,2,0,0,0,125.3197,8.0,0.176814
S00977,1,52.3763,4,1,0,1,134.5273,8.0,0.454418
S00978,1,53.419,3,1,1,1,106.5215,8.0,0.474804
S00979,0,32.6387,4,0,0,1,132.7278,8.0,0.241654
S00980,1,62.8114,5,1,1,0,151.1481,8.0,0.734366
S00981,1,52.4725,2,1,1,1,158.2646,8.0,0.477412
S00982,1,53.1149,2,1,1,1,114.2117,8.0,0.412236
S00983,0,41.4584,5,1,0,0,124.7327,8.0,0.576494
S00984,1,50.7798,4,1,0,0,120.1705,8.0,0.495256
S00985,0,31.6022,0,1,0,0,79.075,8.0,0.18762
S00986,0,32.7765,3,0,1,1,127.5633,8.0,0.284017
S00987,1,53.0044,3,1,1,1,138.4014,8.0,0.522587
S00988,1,44.4271,2,0,1,1,136.7611,8.0,0.236957
S00989,0,33.9181,3,0,1,1,111.6939,8.0,0.265059
S00990,0,25.2229,1,0,0,0,95.3417,8.0,0.117331
S00991,1,65.8559,7,1,1,0,170.2688,8.0,0.849619
S00992,0,40.8765,4,0,1,1,146.0126,8.0,0.374274
S00993,1,52.733,4,1,0,1,116.3478,8.0,0.427536
S00994,0,41.7532,2,1,1,1,103.9655,8.0,0.397425
S00995,0,37.9258,1,1,1,1,108.7466,8.0,0.334585
S00996,0,30.9092,4,0,0,0,91.7625,8.0,0.242426
S00997,1,55.9231,4,1,1,0,125.9767,8.0,0.637807
S00998,0,20.2522,1,0,0,1,70.8051,8.0,0.082023
S00999,0,32.6505,3,0,0,1,151.8799,8.0,0.209371
S01000,1,60.7781,5,1,1,1,200.5254,8.0,0.743293
S01001,0,38.4465,3,0,1,0,133.418,8.0,0.345361
S01002,0,39.6796,2,1,1,0,67.2558,8.0,0.404568
S01003,1,49.8389,1,1,1,1,149.3363,8.0,0.390793
S01004,1,65.9239,7,1,1,1,167.4802,8.0,0.812278
S01005,0,29.4509,1,0,0,0,145.0734,8.0,0.151928
S01006,1,60.729,5,1,1,0,147.1526,8.0,0.729663
S01007,1,54.0541,4,1,1,1,111.2282,8.0,0.556599
S01008,1,55.3933,3,1,1,0,161.0765,8.0,0.616911
S01009,0,34.1267,4,0,0,0,112.4119,8.0,0.265899
S01010,0,49.9528,5,1,1,1,153.43,8.0,0.685805
S01011,1,47.0158,3,0,1,1,168.9204,8.0,0.337048
S01012,1,58.2169,6,1,1,1,134.0478,8.0,0.723979
S01013,1,46.1805,4,0,1,1,180.7308,8.0,0.424185
S01014,0,39.9863,3,1,0,1,164.4412,8.0,0.424738
S01015,0,21.9495,1,0,0,1,96.4749,8.0,0.094392
S01016,0,36.9919,5,0,0,1,132.3797,8.0,0.300331
S01017,0,46.5355,3,1,1,1,142.687,8.0,0.528998
S01018,0,28.6026,4,0,0,1,88.0294,8.0,0.195947
S01019,0,38.4658,6,0,0,1,143.2143,8.0,0.382083
S01020,0,31.0447,4,0,0,1,92.7191,8.0,0.200418
S01021,1,52.5204,3,1,1,1,155.9422,8.0,0.548758
S01022,0,26.6973,2,0,0,1,113.6704,8.0,0.134939
S01023,0,25.7074,1,0,0,1,109.2902,8.0,0.101173
S01024,1,54.0111,5,0,1,0,159.6671,8.0,0.529466
S01025,0,43.5233,6,0,1,1,136.0715,8.0,0.506607
S01026,0,26.2286,1,0,0,1,121.4423,8.0,0.107999
S01027,0,37.9702,4,0,1,1,145.4904,8.0,0.37354
S01028,0,48.9665,3,1,1,1,155.8816,8.0,0.548668
S01029,1,35.5691,0,0,1,1,119.5179,8.0,0.133207
S01030,0,26.5177,1,0,1,0,98.8152,8.0,0.190447
S01031,0,26.3332,1,0,0,1,95.3416,8.0,0.093812
S01032,0,27.315,2,0,0,0,114.252,8.0,0.167355
S01033,0,35.9582,2,1,0,0,63.4595,8.0,0.27703
S01034,0,30.6767,3,0,0,1,99.2511,8.0,0.161855
S01035,1,36.3905,1,0,1,1,101.3657,8.0,0.156856
S01036,1,49.6821,5,0,1,0,127.2768,8.0,0.480924
S01037,1,42.9486,2,0,1,0,142.0861,8.0,0.291629
S01038,1,40.8505,1,1,0,1,72.2269,8.0,0.188982
S01039,1,58.8864,6,1,1,1,165.1966,8.0,0.759726
S01040,1,61.4729,7,1,1,0,135.1076,8.0,0.820633
S01041,0,34.6072,2,1,0,1,101.1525,8.0,0.27228
S01042,0,39.3776,0,1,1,1,120.0896,8.0,0.285067
S01043,0,28.0352,3,0,0,1,95.5747,8.0,0.158884
S01044,0,43.2888,5,0,1,0,144.7217,8.0,0.507082
S01045,0,24.361,1,0,0,0,103.8311,8.0,0.12271
S01046,0,34.426,1,1,0,1,107.5126,8.0,0.22358
S01047,0,44.9854,3,1,1,0,99.0138,8.0,0.525997
S01048,0,28.828,0,0,1,1,139.7406,8.0,0.147851
S01049,0,28.04,2,0,0,1,123.3863,8.0,0.14189
S01050,0,40.6616,4,0,1,0,152.0108,8.0,0.443262
S01051,0,35.1919,3,0,1,1,130.9522,8.0,0.28817
S01052,0,24.1576,2,0,0,1,87.813,8.0,0.117832
S01053,1,66.4663,7,1,1,0,183.3349,8.0,0.859363
S01054,1,62.3743,6,1,1,1,143.0348,8.0,0.734624
S01055,0,44.441,4,1,1,1,101.4448,8.0,0.542068
S01056,1,40.5627,2,0,1,0,103.5871,8.0,0.246294
S01057,1,42.6297,2,1,0,1,100.4837,8.0,0.271486
S01058,1,59.2086,4,1,1,0,121.6495,8.0,0.631788
S01059,0,31.8736,2,0,1,1,136.4773,8.0,0.23665
S01060,1,50.4943,4,0,1,0,174.1353,8.0,0.476221
S01061,1,59.4335,5,1,1,1,144.0969,8.0,0.673615
S01062,0,26.5501,3,0,0,1,109.4728,8.0,0.170348
S01063,1,53.8668,2,1,1,0,154.4002,8.0,0.534047
S01064,0,31.8707,2,0,0,1,165.0747,8.0,0.175151
S01065,1,42.3998,2,0,1,0,118.0062,8.0,0.262704
S01066,1,58.7717,4,1,1,0,138.1419,8.0,0.654494
S01067,1,48.4741,5,0,1,1,146.0452,8.0,0.44677
S01068,0,41.1838,2,1,1,1,93.4122,8.0,0.382364
S01069,0,35.2273,2,0,1,0,97.3482,8.0,0.239411
S01070,1,43.2523,3,1,0,1,92.6572,8.0,0.324305
S01071,1,39.1007,3,0,1,0,96.9976,8.0,0.297754
S01072,1,40.3742,2,0,1,1,105.4373,8.0,0.204667
S01073,1,55.1591,4,1,1,1,141.7969,8.0,0.601275
S01074,0,31.9382,5,0,0,1,120.7572,8.0,0.285885
S01075,1,51.3202,2,1,1,0,126.7614,8.0,0.492643
S01076,0,26.1045,1,0,1,1,69.356,8.0,0.133095
S01077,0,42.9828,4,1,0,1,158.2944,8.0,0.489943
S01078,0,37.0737,4,0,1,1,104.673,8.0,0.318221
S01079,0,31.3122,3,0,0,1,139.6799,8.0,0.197512
S01080,0,30.4748,2,0,1,0,121.6837,8.0,0.267
S01081,1,59.0642,5,1,1,0,140.0325,8.0,0.721154
S01082,0,18.5855,0,0,0,1,93.3854,8.0,0.070457
S01083,0,32.0035,2,0,1,0,124.848,8.0,0.270732
S01084,0,34.5745,2,0,1,1,125.5651,8.0,0.225027
S01085,1,54.0409,5,1,0,0,149.914,8.0,0.612892
S01086,1,64.1303,9,1,1,1,139.3242,8.0,0.869432
S01087,0,33.3408,5,0,0,1,147.9329,8.0,0.320298
S01088,0,40.4515,7,0,0,1,128.4012,8.0,0.433007
S01089,0,35.4518,2,1,0,1,109.3918,8.0,0.282185
S01090,0,41.4698,2,1,1,1,116.3712,8.0,0.415379
S01091,0,42.8495,4,0,1,0,179.0294,8.0,0.48355
S01092,0,27.3363,0,1,0,1,38.9335,8.0,0.123857
S01093,1,60.9277,6,1,1,1,121.7444,8.0,0.708986
S01094,0,39.8273,1,1,1,1,155.0795,8.0,0.399027
S01095,0,23.1488,1,0,0,0,63.3947,8.0,0.098889
S01096,0,36.1664,3,0,1,0,101.3071,8.0,0.303189
S01097,1,60.333,5,1,1,1,151.2111,8.0,0.682929
S01098,1,52.7904,2,1,1,1,126.99,8.0,0.430929
S01099,1,41.5648,4,0,0,0,134.0036,8.0,0.29194
S01100,0,34.6359,5,0,0,1,82.3026,8.0,0.241187
S01101,0,37.1043,4,0,1,1,143.5946,8.0,0.370883
S01102,1,57.6065,5,1,1,1,141.7668,8.0,0.670534
S01103,1,53.4596,3,1,1,0,114.8851,8.0,0.549663
S01104,0,32.9814,3,0,0,0,158.3577,8.0,0.261178
S01105,0,40.1452,3,0,1,1,190.766,8.0,0.366931
S01106,1,48.8709,3,1,0,0,88.0349,8.0,0.374774
S01107,0,26.3272,1,0,1,1,112.4459,8.0,0.165851
S01108,0,38.3622,4,1,0,1,76.2928,8.0,0.369994
S01109,0,47.2957,2,1,1,1,170.6413,8.0,0.495962
S01110,1,54.8007,4,1,0,0,182.6207,8.0,0.588005
S01111,0,23.6913,2,0,0,1,94.493,8.0,0.122063
S01112,0,35.4302,2,0,1,0,121.8559,8.0,0.267202
S01113,1,40.9347,3,0,0,0,122.4649,8.0,0.221799
S01114,0,46.0542,3,1,1,1,170.2094,8.0,0.569854
S01115,0,24.5038,2,0,0,1,55.396,8.0,0.099068
S01116,1,51.578,5,1,0,1,132.5103,8.0,0.526241
S01117,1,65.7726,7,1,1,0,172.4009,8.0,0.851246
S01118,1,59.3346,5,1,1,0,128.5706,8.0,0.707117
S01119,0,26.0175,1,0,1,1,73.1203,8.0,0.135723
S01120,0,24.0611,1,0,0,1,75.5792,8.0,0.084206
S01121,0,48.3653,3,1,1,1,157.9839,8.0,0.551789
S01122,1,54.8188,3,1,1,1,159.0707,8.0,0.553402
S01123,0,38.2001,3,0,1,1,172.5185,8.0,0.341889
S01124,0,25.1857,1,0,0,1,71.9205,8.0,0.082529
S01125,1,44.2071,4,0,1,1,104.8381,8.0,0.318435
S01126,0,24.9279,1,0,0,1,99.7733,8.0,0.096097
S01127,0,41.2442,3,1,0,0,148.0799,8.0,0.462192
S01128,0,36.3044,1,1,0,1,122.5321,8.0,0.239612
S01129,1,54.9773,4,1,1,1,129.8564,8.0,0.583981
S01130,0,27.1214,1,0,0,0,88.4558,8.0,0.11312
S01131,0,47.922,7,1,0,0,104.8319,8.0,0.687615
S01132,1,65.4105,7,1,1,1,161.606,8.0,0.806845
S01133,0,38.9194,3,0,1,1,135.4156,8.0,0.293695
S01134,0,42.2094,4,1,0,0,118.1334,8.0,0.492201
S01135,0,27.6535,1,0,0,0,129.0906,8.0,0.13998
S01136,1,48.7002,5,0,1,1,137.5373,8.0,0.43419
S01137,1,55.2084,4,1,0,0,161.5972,8.0,0.557145
S01138,1,43.523,5,0,0,0,99.1628,8.0,0.311091
S01139,0,49.5833,5,1,1,1,126.4755,8.0,0.649958
S01140,0,37.3389,3,1,0,1,133.3874,8.0,0.37997
S01141,0,33.7336,1,1,0,1,86.2524,8.0,0.202219
S01142,0,39.4076,1,1,1,1,101.695,8.0,0.325232
S01143,0,29.8907,1,0,1,0,119.8895,8.0,0.210708
S01144,0,28.3443,3,0,0,0,118.336,8.0,0.217553
S01145,0,24.7265,1,0,0,0,98.3529,8.0,0.119215
S01146,0,35.3245,3,0,1,1,187.7934,8.0,0.362798
S01147,1,49.7625,2,1,1,1,120.6359,8.0,0.421606
S01148,0,32.2351,4,0,0,1,141.1733,8.0,0.251061
S01149,1,40.9889,3,0,0,1,141.7036,8.0,0.199443
S01150,1,38.6291,2,0,0,0,119.4866,8.0,0.171778
S01151,1,61.8101,6,1,1,0,152.1808,8.0,0.789695
S01152,0,37.6372,0,1,1,1,104.3375,8.0,0.266203
S01153,1,56.1232,4,1,1,0,124.3722,8.0,0.63558
S01154,1,43.3171,4,0,1,1,159.3386,8.0,0.393179
S01155,1,55.2653,1,1,1,0,133.8365,8.0,0.428743
S01156,1,38.3466,3,0,0,0,118.53,8.0,0.217751
S01157,1,62.8853,6,1,1,1,178.1081,8.0,0.773582
S01158,0,34.2549,3,0,1,1,100.9601,8.0,0.252705
S01159,0,25.8206,3,0,0,1,80.0884,8.0,0.146857
S01160,1,41.7346,1,1,0,1,83.9931,8.0,0.20004
S01161,0,26.962,2,0,0,0,114.6147,8.0,0.167659
S01162,0,35.2677,1,1,0,1,89.2652,8.0,0.205151
S01163,1,34.4177,3,0,0,0,85.4492,8.0,0.185835
S01164,0,30.5155,2,0,1,1,127.373,8.0,0.226924
S01165,1,52.3203,3,1,1,1,146.0428,8.0,0.534012
S01166,0,45.6405,3,1,1,1,122.673,8.0,0.499009
S01167,0,38.2446,3,1,0,1,91.6199,8.0,0.322943
S01168,1,52.3657,4,1,0,0,111.6162,8.0,0.482432
S01169,0,23.7774,0,0,0,0,93.4965,8.0,0.088748
S01170,0,35.9622,3,0,1,0,113.8066,8.0,0.319263
S01171,0,24.7672,2,0,0,1,89.089,8.0,0.11863
S01172,0,25.6926,1,0,0,0,103.8433,8.0,0.122718
S01173,0,44.8493,3,1,1,1,132.8998,8.0,0.514346
S01174,0,21.4691,1,0,0,1,75.1011,8.0,0.083985
S01175,0,39.363,3,0,1,0,163.762,8.0,0.387596
S01176,1,45.0189,3,0,1,1,173.645,8.0,0.343411
S01177,1,45.3666,3,0,1,1,141.6971,8.0,0.301573
S01178,0,22.5485,0,0,0,0,113.534,8.0,0.098963
S01179,0,27.9487,2,0,0,1,109.3545,8.0,0.131945
S01180,0,34.0634,3,0,1,1,129.7796,8.0,0.286729
S01181,1,60.4475,5,1,1,0,148.8282,8.0,0.731642
S01182,1,46.2967,3,0,1,0,98.6822,8.0,0.299872
S01183,1,48.2803,4,0,1,0,168.9977,8.0,0.468538
S01184,1,48.0804,4,1,0,1,131.8957,8.0,0.450506
S01185,1,55.3323,6,0,1,1,193.4967,8.0,0.591696
S01186,0,35.0325,4,0,0,0,153.5389,8.0,0.316746
S01187,1,41.373,3,0,1,0,129.767,8.0,0.340426
S01188,0,28.1227,2,0,0,1,104.4388,8.0,0.128603
S01189,1,63.6244,8,1,1,1,171.6604,8.0,0.856923
S01190,0,45.183,5,1,0,0,137.8741,8.0,0.595619
S01191,0,30.1774,2,0,1,1,105.316,8.0,0.204549
S01192,1,41.0339,1,1,0,1,108.834,8.0,0.224959
S01193,0,43.2268,5,1,0,1,117.0346,8.0,0.503052
S01194,0,25.9472,2,0,0,0,132.3901,8.0,0.183074
S01195,1,55.6901,5,1,1,1,171.1927,8.0,0.708303
S01196,0,27.9953,2,0,0,0,117.9201,8.0,0.170445
S01197,0,35.035,3,0,1,1,137.2491,8.0,0.295982
S01198,0,35.6257,3,0,1,1,118.3398,8.0,0.2729
S01199,1,44.1434,3,0,1,1,152.065,8.0,0.314835
S01200,0,34.3878,3,0,1,1,103.8051,8.0,0.255942
S01201,1,45.8068,3,1,0,1,89.1519,8.0,0.319713
S01202,0,30.024,3,0,0,0,100.3871,8.0,0.199779
S01203,1,47.1874,4,0,1,0,146.3407,8.0,0.434883
S01204,1,42.7148,3,0,1,1,163.9274,8.0,0.330387
S01205,0,34.9843,2,0,1,0,100.0893,8.0,0.242419
S01206,0,32.1544,2,0,1,1,131.0702,8.0,0.230839
S01207,0,27.4984,3,0,0,1,81.8802,8.0,0.148209
S01208,1,57.3531,4,1,1,0,134.6075,8.0,0.649683
S01209,0,37.6462,2,0,1,0,119.2259,8.0,0.264124
S01210,1,45.2782,5,0,1,1,133.8513,8.0,0.428765
S01211,1,48.05,4,0,1,0,148.9664,8.0,0.438759
S01212,0,45.4467,4,1,0,0,146.4112,8.0,0.534562
S01213,1,54.5299,3,1,1,0,135.2531,8.0,0.579694
S01214,0,38.9289,1,1,1,0,88.1591,8.0,0.363306
S01215,0,36.043,1,1,0,1,117.786,8.0,0.234462
S01216,0,52.7833,6,1,1,1,124.7124,8.0,0.712647
S01217,0,22.6344,0,0,0,0,92.1956,8.0,0.088119
S01218,0,25.4895,1,0,0,0,100.8491,8.0,0.120797
S01219,0,24.7753,2,0,0,0,92.8016,8.0,0.15018
S01220,0,28.4697,0,0,1,0,118.8551,8.0,0.16426
S01221,0,31.5821,2,0,1,1,107.4667,8.0,0.206656
S01222,0,31.4458,3,0,0,0,155.6862,8.0,0.258097
S01223,1,47.1866,1,1,1,0,124.9659,8.0,0.41576
S01224,1,59.6426,5,1,1,1,181.3425,8.0,0.720724
S01225,1,47.218,3,1,0,0,108.2509,8.0,0.403598
S01226,1,51.7092,2,1,1,0,114.3588,8.0,0.474062
S01227,1,59.2225,7,1,0,0,145.0039,8.0,0.73692
S01228,0,37.2047,2,0,1,0,148.5678,8.0,0.299728
S01229,0,44.0893,6,0,1,0,155.6204,8.0,0.597178
S01230,0,26.7585,0,0,1,0,67.7086,8.0,0.126336
S01231,0,37.4082,1,1,1,1,94.9281,8.0,0.316386
S01232,0,35.3036,4,0,0,0,112.8368,8.0,0.266397
S01233,0,40.8754,5,0,1,1,161.9859,8.0,0.470513
S01234,0,17.1942,1,0,0,1,70.647,8.0,0.081952
S01235,1,35.7298,3,0,0,0,131.3339,8.0,0.23112
S01236,0,21.6759,0,0,0,0,82.8433,8.0,0.083713
S01237,1,42.1857,3,0,1,1,84.3282,8.0,0.234328
S01238,0,28.823,1,0,1,0,88.1538,8.0,0.180779
S01239,1,44.5201,2,0,1,0,119.3771,8.0,0.2643
S01240,0,30.79,1,0,1,0,85.2375,8.0,0.178202
S01241,0,42.1157,1,1,1,1,164.6552,8.0,0.412881
S01242,0,29.899,2,0,0,0,139.084,8.0,0.189157
S01243,1,55.4511,4,1,1,0,150.5409,8.0,0.671118
S01244,0,36.8996,3,1,0,1,85.5034,8.0,0.314971
S01245,0,40.5535,0,1,1,0,136.4254,8.0,0.360903
S01246,0,31.3091,1,1,0,1,82.7862,8.0,0.198884
S01247,1,48.0444,3,1,0,1,153.1221,8.0,0.408235
S01248,0,32.5668,2,0,1,0,108.72,8.0,0.252055
S01249,0,33.4554,1,0,1,1,141.3205,8.0,0.191224
S01250,0,38.2446,3,1,0,1,110.9613,8.0,0.34882
S01251,0,25.5401,2,0,0,1,119.7676,8.0,0.139267
S01252,1,46.9721,4,0,1,1,164.4457,8.0,0.400514
S01253,0,26.1864,3,0,0,1,71.1816,8.0,0.140287
S01254,1,37.7079,1,0,1,0,114.4001,8.0,0.205283
S01255,0,30.0833,1,0,1,1,111.0027,8.0,0.164656
S01256,1,51.8523,5,1,0,1,115.2713,8.0,0.500407
S01257,0,30.2456,3,0,0,1,129.6754,8.0,0.18817
S01258,1,44.758,0,1,1,1,105.6598,8.0,0.267755
S01259,0,38.0484,3,1,0,1,82.369,8.0,0.310928
S01260,0,23.6947,1,0,0,0,72.3914,8.0,0.103804
S01261,0,41.8432,3,1,0,0,121.6638,8.0,0.423111
S01262,0,25.6935,2,0,0,1,82.8175,8.0,0.114752
S01263,0,29.7162,2,0,0,0,125.4692,8.0,0.176945
S01264,0,39.202,2,1,1,1,113.2681,8.0,0.410865
S01265,1,48.0666,3,1,0,0,111.7807,8.0,0.408706
S01266,1,37.8429,3,0,0,0,128.4962,8.0,0.228108
S01267,0,38.8401,3,1,0,0,102.4051,8.0,0.395185
S01268,1,43.6361,4,0,1,1,139.436,8.0,0.36508
S01269,0,41.2239,3,1,0,0,118.9844,8.0,0.419191
S01270,0,25.7137,3,0,0,1,103.0408,8.0,0.164963
S01271,0,37.2475,4,0,1,0,141.4396,8.0,0.42767
S01272,1,48.9453,4,1,0,0,111.6466,8.0,0.482477
S01273,1,61.4073,7,1,1,1,136.5742,8.0,0.782355
S01274,0,24.177,1,0,0,0,31.0419,8.0,0.082887
S01275,0,32.6341,1,0,1,0,132.4552,8.0,0.22352
S01276,0,41.8315,1,1,1,1,118.8429,8.0,0.348204
S01277,0,23.415,2,0,0,1,73.9572,8.0,0.109461
S01278,0,32.1445,3,0,1,1,117.4535,8.0,0.271846
S01279,0,31.6184,3,0,1,1,81.0211,8.0,0.230787
S01280,0,30.094,2,0,0,1,97.612,8.0,0.124082
S01281,1,53.4956,7,0,1,1,174.3005,8.0,0.635481
S01282,0,34.292,2,1,0,1,103.0488,8.0,0.27454
S01283,0,31.2579,2,0,1,1,100.79,8.0,0.200166
S01284,1,52.8265,5,1,0,0,126.0124,8.0,0.578367
S01285,0,25.2147,1,0,0,0,68.9886,8.0,0.10192
S01286,0,23.8484,1,0,0,0,100.5632,8.0,0.120615
S01287,0,29.3282,2,0,0,0,89.3972,8.0,0.147592
S01288,0,42.1325,4,1,0,0,144.9936,8.0,0.532445
S01289,1,57.9151,5,1,1,1,159.2482,8.0,0.693278
S01290,0,26.277,2,0,0,1,108.4787,8.0,0.131344
S01291,0,36.2281,2,1,0,0,93.0664,8.0,0.313975
S01292,0,44.3912,3,1,1,0,91.7677,8.0,0.515147
S01293,0,47.9741,5,1,1,1,134.3487,8.0,0.660628
S01294,0,38.3907,4,0,1,1,133.7224,8.0,0.357171
S01295,0,48.0493,3,1,1,0,140.955,8.0,0.588006
S01296,0,25.6498,3,0,0,1,106.7446,8.0,0.168047
S01297,0,51.0828,4,1,1,0,159.5412,8.0,0.682925
S01298,1,56.9192,5,1,1,1,130.9849,8.0,0.656088
S01299,0,33.3566,3,0,1,1,131.8261,8.0,0.289247
S01300,0,33.3286,2,0,1,1,144.5542,8.0,0.245516
S01301,1,57.7897,4,1,1,0,164.8874,8.0,0.68983
S01302,0,35.9865,3,0,1,1,127.9772,8.0,0.284523
S01303,0,38.4684,4,0,1,1,144.3709,8.0,0.37197
S01304,1,52.7842,3,1,1,0,138.2636,8.0,0.584089
S01305,0,31.7648,4,0,0,0,125.055,8.0,0.280967
S01306,1,63.4932,5,1,1,0,132.7137,8.0,0.712239
S01307,1,44.6125,3,0,1,0,165.7002,8.0,0.39036
S01308,0,30.7417,4,0,0,0,103.5523,8.0,0.255653
S01309,0,48.2956,4,1,1,0,131.403,8.0,0.645294
S01310,0,20.6885,1,0,0,1,87.566,8.0,0.089921
S01311,1,39.7997,2,0,1,1,99.7576,8.0,0.199176
S01312,0,43.4289,4,1,0,0,142.4501,8.0,0.528644
S01313,0,47.1068,4,1,1,1,148.2707,8.0,0.61055
S01314,0,46.6863,2,1,1,0,108.1607,8.0,0.464799
S01315,0,36.2946,2,1,0,1,104.7216,8.0,0.276544
S01316,0,40.7558,2,1,1,0,109.2936,8.0,0.466491
S01317,1,39.3243,2,0,0,0,135.5123,8.0,0.185892
S01318,0,23.3754,1,0,0,1,116.0422,8.0,0.104917
S01319,0,27.7241,2,0,0,1,112.0292,8.0,0.133794
S01320,0,39.7668,4,0,1,0,126.9101,8.0,0.406479
S01321,0,40.2833,1,1,1,1,151.9437,8.0,0.394523
S01322,0,29.9605,1,0,1,0,110.5728,8.0,0.201562
S01323,0,31.5346,3,0,0,0,114.4745,8.0,0.213635
S01324,0,35.9201,3,0,1,0,122.9547,8.0,0.331309
S01325,1,46.3999,3,1,0,0,83.3155,8.0,0.368163
S01326,0,23.6036,1,0,0,1,134.1833,8.0,0.115587
S01327,1,33.1645,1,0,0,1,111.653,8.0,0.102469
S01328,0,32.0777,2,0,1,0,94.0003,8.0,0.235773
S01329,0,38.4656,5,0,1,1,153.0247,8.0,0.457143
S01330,0,33.9054,1,1,0,1,96.3827,8.0,0.212202
S01331,1,46.003,3,0,1,0,173.1011,8.0,0.400978
S01332,0,32.3591,1,1,0,0,89.7,8.0,0.249403
S01333,0,43.5791,4,1,0,0,126.7553,8.0,0.505133
S01334,0,26.4452,2,0,0,0,106.8597,8.0,0.161266
S01335,0,24.7043,2,0,0,1,86.9309,8.0,0.117283
S01336,1,55.0188,4,1,1,1,102.6268,8.0,0.543827
S01337,0,53.4692,4,1,1,0,156.4484,8.0,0.678893
S01338,1,41.3109,2,1,0,1,76.8925,8.0,0.244411
S01339,0,27.5878,2,0,0,1,104.0582,8.0,0.128347
S01340,0,38.5278,4,0,1,1,142.2854,8.0,0.369052
S01341,0,29.278,3,0,0,0,93.1232,8.0,0.192902
S01342,0,34.7304,3,0,1,0,106.6263,8.0,0.309974
S01343,0,28.4626,0,0,1,0,128.2102,8.0,0.172111
S01344,0,43.3881,5,1,0,0,107.1874,8.0,0.550607
S01345,1,54.243,7,1,0,1,115.0741,8.0,0.645758
S01346,0,43.3545,2,1,1,1,126.6191,8.0,0.430384
S01347,0,33.4801,2,0,1,1,155.0,8.0,0.257309
S01348,1,62.066,6,1,1,1,149.9065,8.0,0.742583
S01349,1,46.4206,4,0,1,0,120.812,8.0,0.397683
S01350,0,27.7835,2,0,0,0,85.8411,8.0,0.144927
S01351,1,52.3447,4,1,1,0,120.4341,8.0,0.63009
S01352,0,24.2392,1,0,0,0,74.9392,8.0,0.105235
S01353,1,36.2426,2,0,0,1,148.5933,8.0,0.16132
S01354,0,35.0432,2,1,0,1,104.8356,8.0,0.276681
S01355,0,35.0385,2,1,0,0,97.1118,8.0,0.319226
S01356,0,41.4826,1,1,1,1,130.3751,8.0,0.364068
S01357,0,36.5516,4,0,1,1,117.5509,8.0,0.335214
S01358,0,22.8037,0,0,0,0,56.6565,8.0,0.072422
S01359,1,47.903,4,0,1,0,146.8846,8.0,0.435685
S01360,1,53.8765,3,1,1,1,121.9595,8.0,0.497939
S01361,0,34.4919,1,0,1,0,135.2214,8.0,0.226414
S01362,1,61.1819,5,1,1,0,179.2002,8.0,0.765882
S01363,1,50.1474,3,1,0,0,102.9274,8.0,0.395934
S01364,1,48.7437,1,1,1,1,112.1274,8.0,0.339116
S01365,0,35.0394,2,0,1,1,145.2936,8.0,0.246338
S01366,0,33.8012,2,1,0,1,95.2274,8.0,0.265293
S01367,0,50.6419,9,1,0,1,133.6568,8.0,0.787838
S01368,1,43.7139,3,0,1,0,142.6277,8.0,0.357959
S01369,0,39.8453,5,0,1,1,136.6528,8.0,0.432887
S01370,0,39.1117,5,0,1,0,130.7292,8.0,0.486097
S01371,1,50.866,3,1,1,1,124.811,8.0,0.502216
S01372,0,33.9051,0,1,0,0,110.078,8.0,0.21763
S01373,0,34.0772,3,0,0,0,172.4239,8.0,0.277789
S01374,1,55.686,6,1,0,1,120.9869,8.0,0.5832
S01375,0,32.2662,2,0,0,0,173.2261,8.0,0.222589
S01376,0,37.3793,1,1,1,0,72.363,8.0,0.341679
S01377,0,31.5991,2,0,1,1,134.5981,8.0,0.234619
S01378,1,45.6952,2,0,1,0,114.8102,8.0,0.259007
S01379,0,35.4266,5,0,0,1,108.4964,8.0,0.271105
S01380,0,25.7827,2,0,0,0,86.3063,8.0,0.145274
S01381,0,46.3062,3,1,1,0,121.8602,8.0,0.56
S01382,1,58.1845,5,1,1,1,127.7387,8.0,0.65168
S01383,0,48.6168,6,1,0,1,153.0567,8.0,0.629096
S01384,0,40.4122,4,0,1,1,178.7461,8.0,0.421279
S01385,0,46.3669,3,1,1,1,147.422,8.0,0.53607
S01386,0,33.9822,3,0,1,0,90.2763,8.0,0.289391
S01387,0,33.6985,1,1,0,0,90.3652,8.0,0.250151
S01388,0,35.6825,3,0,1,1,137.6514,8.0,0.296485
S01389,0,46.0849,5,1,1,1,91.8752,8.0,0.601388
S01390,1,50.091,3,1,1,1,97.9619,8.0,0.462016
S01391,0,29.9125,2,0,0,0,125.5959,8.0,0.177056
S01392,1,40.3109,2,0,0,0,125.263,8.0,0.176765
S01393,0,51.2305,8,0,1,0,173.5356,8.0,0.750487
S01394,1,51.5479,4,1,0,0,132.9321,8.0,0.514394
S01395,0,40.0259,5,0,0,1,170.2867,8.0,0.350173
S01396,0,38.8258,3,1,0,1,106.8687,8.0,0.343263
S01397,0,41.7116,4,1,0,1,110.6032,8.0,0.419122
S01398,1,53.5026,2,1,1,0,137.7815,8.0,0.509171
S01399,0,34.1138,2,0,1,0,135.7834,8.0,0.283879
S01400,0,26.5451,1,0,0,0,129.0152,8.0,0.139926
S01401,0,25.9993,1,0,0,0,126.1257,8.0,0.137852
S01402,1,46.2369,3,1,0,0,84.6099,8.0,0.369971
S01403,0,33.1097,2,1,0,0,83.4999,8.0,0.301745
S01404,0,29.6952,4,0,0,0,115.8155,8.0,0.269905
S01405,0,26.3419,2,0,0,1,68.0585,8.0,0.106059
S01406,0,39.1924,4,1,0,0,85.0486,8.0,0.442824
S01407,0,30.9139,2,0,1,1,100.4656,8.0,0.199854
S01408,0,37.3294,1,1,0,1,113.1242,8.0,0.229479
S01409,0,40.5396,0,1,1,1,134.5933,8.0,0.303129
S01410,0,35.1391,2,1,0,1,102.5475,8.0,0.273942
S01411,0,45.0312,4,1,1,1,120.2763,8.0,0.569953
S01412,0,33.786,3,0,0,0,113.1345,8.0,0.212287
S01413,0,34.0632,2,0,1,1,141.4357,8.0,0.242066
S01414,1,45.5958,3,1,0,1,81.5611,8.0,0.30989
S01415,0,27.6756,1,0,1,1,132.2101,8.0,0.182912
S01416,1,50.2603,5,0,1,0,177.6853,8.0,0.556288
S01417,1,38.9251,2,0,1,1,128.1113,8.0,0.227702
S01418,1,47.5487,2,1,1,1,126.3263,8.0,0.429953
S01419,0,27.8008,1,0,1,1,70.985,8.0,0.134227
S01420,0,48.0096,7,0,1,0,195.068,8.0,0.717158
S01421,1,42.7726,4,0,1,1,117.3566,8.0,0.334955
S01422,1,62.6963,6,1,1,0,159.7468,8.0,0.797135
S01423,0,29.8572,4,0,0,1,109.6122,8.0,0.217154
S01424,0,25.5857,2,0,0,0,92.785,8.0,0.150167
S01425,0,39.5685,1,1,0,0,111.6561,8.0,0.274868
S01426,1,43.6018,2,0,1,1,124.2028,8.0,0.223605
S01427,0,37.5656,2,1,0,1,128.9526,8.0,0.306553
S01428,0,29.576,3,0,0,1,118.9625,8.0,0.178547
S01429,0,32.9905,1,1,0,1,67.5185,8.0,0.18469
S01430,1,65.8178,7,1,1,0,155.7082,8.0,0.838112
S01431,1,51.7755,3,1,1,0,130.2806,8.0,0.572408
S01432,0,39.8599,3,1,0,0,95.3397,8.0,0.385099
S01433,0,38.3427,0,1,1,1,105.2417,8.0,0.267264
S01434,1,65.338,8,1,1,0,156.1375,8.0,0.8751
S01435,1,56.7768,3,1,1,0,149.2104,8.0,0.599951
S01436,1,65.1534,8,1,1,1,169.0905,8.0,0.855022
S01437,1,58.6055,5,1,1,1,139.5154,8.0,0.667543
S01438,0,32.7137,2,0,1,1,139.3386,8.0,0.239765
S01439,0,46.5961,4,1,1,1,121.8566,8.0,0.572275
S01440,1,56.2573,4,1,1,1,165.1034,8.0,0.63428
S01441,0,35.4196,2,1,0,0,107.6628,8.0,0.333139
S01442,0,19.0067,0,0,0,1,49.8703,8.0,0.05516
S01443,0,38.1136,5,0,0,0,167.4583,8.0,0.404861
S01444,0,46.4917,4,1,1,1,138.335,8.0,0.596285
S01445,1,33.5362,1,0,0,0,103.0429,8.0,0.122202
S01446,0,34.6394,2,0,1,1,128.7982,8.0,0.228428
S01447,0,32.8594,4,0,0,1,117.2198,8.0,0.225014
S01448,1,37.8305,1,0,1,0,82.8103,8.0,0.17608
S01449,0,43.6262,4,0,1,0,151.1222,8.0,0.441946
S01450,0,32.4896,3,0,1,0,107.8316,8.0,0.311523
S01451,0,49.0535,4,1,1,1,138.0861,8.0,0.595926
S01452,1,52.2496,3,1,1,1,120.0124,8.0,0.495019
S01453,0,25.2856,1,0,1,1,87.7258,8.0,0.146334
S01454,0,38.3284,1,1,1,1,109.9297,8.0,0.336167
S01455,1,41.3292,3,0,1,0,80.5705,8.0,0.277564
S01456,1,39.7181,2,0,1,1,92.816,8.0,0.192615
S01457,0,42.2658,4,1,0,1,122.8325,8.0,0.437084
S01458,0,23.5499,0,0,0,1,65.3063,8.0,0.060191
S01459,0,35.7013,6,0,0,1,137.8057,8.0,0.374452
S01460,0,34.4569,3,0,1,0,97.6053,8.0,0.298517
S01461,0,33.9256,2,0,1,1,112.2481,8.0,0.211399
S01462,0,36.0242,1,1,0,1,155.3715,8.0,0.277325
S01463,0,29.1705,2,0,0,1,86.5213,8.0,0.117029
S01464,0,25.4337,3,0,0,0,81.8908,8.0,0.182626
S01465,0,43.5429,4,1,0,1,110.5649,8.0,0.419066
S01466,1,39.2846,0,0,1,0,147.454,8.0,0.189191
S01467,0,32.0823,1,1,0,1,60.7057,8.0,0.178614
S01468,0,28.6191,1,0,1,0,119.7914,8.0,0.21061
S01469,0,29.4086,1,0,1,1,107.4578,8.0,0.161752
S01470,0,40.3419,2,1,0,0,123.1544,8.0,0.354098
S01471,1,55.3147,2,1,1,0,142.9617,8.0,0.516936
S01472,0,24.5558,1,0,0,0,65.777,8.0,0.10017
S01473,0,29.0367,3,0,0,1,109.352,8.0,0.170246
S01474,0,24.6431,0,0,1,1,83.8814,8.0,0.110395
S01475,0,49.1644,4,1,1,1,170.7542,8.0,0.642108
S01476,0,32.6506,4,0,0,0,100.0204,8.0,0.251641
S01477,0,29.3135,0,1,0,1,79.3905,8.0,0.15269
S01478,0,39.6666,5,0,1,1,172.8111,8.0,0.48672
S01479,0,30.7157,2,0,1,0,101.5491,8.0,0.244031
S01480,0,42.1042,5,1,0,1,100.8589,8.0,0.478801
S01481,0,41.7341,3,1,1,1,105.6946,8.0,0.473566
S01482,1,39.2531,1,0,1,0,116.1108,8.0,0.206962
S01483,1,51.7698,6,0,1,1,168.2605,8.0,0.554671
S01484,1,57.1979,6,1,0,0,134.1251,8.0,0.660327
S01485,0,45.4062,6,1,0,1,125.2097,8.0,0.589345
S01486,1,49.5629,4,1,0,1,141.3799,8.0,0.464629
S01487,0,41.7315,5,0,1,0,138.2268,8.0,0.49734
S01488,0,25.0611,1,0,0,0,111.3276,8.0,0.127635
S01489,0,56.0443,6,1,1,1,151.8428,8.0,0.744798
S01490,0,27.0493,2,0,0,0,81.3155,8.0,0.141595
S01491,0,40.259,4,0,1,0,132.9092,8.0,0.415191
S01492,0,27.5589,2,0,0,1,105.7499,8.0,0.129487
S01493,1,61.0167,5,1,1,1,193.5836,8.0,0.735265
S01494,0,41.4927,2,1,1,0,79.4564,8.0,0.422319
S01495,1,40.8327,2,1,0,0,57.5353,8.0,0.269967
S01496,0,27.751,2,0,0,0,98.149,8.0,0.154321
S01497,0,22.7953,1,0,0,1,101.5936,8.0,0.09705
S01498,0,44.8315,1,1,1,0,127.3702,8.0,0.419268
S01499,1,48.8199,3,1,0,1,118.6539,8.0,0.359375
S01500,1,52.2623,4,1,1,1,124.5325,8.0,0.5762
S01501,0,30.2894,2,0,1,1,127.309,8.0,0.226857
S01502,1,44.7168,2,1,0,1,80.9745,8.0,0.248963
S01503,0,36.5422,1,1,0,1,114.7385,8.0,0.231196
S01504,1,53.4642,3,1,1,1,147.3136,8.0,0.535908
S01505,0,31.0497,0,0,1,0,95.1369,8.0,0.145644
S01506,1,57.1211,4,1,1,1,142.0712,8.0,0.60167
S01507,0,35.0372,3,1,0,1,79.9495,8.0,0.307826
S01508,0,46.2728,3,1,1,0,126.4893,8.0,0.566832
S01509,1,50.3215,4,1,0,1,144.2749,8.0,0.468952
S01510,1,53.2977,6,0,1,1,177.5256,8.0,0.568358
S01511,0,33.9068,1,1,0,1,67.7074,8.0,0.184861
S01512,1,42.0398,4,0,0,0,101.6034,8.0,0.253434
S01513,1,70.0003,9,1,1,1,191.7355,8.0,0.901181
S01514,1,36.2832,1,0,1,1,153.652,8.0,0.202929
S01515,1,42.761,2,1,0,0,121.9068,8.0,0.352388
S01516,0,40.3314,1,1,1,0,66.2941,8.0,0.333536
S01517,1,45.037,4,0,1,0,126.4917,8.0,0.405874
S01518,1,54.0001,3,1,1,1,121.2346,8.0,0.496852
S01519,1,43.3144,2,0,1,0,123.4899,8.0,0.269126
S01520,1,44.6274,1,1,0,0,106.8688,8.0,0.26918
S01521,0,33.846,4,0,0,0,114.9454,8.0,0.268877
S01522,0,32.7076,1,0,1,1,157.6153,8.0,0.206802
S01523,1,60.6857,5,1,1,0,142.1306,8.0,0.723679
S01524,0,31.7719,5,0,0,1,140.402,8.0,0.310542
S01525,1,31.0773,1,0,0,1,103.9132,8.0,0.098277
S01526,0,45.795,6,1,0,1,158.6469,8.0,0.636888
S01527,1,48.2047,4,1,0,1,103.4794,8.0,0.408753
S01528,0,27.159,0,0,1,1,125.8478,8.0,0.137654
S01529,0,30.548,4,0,0,1,119.6234,8.0,0.227539
S01530,1,61.202,5,1,1,0,168.9551,8.0,0.75468
S01531,1,60.1021,5,1,1,0,119.8645,8.0,0.696183
S01532,1,36.8045,3,0,1,1,88.8275,8.0,0.239206
S01533,0,27.3715,2,0,0,0,80.9646,8.0,0.141339
S01534,0,31.0319,1,0,1,0,105.2949,8.0,0.196513
S01535,0,36.3978,0,1,1,0,92.5575,8.0,0.302662
S01536,1,57.0081,7,1,0,1,146.1339,8.0,0.687144
S01537,1,40.4422,4,0,0,0,140.5188,8.0,0.300086
S01538,1,45.1974,3,0,1,1,144.1433,8.0,0.304674
S01539,0,19.8537,0,0,0,1,76.2609,8.0,0.064018
S01540,0,32.444,2,0,1,1,144.3341,8.0,0.245271
S01541,0,41.8828,2,1,1,0,90.3948,8.0,0.438407
S01542,1,54.5718,3,1,1,1,135.6952,8.0,0.518534
S01543,0,47.0093,3,1,1,1,182.1214,8.0,0.587279
S01544,0,39.1228,1,1,1,0,83.611,8.0,0.357017
S01545,0,30.6182,3,0,0,0,97.0235,8.0,0.196572
S01546,1,56.0912,4,1,1,0,114.4715,8.0,0.621714
S01547,1,48.8156,5,0,1,0,155.0205,8.0,0.522516
S01548,0,45.384,6,1,0,1,119.3277,8.0,0.580778
S01549,0,36.6211,4,0,1,0,136.9998,8.0,0.421163
S01550,0,27.066,2,0,0,0,101.8576,8.0,0.157247
S01551,1,56.4701,3,1,1,1,150.1501,8.0,0.540139
S01552,0,24.4532,0,0,1,1,80.9241,8.0,0.108665
S01553,0,43.8016,3,1,1,1,103.6832,8.0,0.470559
S01554,0,33.8113,3,0,0,0,119.9956,8.0,0.219253
S01555,0,41.431,4,1,0,1,136.7674,8.0,0.457752
S01556,1,43.65,3,0,1,0,148.684,8.0,0.366353
S01557,0,32.48,3,0,0,0,136.5517,8.0,0.23673
S01558,0,34.3521,1,1,0,0,106.9762,8.0,0.269307
S01559,0,40.9189,3,1,0,0,97.4643,8.0,0.388122
S01560,1,50.4006,3,1,0,0,149.2701,8.0,0.463968
S01561,0,36.1289,2,1,0,1,117.423,8.0,0.292047
S01562,0,42.26,1,1,1,1,128.4079,8.0,0.36134
S01563,0,45.9885,4,1,0,0,110.1283,8.0,0.480203
S01564,0,23.2508,0,0,0,0,103.2905,8.0,0.093616
S01565,1,38.8932,2,0,1,1,114.5474,8.0,0.213708
S01566,0,39.9759,5,0,1,1,164.9086,8.0,0.474884
S01567,1,57.4585,7,1,0,1,158.1065,8.0,0.702376
S01568,1,34.8291,2,0,0,0,105.0063,8.0,0.159767
S01569,0,48.9611,4,1,1,1,147.514,8.0,0.60947
S01570,1,37.6636,0,0,1,0,116.9424,8.0,0.16269
S01571,0,37.0425,3,0,1,0,132.1226,8.0,0.343606
S01572,0,37.2143,4,0,1,0,126.2834,8.0,0.405572
S01573,1,57.8819,5,1,1,0,169.602,8.0,0.755398
S01574,1,52.808,3,1,1,1,119.9888,8.0,0.494983
S01575,0,49.5528,6,1,1,1,136.9543,8.0,0.727451
S01576,0,28.4014,2,0,0,1,162.9247,8.0,0.173295
S01577,1,62.0963,5,1,1,0,153.5149,8.0,0.737127
S01578,0,44.0447,2,1,1,1,79.6634,8.0,0.36308
S01579,0,28.5049,3,0,0,0,92.8655,8.0,0.192662
S01580,0,40.0481,1,1,1,1,132.7274,8.0,0.367342
S01581,0,38.7463,4,1,0,1,91.1549,8.0,0.39101
S01582,0,29.1687,3,0,0,1,102.8747,8.0,0.164826
S01583,0,39.3439,4,0,1,0,144.1779,8.0,0.431697
S01584,0,49.9054,6,0,1,0,166.6392,8.0,0.612975
S01585,1,46.7283,3,1,0,0,64.4833,8.0,0.342291
S01586,0,27.1186,3,0,0,0,54.4952,8.0,0.159356
S01587,1,47.3814,2,1,0,0,110.8769,8.0,0.337437
S01588,0,35.6906,2,1,0,0,76.6202,8.0,0.29312
S01589,0,35.4283,1,0,1,0,151.3614,8.0,0.243823
S01590,0,22.6846,1,0,0,1,44.2979,8.0,0.070817
S01591,0,29.4309,2,0,0,0,131.8884,8.0,0.182624
S01592,0,40.4442,4,1,0,1,97.3607,8.0,0.399911
S01593,1,60.6537,7,1,1,1,152.2184,8.0,0.797914
S01594,0,34.2446,3,0,1,0,123.9265,8.0,0.332602
S01595,0,36.7628,3,0,1,1,128.4492,8.0,0.2851
S01596,1,52.3062,5,1,0,0,137.0739,8.0,0.594462
S01597,1,50.9227,2,1,1,1,120.8041,8.0,0.421852
S01598,0,33.6913,5,0,0,1,99.5676,8.0,0.26065
S01599,0,27.1795,2,0,0,0,74.2453,8.0,0.136517
S01600,1,43.2981,3,1,0,1,125.5271,8.0,0.368924
S01601,0,23.2878,2,0,0,1,132.3963,8.0,0.1486
S01602,0,41.2968,2,1,1,1,88.6121,8.0,0.375586
S01603,0,48.0275,4,1,1,1,133.9396,8.0,0.589921
S01604,0,44.9288,3,1,1,1,133.1952,8.0,0.514788
S01605,0,36.1862,3,1,0,1,104.5253,8.0,0.3401
S01606,0,41.0445,4,1,0,1,107.536,8.0,0.414648
S01607,0,24.3924,2,0,0,1,90.5597,8.0,0.119556
S01608,0,28.9964,3,0,0,1,126.8107,8.0,0.185558
S01609,0,25.9915,2,0,0,1,96.7594,8.0,0.123527
S01610,1,56.4581,4,1,1,1,131.1749,8.0,0.585902
S01611,1,46.3624,5,1,0,1,88.6758,8.0,0.460596
S01612,0,23.9665,3,0,0,1,66.4421,8.0,0.136892
S01613,1,50.0555,4,0,1,0,161.7145,8.0,0.457673
S01614,0,22.8315,2,0,0,1,134.3222,8.0,0.150068
S01615,0,26.6547,1,0,0,0,143.8963,8.0,0.15102
S01616,0,35.9211,4,0,1,1,138.6724,8.0,0.364018
S01617,1,54.0115,3,1,1,0,115.8358,8.0,0.551075
S01618,0,23.6458,2,0,0,1,96.7649,8.0,0.123531
S01619,1,48.6116,3,1,0,0,114.9124,8.0,0.413255
S01620,0,44.6646,3,1,1,0,130.8423,8.0,0.573233
S01621,0,31.5664,1,0,1,1,59.8018,8.0,0.126619
S01622,1,44.5934,3,0,1,0,112.9794,8.0,0.318185
S01623,0,34.8924,3,0,1,1,147.2186,8.0,0.308597
S01624,0,37.6881,0,1,1,0,107.0775,8.0,0.321359
S01625,0,41.7569,4,1,0,1,132.4404,8.0,0.451315
S01626,1,39.4388,3,0,0,0,123.4803,8.0,0.222853
S01627,0,28.6151,2,0,0,0,114.8978,8.0,0.167896
S01628,0,36.663,2,1,0,1,87.9666,8.0,0.256889
S01629,0,45.8441,6,1,0,0,123.9058,8.0,0.646442
S01630,0,41.199,2,1,1,1,97.6598,8.0,0.3884
S01631,1,59.7432,6,1,1,1,141.485,8.0,0.732807
S01632,0,47.7345,6,1,0,1,123.7102,8.0,0.587166
S01633,0,30.6505,4,0,0,1,126.1767,8.0,0.234524
S01634,0,34.2022,2,0,1,1,142.533,8.0,0.243276
S01635,1,65.7158,7,1,1,0,150.6402,8.0,0.833944
S01636,0,38.9287,4,0,1,0,128.8622,8.0,0.409308
S01637,0,39.0579,0,1,1,0,101.8,8.0,0.314492
S01638,1,71.8041,7,1,1,0,216.6561,8.0,0.881836
S01639,1,55.2957,4,1,1,0,131.7155,8.0,0.645723
S01640,1,34.4167,1,0,0,0,73.4106,8.0,0.104375
S01641,0,28.6193,3,0,0,0,109.5114,8.0,0.208675
S01642,0,43.8735,3,1,1,1,120.8202,8.0,0.49623
S01643,1,48.9881,4,0,1,0,147.8384,8.0,0.437093
S01644,0,21.3861,0,0,0,1,49.0057,8.0,0.05489
S01645,0,26.9121,1,0,0,0,88.5845,8.0,0.113197
S01646,1,51.2886,3,1,1,1,139.9978,8.0,0.524976
S01647,0,36.4519,0,1,1,0,78.2079,8.0,0.284805
S01648,1,41.2448,2,1,0,0,84.8555,8.0,0.303462
S01649,1,54.2742,4,1,1,1,139.8722,8.0,0.598503
S01650,0,33.3832,2,1,0,1,100.504,8.0,0.27151
S01651,0,48.7633,7,1,0,0,136.8963,8.0,0.727381
S01652,0,49.7439,5,1,1,1,123.0736,8.0,0.6453
S01653,1,56.5856,3,1,1,0,167.0238,8.0,0.625309
S01654,1,31.8128,1,0,0,0,90.3395,8.0,0.114258
S01655,0,31.7368,0,1,0,1,90.3993,8.0,0.161433
S01656,1,47.7386,6,0,1,1,147.8204,8.0,0.524212
S01657,1,49.6595,4,1,0,0,121.2345,8.0,0.496852
S01658,1,46.6244,4,1,0,1,105.946,8.0,0.412334
S01659,0,35.3619,4,0,0,0,149.965,8.0,0.312124
S01660,0,41.4939,5,0,1,0,149.2271,8.0,0.513837
S01661,0,47.7864,4,1,1,1,142.1821,8.0,0.601829
S01662,0,36.7535,2,0,1,1,146.8282,8.0,0.248052
S01663,0,25.5131,2,0,0,1,136.3279,8.0,0.15161
S01664,0,49.2404,5,1,1,1,128.7876,8.0,0.653107
S01665,0,43.0162,2,1,1,1,121.7362,8.0,0.423217
S01666,1,49.582,2,1,1,0,88.5094,8.0,0.435623
S01667,0,24.4185,2,0,0,1,86.817,8.0,0.117212
S01668,1,35.0595,0,0,1,0,120.3576,8.0,0.165501
S01669,1,53.7676,3,1,1,0,120.8574,8.0,0.558517
S01670,0,38.1802,6,0,0,1,127.1998,8.0,0.359669
S01671,1,40.5595,0,0,1,1,152.092,8.0,0.157434
S01672,0,27.3639,0,0,1,1,106.9279,8.0,0.124724
S01673,0,48.9361,4,1,1,0,143.4449,8.0,0.661653
S01674,1,58.7529,4,1,1,0,148.619,8.0,0.668568
S01675,1,47.731,3,0,1,1,171.6099,8.0,0.340663
S01676,0,37.0036,3,0,1,0,136.4136,8.0,0.349436
S01677,1,51.9076,4,1,0,1,157.5267,8.0,0.488792
S01678,1,57.5018,2,1,1,0,137.7381,8.0,0.509106
S01679,0,33.847,4,0,0,1,156.4015,8.0,0.268629
S01680,1,56.533,4,1,1,0,107.5082,8.0,0.611839
S01681,1,52.272,6,1,0,1,111.0041,8.0,0.568571
S01682,0,35.8442,4,0,0,0,157.0975,8.0,0.321385
S01683,0,30.3631,1,1,0,1,104.1929,8.0,0.220141
S01684,1,50.7019,4,1,0,0,100.6964,8.0,0.466097
S01685,1,43.3465,2,0,1,0,111.9221,8.0,0.255695
S01686,1,46.7915,1,1,1,1,115.6157,8.0,0.343822
S01687,0,30.1008,4,0,0,0,112.6042,8.0,0.266125
S01688,0,39.4633,2,1,0,1,112.7898,8.0,0.286333
S01689,0,54.4368,7,1,1,1,144.5734,8.0,0.790417
S01690,0,31.014,2,0,1,1,157.008,8.0,0.259619
S01691,1,53.9366,3,1,1,1,141.6887,8.0,0.527505
S01692,0,29.7549,3,0,0,0,135.7518,8.0,0.235864
S01693,0,35.0668,3,0,0,0,135.8713,8.0,0.235993
S01694,1,54.1271,4,1,1,1,118.9481,8.0,0.567998
S01695,1,66.9779,7,1,1,1,170.9942,8.0,0.815472
S01696,0,29.8299,2,0,0,0,93.133,8.0,0.150434
S01697,0,37.5786,3,1,0,1,118.7851,8.0,0.359557
S01698,1,43.6594,2,0,1,0,139.6477,8.0,0.288616
S01699,1,51.8403,3,1,1,0,121.8811,8.0,0.560031
S01700,0,26.6296,2,0,0,1,88.5255,8.0,0.118277
S01701,0,48.6547,3,1,1,0,139.0481,8.0,0.585232
S01702,0,26.2533,1,0,0,1,107.0481,8.0,0.099956
S01703,0,61.8424,8,1,1,0,208.8808,8.0,0.90579
S01704,0,27.1841,2,0,0,1,87.7221,8.0,0.117775
S01705,0,40.2082,3,1,0,1,110.6775,8.0,0.348433
S01706,1,48.6255,3,1,0,1,105.1358,8.0,0.340923
S01707,1,57.7834,9,1,0,1,165.8191,8.0,0.818306
S01708,0,37.3827,2,1,0,0,107.7439,8.0,0.333247
S01709,0,28.7686,1,0,1,1,133.9866,8.0,0.184511
S01710,1,58.5463,5,1,1,1,133.0001,8.0,0.658811
S01711,0,49.931,5,1,1,0,150.0522,8.0,0.733081
S01712,1,48.2417,4,0,1,1,171.6162,8.0,0.410886
S01713,0,31.1592,2,0,1,1,120.311,8.0,0.219577
S01714,0,34.6336,1,1,0,1,110.8694,8.0,0.227096
S01715,1,48.5373,3,1,0,1,115.1846,8.0,0.354597
S01716,1,54.5437,2,1,1,1,150.3669,8.0,0.465605
S01717,0,38.3957,5,0,1,1,118.4582,8.0,0.406308
S01718,1,41.0049,3,0,1,0,105.5999,8.0,0.308658
S01719,0,40.099,3,1,0,0,102.757,8.0,0.39569
S01720,0,47.0928,4,1,1,1,153.401,8.0,0.617844
S01721,1,53.4687,6,1,0,1,116.9061,8.0,0.577236
S01722,0,32.3323,3,0,0,0,124.158,8.0,0.223558
S01723,0,35.9217,3,0,1,1,126.9022,8.0,0.283212
S01724,0,31.7216,2,0,1,1,120.1241,8.0,0.219385
S01725,1,51.7915,3,1,1,1,127.8227,8.0,0.506734
S01726,0,37.292,3,0,1,1,132.6618,8.0,0.290279
S01727,0,43.8153,4,0,1,0,169.76,8.0,0.469677
S01728,1,49.9949,1,1,1,0,145.3604,8.0,0.445755
S01729,1,63.5492,5,1,1,0,147.212,8.0,0.729734
S01730,0,30.7473,3,0,0,1,126.1932,8.0,0.184999
S01731,1,44.3477,3,1,0,0,81.7637,8.0,0.366
S01732,1,47.1496,3,1,0,0,136.813,8.0,0.445438
S01733,0,32.1693,2,0,1,1,92.5629,8.0,0.192379
S01734,0,27.2947,1,0,0,0,125.5263,8.0,0.137425
S01735,0,44.6882,4,1,1,1,153.3713,8.0,0.617802
S01736,1,33.719,3,0,0,1,83.5084,8.0,0.149446
S01737,1,46.5277,1,1,1,0,83.142,8.0,0.356371
S01738,1,53.9944,5,1,0,1,135.942,8.0,0.531372
S01739,1,48.9412,5,0,1,1,116.0716,8.0,0.402858
S01740,1,60.1488,8,1,0,1,160.0324,8.0,0.76318
S01741,1,57.5281,6,1,0,0,170.866,8.0,0.707898
S01742,0,43.0931,2,1,1,1,122.9883,8.0,0.425052
S01743,0,22.9593,0,0,0,0,81.2575,8.0,0.082986
S01744,1,39.6353,1,0,1,1,118.391,8.0,0.170844
S01745,0,28.6443,2,0,0,1,112.3415,8.0,0.134011
S01746,1,45.7035,1,1,1,1,110.906,8.0,0.337476
S01747,0,42.0126,3,1,0,1,152.7727,8.0,0.407728
S01748,0,42.6183,3,1,0,1,135.6244,8.0,0.383137
S01749,0,38.5116,4,1,0,1,86.7657,8.0,0.384757
S01750,0,36.6467,4,0,1,1,128.0088,8.0,0.349339
S01751,1,44.0147,4,0,0,0,128.6877,8.0,0.285391
S01752,1,56.7903,4,1,1,0,119.5623,8.0,0.62887
S01753,1,42.7217,3,0,1,1,141.068,8.0,0.300779
S01754,0,31.7474,2,0,1,1,131.9005,8.0,0.231725
S01755,1,57.1859,4,1,1,0,175.9218,8.0,0.703815
S01756,0,42.9243,2,1,1,0,120.8734,8.0,0.483816
S01757,0,32.2135,3,0,0,0,101.9406,8.0,0.201273
S01758,1,53.938,3,1,1,1,176.8683,8.0,0.579619
S01759,1,46.4098,3,1,0,0,89.5835,8.0,0.376954
S01760,1,55.2507,6,1,0,1,149.2329,8.0,0.623727
S01761,1,44.6025,4,0,1,1,120.186,8.0,0.338747
S01762,0,24.9892,2,0,0,1,81.3281,8.0,0.113847
S01763,1,46.6341,3,1,0,1,128.0558,8.0,0.372463
S01764,0,31.0548,5,0,0,0,79.7973,8.0,0.286751
S01765,0,24.6422,1,0,0,0,77.1393,8.0,0.106485
S01766,0,37.2726,4,0,1,1,105.5459,8.0,0.319358
S01767,1,51.5232,7,0,0,0,154.2244,8.0,0.533785
S01768,0,37.2962,3,0,1,1,133.2962,8.0,0.291064
S01769,0,36.3799,0,1,1,0,84.5097,8.0,0.292569
S01770,0,39.2448,1,1,1,0,105.8129,8.0,0.388144
S01771,0,37.891,2,1,0,0,91.2973,8.0,0.311693
S01772,0,31.6117,3,0,0,0,96.4226,8.0,0.196003
S01773,0,33.0104,0,1,0,1,108.1177,8.0,0.176347
S01774,1,44.615,2,1,0,1,71.0937,8.0,0.238043
S01775,0,38.7409,1,1,1,0,99.9195,8.0,0.37978
S01776,1,45.7073,3,1,0,0,112.2793,8.0,0.409429
S01777,0,24.3699,2,0,0,1,99.761,8.0,0.12549
S01778,1,32.3437,1,0,0,1,95.3293,8.0,0.093806
S01779,0,25.9437,2,0,0,1,119.2116,8.0,0.138867
S01780,0,31.2937,0,0,1,0,88.6485,8.0,0.140867
S01781,1,53.2048,2,1,1,0,133.2412,8.0,0.502362
S01782,1,47.2726,2,1,0,0,128.0419,8.0,0.360833
S01783,0,45.5404,5,1,0,0,137.466,8.0,0.595029
S01784,0,35.6657,6,0,0,1,149.8703,8.0,0.391556
S01785,1,50.6594,4,1,0,1,129.8701,8.0,0.447499
S01786,0,33.8103,3,0,1,0,138.2419,8.0,0.351934
S01787,0,32.6087,2,1,0,1,81.7268,8.0,0.249807
S01788,0,36.189,1,1,0,0,127.9146,8.0,0.294732
S01789,0,27.9699,3,0,0,0,79.4559,8.0,0.180455
S01790,0,33.2376,2,0,1,0,105.8644,8.0,0.248839
S01791,0,25.6557,1,0,0,0,121.1526,8.0,0.134344
S01792,0,26.0992,2,0,0,1,122.8167,8.0,0.141474
S01793,0,32.6814,1,0,1,0,108.2791,8.0,0.199356
S01794,0,22.9691,1,0,0,0,82.0881,8.0,0.109343
S01795,0,27.3575,2,0,0,0,77.3609,8.0,0.138735
S01796,0,27.7966,1,0,1,1,119.5586,8.0,0.171839
S01797,1,60.6222,6,1,1,0,154.544,8.0,0.79204
S01798,1,49.5767,1,1,1,1,79.7327,8.0,0.297004
S01799,0,33.5329,1,1,0,0,46.6195,8.0,0.204194
S01800,0,35.8571,4,0,1,1,122.493,8.0,0.341854
S01801,0,41.9723,3,1,1,0,120.053,8.0,0.557326
S01802,1,51.6595,4,1,0,1,120.603,8.0,0.433796
S01803,0,31.3656,3,0,1,1,84.8337,8.0,0.234873
S01804,1,49.7947,3,1,1,1,135.9833,8.0,0.518966
S01805,0,41.5753,2,1,1,1,89.0497,8.0,0.376202
S01806,1,51.9324,1,1,1,0,106.77,8.0,0.389508
S01807,1,54.8716,2,1,1,0,123.2634,8.0,0.487398
S01808,0,30.2926,3,0,1,1,101.1531,8.0,0.252923
S01809,1,52.6361,5,0,1,0,163.5664,8.0,0.535291
S01810,1,59.134,5,1,1,1,143.6564,8.0,0.673034
S01811,0,41.7946,4,1,0,0,135.8869,8.0,0.518822
S01812,0,38.8987,3,1,0,1,147.3454,8.0,0.399889
S01813,1,36.1916,2,0,0,1,127.0413,8.0,0.144581
S01814,1,61.9231,5,1,1,0,167.4778,8.0,0.753035
S01815,0,29.1598,0,1,0,0,69.0579,8.0,0.178631
S01816,0,50.0799,6,1,0,0,158.3181,8.0,0.69209
S01817,0,33.0652,1,1,0,0,87.2162,8.0,0.246623
S01818,0,39.1527,4,0,1,1,157.9358,8.0,0.391173
S01819,1,58.6366,6,1,0,0,135.9866,8.0,0.662827
S01820,0,39.8121,3,0,1,0,131.4671,8.0,0.34272
S01821,0,44.473,6,1,0,0,119.6364,8.0,0.640565
S01822,0,44.0735,4,1,0,0,118.022,8.0,0.492034
S01823,0,45.1692,2,1,1,0,149.002,8.0,0.52598
S01824,0,36.4776,3,0,1,0,139.4704,8.0,0.353617
S01825,0,35.1184,2,0,1,1,151.0946,8.0,0.252857
S01826,1,50.2787,5,0,1,1,153.5813,8.0,0.457971
S01827,0,36.6479,2,1,0,1,108.1805,8.0,0.280715
S01828,1,45.7969,2,1,0,0,107.8246,8.0,0.333354
S01829,0,40.3086,6,0,0,0,143.1742,8.0,0.442517
S01830,1,38.857,2,0,1,0,111.0908,8.0,0.254747
S01831,0,35.9003,2,0,1,0,134.7015,8.0,0.282561
S01832,0,41.4668,6,0,1,1,123.2969,8.0,0.487448
S01833,0,37.0586,2,1,0,0,101.1485,8.0,0.324513
S01834,1,45.8506,3,0,1,1,146.6964,8.0,0.307928
S01835,0,38.7349,3,1,0,0,105.1493,8.0,0.399127
S01836,0,26.5781,2,0,0,0,88.3856,8.0,0.14683
S01837,1,62.3809,9,0,1,0,188.3628,8.0,0.816105
S01838,0,56.4259,7,1,1,0,136.5856,8.0,0.821935
S01839,0,22.4293,1,0,0,0,71.5325,8.0,0.103326
S01840,0,39.4384,2,1,0,1,153.1362,8.0,0.338232
S01841,0,42.8827,4,1,0,1,127.4602,8.0,0.443927
S01842,0,41.2794,5,1,0,1,108.1391,8.0,0.48971
S01843,1,56.6034,5,1,1,0,132.1058,8.0,0.711491
S01844,0,37.9659,2,1,0,1,105.4745,8.0,0.277449
S01845,1,55.3285,2,1,1,1,141.783,8.0,0.452815
S01846,0,18.19,0,0,0,1,83.0871,8.0,0.066516
S01847,0,52.0279,5,1,1,0,152.457,8.0,0.735895
S01848,0,24.3621,1,0,0,0,83.9803,8.0,0.110453
S01849,0,50.844,4,1,1,0,130.5328,8.0,0.644098
S01850,0,37.8441,4,0,1,1,117.3778,8.0,0.334983
S01851,0,32.1964,4,0,0,0,91.7391,8.0,0.2424
S01852,1,53.7875,6,1,0,1,171.6838,8.0,0.654777
S01853,0,39.5003,4,0,1,0,127.9555,8.0,0.407993
S01854,0,37.8762,3,1,0,0,98.4561,8.0,0.389536
S01855,0,35.0243,2,1,0,1,88.9123,8.0,0.257974
S01856,1,36.7711,2,0,0,1,122.6214,8.0,0.141332
S01857,0,57.2897,9,1,0,0,139.026,8.0,0.8312
S01858,0,35.8139,4,0,1,1,110.8072,8.0,0.326258
S01859,0,31.6333,1,0,1,0,120.9057,8.0,0.211724
S01860,1,56.0069,5,0,1,0,163.5196,8.0,0.535221
S01861,0,39.1001,3,0,1,1,140.5246,8.0,0.300094
S01862,0,28.6947,1,0,1,1,134.2824,8.0,0.184778
S01863,1,43.4629,4,0,0,0,155.0038,8.0,0.318651
S01864,0,33.4061,1,1,0,1,86.2072,8.0,0.202175
S01865,0,29.2749,1,1,0,1,67.8685,8.0,0.185007
S01866,0,29.8178,2,0,1,1,85.9992,8.0,0.186335
S01867,1,53.8587,4,1,1,1,120.2945,8.0,0.569979
S01868,1,55.2569,6,1,0,0,147.0366,8.0,0.677481
S01869,1,50.3166,2,1,1,1,121.7368,8.0,0.423217
S01870,1,64.8795,8,1,1,1,159.739,8.0,0.847927
S01871,1,58.1451,7,1,0,0,150.3601,8.0,0.743103
S01872,0,30.3192,0,1,0,1,86.4978,8.0,0.158289
S01873,0,41.714,0,1,1,0,113.046,8.0,0.329218
S01874,0,34.0162,3,0,1,1,126.7051,8.0,0.282972
S01875,0,22.609,2,0,0,1,89.1663,8.0,0.118679
S01876,0,23.4113,1,0,0,1,65.1838,8.0,0.079519
S01877,0,25.7434,1,0,0,0,93.1138,8.0,0.115954
S01878,0,28.2677,4,0,0,0,87.6905,8.0,0.237967
S01879,0,26.6555,2,0,0,0,77.0836,8.0,0.138537
S01880,0,51.1258,6,1,1,1,157.0494,8.0,0.75069
S01881,0,40.8466,4,1,0,0,112.4062,8.0,0.483615
S01882,0,40.9267,5,0,1,0,135.6624,8.0,0.493494
S01883,1,36.8075,3,0,0,0,110.4511,8.0,0.209607
S01884,0,27.734,2,0,0,0,124.8975,8.0,0.176446
S01885,1,50.304,2,1,1,0,112.6621,8.0,0.471524
S01886,0,38.2504,5,0,0,0,139.3069,8.0,0.3649
S01887,0,42.1006,5,0,1,0,192.883,8.0,0.578666
S01888,0,34.0978,2,1,0,1,93.0641,8.0,0.262771
S01889,0,40.5545,3,1,0,0,110.9555,8.0,0.40751
S01890,1,54.6795,4,1,1,1,169.2984,8.0,0.640098
S01891,1,45.8231,1,1,0,0,115.7241,8.0,0.279759
S01892,1,56.163,4,1,1,0,127.9918,8.0,0.640596
S01893,1,61.6738,5,1,1,0,186.2902,8.0,0.773423
S01894,0,40.7527,4,0,1,1,164.3003,8.0,0.400304
S01895,0,32.1299,4,0,0,1,150.3222,8.0,0.261523
S01896,1,35.1847,2,0,0,1,102.4382,8.0,0.127264
S01897,0,25.99,1,0,0,0,112.9102,8.0,0.128696
S01898,0,40.0025,4,1,0,1,114.9932,8.0,0.425548
S01899,1,47.083,1,1,1,1,110.3911,8.0,0.336785
S01900,0,22.7791,1,0,0,1,64.486,8.0,0.079213
S01901,0,35.7159,5,0,0,0,133.6593,8.0,0.357084
S01902,1,40.32,1,1,0,0,75.3716,8.0,0.233658
S01903,1,54.3137,4,1,1,1,109.7007,8.0,0.554336
S01904,1,38.2766,2,0,1,1,103.1098,8.0,0.202403
S01905,0,31.0703,3,0,0,1,125.5674,8.0,0.184433
S01906,0,37.5744,3,0,1,0,155.8085,8.0,0.376331
S01907,1,47.1911,4,0,1,0,144.4048,8.0,0.432031
S01908,1,59.973,4,1,1,0,158.5693,8.0,0.681661
S01909,1,37.5643,0,1,0,1,89.8804,8.0,0.161012
S01910,0,34.7088,4,0,0,1,107.467,8.0,0.214974
S01911,1,41.5446,3,0,0,1,170.0171,8.0,0.227954
S01912,0,55.8265,7,1,1,0,132.3168,8.0,0.818156
S01913,0,22.6358,0,0,0,0,68.8803,8.0,0.077507
S01914,0,31.7977,1,0,1,0,96.5465,8.0,0.188357
S01915,0,26.3637,2,0,0,0,86.6159,8.0,0.145504
S01916,1,45.5978,5,0,0,0,121.4033,8.0,0.340385
S01917,1,49.2712,2,1,1,1,111.2288,8.0,0.407906
S01918,1,57.9248,4,1,1,0,141.6629,8.0,0.659255
S01919,1,53.5325,2,1,1,0,169.0514,8.0,0.555843
S01920,1,53.0293,3,1,1,0,92.51,8.0,0.516259
S01921,0,33.9828,2,0,1,1,121.2212,8.0,0.220514
S01922,1,46.3004,3,1,0,1,104.2819,8.0,0.339772
S01923,0,42.0179,1,1,1,1,121.7804,8.0,0.352215
S01924,0,45.4792,6,1,0,0,93.019,8.0,0.603032
S01925,0,43.9671,5,0,1,0,147.8416,8.0,0.51176
S01926,0,25.8103,1,0,0,0,93.092,8.0,0.11594
S01927,1,46.1002,4,0,1,0,150.4568,8.0,0.440962
S01928,1,50.598,4,1,1,1,87.6449,8.0,0.521454
S01929,0,33.7425,2,0,1,0,126.8427,8.0,0.273101
S01930,0,42.9685,1,1,1,1,138.8412,8.0,0.375908
S01931,1,40.4714,4,0,0,0,150.0775,8.0,0.312269
S01932,0,45.4347,4,1,0,0,119.2372,8.0,0.493856
S01933,1,64.4357,8,1,1,1,134.2655,8.0,0.827154
S01934,0,36.2324,3,1,0,1,51.1921,8.0,0.272327
S01935,1,50.9957,4,1,0,1,138.8388,8.0,0.460839
S01936,0,24.2806,1,0,0,1,110.6093,8.0,0.101895
S01937,0,43.3213,2,1,1,0,133.5043,8.0,0.502756
S01938,0,31.6792,4,0,0,1,103.8045,8.0,0.211289
S01939,0,29.4087,2,0,0,1,105.3999,8.0,0.129251
S01940,0,42.5257,4,1,0,0,111.9944,8.0,0.482998
S01941,0,25.9459,0,0,1,0,82.6919,8.0,0.136597
S01942,0,30.298,3,0,0,1,120.4434,8.0,0.179854
S01943,0,39.2261,3,0,1,0,176.2802,8.0,0.405568
S01944,0,41.9388,4,1,0,1,107.8937,8.0,0.415169
S01945,0,27.945,2,0,0,0,91.6606,8.0,0.149308
S01946,0,30.1244,3,0,0,1,113.2097,8.0,0.17354
S01947,0,42.4188,4,0,1,0,140.5665,8.0,0.426389
S01948,1,49.2996,3,1,0,0,108.1487,8.0,0.403451
S01949,0,40.8076,1,1,1,1,133.1514,8.0,0.367934
S01950,1,39.4125,4,0,0,1,128.1559,8.0,0.236663
S01951,0,34.9826,0,1,0,1,103.9863,8.0,0.172776
S01952,0,30.3737,4,0,0,1,100.5604,8.0,0.208064
S01953,0,43.2845,2,1,1,0,116.4885,8.0,0.477248
S01954,0,41.0293,4,1,0,0,104.1783,8.0,0.471299
S01955,0,34.4256,1,1,1,1,64.2491,8.0,0.27798
S01956,0,27.7242,2,0,0,1,101.6644,8.0,0.126749
S01957,0,27.3717,2,0,0,0,121.4157,8.0,0.173431
S01958,0,32.4687,2,0,1,0,112.3775,8.0,0.256215
S01959,0,42.6019,4,1,0,0,130.2947,8.0,0.510441
S01960,1,41.9243,1,1,0,1,96.3596,8.0,0.212179
S01961,0,38.6262,1,1,1,0,69.9308,8.0,0.338404
S01962,0,44.991,5,1,0,0,105.4357,8.0,0.548005
S01963,0,39.1635,2,1,0,0,85.7044,8.0,0.30454
S01964,0,37.9417,4,0,1,1,133.9689,8.0,0.35751
S01965,0,21.9566,1,0,0,0,74.3112,8.0,0.104881
S01966,0,33.6868,2,0,1,1,122.5701,8.0,0.221908
S01967,0,35.0998,2,1,0,0,106.5302,8.0,0.331631
S01968,0,42.1552,4,1,0,1,134.9963,8.0,0.455116
S01969,1,51.9239,2,1,1,1,157.8903,8.0,0.476852
S01970,0,37.3903,3,0,1,0,113.3148,8.0,0.318622
S01971,1,43.0988,2,0,1,0,127.9116,8.0,0.274376
S01972,0,23.4396,1,0,0,1,106.8028,8.0,0.099824
S01973,1,43.5014,3,0,1,0,145.5019,8.0,0.361932
S01974,0,31.0075,1,0,1,0,104.9033,8.0,0.196143
S01975,0,29.0175,1,0,1,1,81.332,8.0,0.141607
S01976,1,58.5817,5,1,1,1,164.2072,8.0,0.699568
S01977,0,34.3239,2,0,1,1,146.5558,8.0,0.247747
S01978,0,48.5084,4,1,1,1,177.9948,8.0,0.652029
S01979,1,49.202,3,1,0,1,146.3227,8.0,0.398417
S01980,0,37.8571,2,1,0,0,132.8354,8.0,0.367493
S01981,0,35.5717,2,0,1,0,157.2544,8.0,0.31078
S01982,0,38.5036,3,1,0,1,127.5214,8.0,0.371714
S01983,0,29.9466,1,0,1,0,85.7113,8.0,0.178619
S01984,1,67.7404,7,1,1,0,189.109,8.0,0.863498
S01985,0,27.1553,2,0,0,1,117.4778,8.0,0.137628
S01986,1,47.0724,1,1,1,0,108.565,8.0,0.392072
S01987,1,57.6763,4,1,1,0,165.8317,8.0,0.691041
S01988,0,36.2052,3,0,1,1,130.4254,8.0,0.287522
S01989,0,33.9307,2,1,0,1,80.7318,8.0,0.24869
S01990,0,38.9097,4,1,0,1,65.5253,8.0,0.355065
S01991,0,26.5781,3,0,0,1,104.3539,8.0,0.166051
S01992,0,36.8987,2,0,1,1,171.1864,8.0,0.276302
S01993,0,38.6937,3,0,1,1,176.351,8.0,0.347081
S01994,0,28.0445,3,0,0,1,106.5123,8.0,0.167852
S01995,0,23.6819,1,0,0,0,92.7339,8.0,0.11572
S01996,0,36.0697,3,0,1,0,134.3825,8.0,0.346671
S01997,0,39.5445,4,0,1,0,144.5699,8.0,0.432274
S01998,0,27.6323,3,0,0,1,110.5477,8.0,0.171261
S01999,0,29.3469,2,0,1,1,101.9771,8.0,0.201308
S02000,1,63.248,7,1,1,1,180.4666,8.0,0.823871
S02001,0,40.2423,4,1,0,1,93.5324,8.0,0.394412
S02002,1,47.454,3,0,1,0,161.6587,8.0,0.384605
S02003,0,28.6946,3,0,0,0,114.7788,8.0,0.213942
S02004,0,26.9183,2,0,0,1,112.2729,8.0,0.133963
S02005,1,61.1395,6,1,1,1,101.3014,8.0,0.683047
S02006,0,42.8351,5,1,0,1,104.6333,8.0,0.484455
S02007,1,52.453,4,1,0,0,114.4674,8.0,0.486704
S02008,1,60.4416,5,1,1,0,151.8805,8.0,0.735222
S02009,0,33.7795,2,0,1,1,149.2244,8.0,0.250743
S02010,0,39.0909,3,1,0,1,109.6207,8.0,0.346995
S02011,1,56.7201,4,1,1,1,178.2622,8.0,0.652393
S02012,1,55.5845,4,1,1,1,129.6247,8.0,0.583643
S02013,0,33.393,3,0,0,1,136.8279,8.0,0.194813
S02014,0,36.6426,3,0,1,0,101.3116,8.0,0.303195
S02015,0,43.6302,5,1,0,1,161.6185,8.0,0.569475
S02016,1,58.8834,5,1,1,1,132.4229,8.0,0.658032
S02017,0,23.1367,1,0,0,1,120.331,8.0,0.107358
S02018,0,40.7457,4,1,0,1,106.3694,8.0,0.41295
S02019,1,58.4481,5,1,1,1,173.1349,8.0,0.710705
S02020,0,32.0827,3,0,1,1,119.9891,8.0,0.274867
S02021,1,50.7689,5,0,1,0,123.8549,8.0,0.475801
S02022,0,26.2553,2,0,0,0,91.5262,8.0,0.149206
S02023,0,44.1601,2,1,1,0,104.4309,8.0,0.459237
S02024,0,26.1576,1,0,0,1,106.4797,8.0,0.09965
S02025,0,46.9806,3,1,1,0,151.8835,8.0,0.603795
S02026,1,57.1995,3,1,1,1,154.1557,8.0,0.546102
S02027,0,28.6837,1,0,1,1,115.868,8.0,0.168711
S02028,0,36.1623,1,1,0,0,106.0902,8.0,0.268262
S02029,0,24.7108,3,0,0,1,83.1638,8.0,0.149184
S02030,0,27.5879,1,0,0,0,105.7076,8.0,0.123927
S02031,0,53.0798,5,1,1,1,144.4112,8.0,0.67403
S02032,1,48.1346,3,1,0,1,108.0781,8.0,0.3449
S02033,0,34.1608,1,0,1,1,148.6221,8.0,0.198091
S02034,1,42.1052,3,0,1,1,102.9743,8.0,0.254994
S02035,0,20.7382,0,0,0,0,58.4865,8.0,0.073163
S02036,1,36.6408,2,0,0,1,131.4679,8.0,0.147897
S02037,1,55.366,7,0,1,1,213.3259,8.0,0.687822
S02038,1,53.0081,2,1,1,0,125.1908,8.0,0.490287
S02039,0,33.0862,2,0,1,1,126.5741,8.0,0.226084
S02040,0,51.7447,4,1,1,0,165.515,8.0,0.690635
S02041,0,36.6285,2,1,0,1,141.1913,8.0,0.322381
S02042,0,27.2536,1,0,1,1,144.8127,8.0,0.194485
S02043,1,53.5557,6,0,1,1,187.497,8.0,0.582971
S02044,1,46.1422,1,1,1,1,132.2864,8.0,0.366728
S02045,0,41.8332,5,0,1,0,123.8899,8.0,0.475854
S02046,0,30.4232,4,0,0,1,130.5618,8.0,0.23928
S02047,0,35.3604,2,0,1,0,137.6607,8.0,0.286175
S02048,0,27.1518,1,0,0,1,101.5279,8.0,0.097016
S02049,1,40.8367,2,1,0,0,64.2456,8.0,0.277975
S02050,1,43.2785,4,0,1,0,101.7328,8.0,0.370609
S02051,0,36.5968,5,0,1,1,99.3562,8.0,0.378984
S02052,1,47.7225,2,1,0,0,142.8798,8.0,0.38161
S02053,1,39.753,2,0,1,1,108.223,8.0,0.207401
S02054,1,51.2684,5,1,0,1,110.9,8.0,0.49385
S02055,1,46.2693,4,0,1,1,136.7422,8.0,0.361341
S02056,0,31.7135,3,0,1,1,86.0412,8.0,0.236177
S02057,1,52.4733,4,1,0,0,162.6924,8.0,0.558766
S02058,0,26.6601,2,0,0,1,82.9219,8.0,0.114816
S02059,1,49.284,8,0,0,1,155.9163,8.0,0.548719
S02060,0,24.0129,2,0,0,0,82.8045,8.0,0.142684
S02061,0,40.9097,4,0,1,0,160.2723,8.0,0.455526
S02062,1,53.849,3,1,1,1,109.2748,8.0,0.478925
S02063,0,28.3905,3,0,0,0,85.4039,8.0,0.185794
S02064,0,26.3023,1,0,0,1,146.1377,8.0,0.123124
S02065,0,42.0991,4,1,0,1,122.6624,8.0,0.436833
S02066,0,24.8803,1,0,0,1,87.7282,8.0,0.09
S02067,0,31.3926,1,0,1,1,107.8855,8.0,0.1621
S02068,1,39.3578,3,0,0,0,100.674,8.0,0.200054
S02069,0,32.8239,2,1,0,1,90.216,8.0,0.259474
S02070,0,35.3615,3,0,1,0,114.189,8.0,0.319762
S02071,0,55.6942,6,1,1,0,163.1259,8.0,0.800393
S02072,1,48.6158,4,1,0,1,123.8909,8.0,0.438647
S02073,0,29.7438,1,1,0,1,73.1564,8.0,0.189838
S02074,0,33.0908,2,0,1,1,115.2507,8.0,0.214418
S02075,0,28.6428,1,0,1,1,95.8365,8.0,0.152519
S02076,0,21.2855,0,0,0,1,62.7727,8.0,0.059336
S02077,1,51.8955,3,1,1,1,127.9287,8.0,0.506893
S02078,0,38.4092,7,0,0,1,118.4164,8.0,0.418362
S02079,1,45.9261,4,0,1,0,100.7695,8.0,0.369262
S02080,1,63.9285,7,1,1,1,175.4357,8.0,0.819448
S02081,0,36.1641,2,0,1,0,171.0944,8.0,0.328841
S02082,0,46.8341,3,1,1,1,134.2889,8.0,0.516427
S02083,0,37.6291,4,0,1,1,147.3453,8.0,0.376149
S02084,1,56.8489,5,1,1,1,145.7464,8.0,0.675787
S02085,0,18.3915,1,0,0,1,49.5687,8.0,0.072926
S02086,0,43.0464,5,0,1,0,185.5386,8.0,0.567886
S02087,0,36.3828,4,0,1,1,159.7144,8.0,0.393717
S02088,0,37.0132,1,1,0,1,139.8929,8.0,0.259102
S02089,1,46.6742,2,1,0,0,104.5293,8.0,0.328975
S02090,0,48.7466,4,1,1,0,92.9812,8.0,0.590948
S02091,1,56.0236,3,1,1,0,184.944,8.0,0.650142
S02092,1,52.05,4,1,0,0,128.4814,8.0,0.507721
S02093,1,54.8933,5,1,1,1,138.3637,8.0,0.666007
S02094,1,49.7456,2,1,1,1,117.6865,8.0,0.417297
S02095,0,27.1135,3,0,0,1,83.0784,8.0,0.149119
S02096,1,36.6705,2,0,0,0,128.087,8.0,0.179244
S02097,1,50.8582,2,1,1,0,134.4238,8.0,0.504136
S02098,0,32.7921,2,0,1,0,102.7299,8.0,0.24534
S02099,0,51.1661,5,1,1,0,119.0563,8.0,0.695156
S02100,0,31.3366,1,0,1,1,153.7331,8.0,0.203008
S02101,1,66.5228,8,1,1,1,202.1549,8.0,0.877925
S02102,1,35.2046,2,0,0,1,94.138,8.0,0.121834
S02103,1,41.4176,2,0,1,0,114.8481,8.0,0.25905
S02104,1,56.2618,4,1,1,0,126.3971,8.0,0.63839
S02105,1,45.4485,6,0,0,0,147.5416,8.0,0.44899
S02106,0,42.387,5,0,1,1,151.0855,8.0,0.454257
S02107,0,42.4718,6,0,1,1,143.023,8.0,0.517028
S02108,1,47.6136,1,1,1,0,112.4277,8.0,0.39761
S02109,0,47.2669,4,1,1,1,158.4539,8.0,0.624976
S02110,0,35.0513,5,0,0,1,127.3895,8.0,0.294077
S02111,1,54.9953,5,1,0,0,118.769,8.0,0.567734
S02112,0,44.4347,5,0,1,0,189.6385,8.0,0.573912
S02113,0,42.1672,4,0,1,0,166.1325,8.0,0.46426
S02114,0,34.8855,2,1,0,1,97.0584,8.0,0.26744
S02115,0,30.3172,2,0,1,1,91.0099,8.0,0.190936
S02116,1,46.9034,3,1,0,1,98.636,8.0,0.332215
S02117,1,39.529,4,0,0,1,153.8834,8.0,0.265671
S02118,1,54.8138,6,1,0,0,129.3443,8.0,0.653864
S02119,0,32.2468,3,0,1,1,124.2534,8.0,0.279996
S02120,0,29.7237,3,0,0,1,132.0572,8.0,0.190362
S02121,1,56.36,4,1,1,1,127.9898,8.0,0.581258
S02122,1,47.9175,1,1,1,1,129.0846,8.0,0.362278
S02123,0,34.196,5,0,0,1,145.936,8.0,0.317695
S02124,0,37.3176,3,1,0,1,136.5282,8.0,0.38442
S02125,1,36.7274,2,0,0,0,135.3178,8.0,0.185716
S02126,0,37.7052,5,0,1,1,93.0101,8.0,0.370065
S02127,0,29.2913,3,0,0,1,107.5734,8.0,0.168743
S02128,1,33.3613,1,0,0,0,100.7513,8.0,0.120735
S02129,0,26.5599,1,0,0,0,115.2801,8.0,0.130299
S02130,0,37.4744,2,0,1,0,134.0332,8.0,0.281749
S02131,0,27.2158,3,0,0,0,56.1497,8.0,0.16069
S02132,1,31.9947,3,0,0,1,85.7583,8.0,0.15117
S02133,0,32.3783,2,0,1,1,139.5983,8.0,0.240049
S02134,0,38.7493,3,1,0,0,98.7352,8.0,0.389934
S02135,1,48.991,4,1,0,1,136.007,8.0,0.45662
S02136,1,73.4147,9,1,1,0,177.9911,8.0,0.91513
S02137,0,35.1014,2,1,0,0,103.0946,8.0,0.327078
S02138,0,32.2439,2,0,1,1,108.5303,8.0,0.207705
S02139,1,60.9253,5,1,1,1,172.5205,8.0,0.709946
S02140,0,34.4168,2,0,1,1,142.2426,8.0,0.242955
S02141,0,35.283,2,1,0,0,69.8531,8.0,0.284778
S02142,1,51.1516,2,1,1,1,122.1676,8.0,0.423848
S02143,0,28.6886,3,0,0,1,141.9767,8.0,0.199705
S02144,1,56.0216,4,1,1,1,135.7685,8.0,0.592573
S02145,1,57.4495,3,1,1,0,161.5322,8.0,0.617557
S02146,0,31.5347,4,0,0,1,74.1885,8.0,0.183192
S02147,0,44.0791,5,0,1,0,178.0986,8.0,0.5569
S02148,1,41.9546,3,0,1,0,117.4341,8.0,0.324012
S02149,0,43.2332,6,0,1,1,182.6364,8.0,0.575864
S02150,0,32.3944,3,0,1,1,113.6516,8.0,0.267354
S02151,0,43.1047,2,1,1,0,112.707,8.0,0.471591
S02152,1,26.6365,0,0,0,0,69.6134,8.0,0.077822
S02153,0,34.105,2,0,1,0,121.8224,8.0,0.267163
S02154,0,30.2576,0,0,1,1,129.7797,8.0,0.140478
S02155,1,34.2394,1,0,0,0,108.1889,8.0,0.125553
S02156,1,46.9699,1,1,1,1,110.2354,8.0,0.336577
S02157,0,47.4566,2,1,1,0,176.4768,8.0,0.566813
S02158,1,45.9176,1,1,1,0,125.9474,8.0,0.417191
S02159,0,33.7452,2,1,0,1,116.0785,8.0,0.290382
S02160,0,26.9193,3,0,0,1,153.233,8.0,0.210718
S02161,0,58.3633,8,1,1,1,164.2122,8.0,0.851356
S02162,0,35.3378,3,0,1,1,151.6323,8.0,0.314275
S02163,1,61.5242,4,1,1,0,166.6231,8.0,0.692054
S02164,0,38.5936,3,1,0,0,132.9454,8.0,0.439713
S02165,0,31.2434,1,0,1,0,110.4394,8.0,0.201433
S02166,0,41.2041,2,1,1,0,116.8052,8.0,0.477723
S02167,0,37.5071,2,1,0,1,102.1339,8.0,0.273448
S02168,0,37.968,2,1,0,1,68.6115,8.0,0.235352
S02169,1,58.0036,7,1,0,1,153.5201,8.0,0.696592
S02170,1,49.9414,4,1,0,0,120.942,8.0,0.496413
S02171,1,41.0199,2,0,1,1,161.8356,8.0,0.265225
S02172,1,31.3235,0,0,1,1,63.605,8.0,0.099001
S02173,0,45.2836,6,1,0,0,132.0151,8.0,0.657481
S02174,0,35.1008,1,1,0,0,97.8179,8.0,0.258632
S02175,0,33.1109,3,0,1,1,137.8986,8.0,0.296795
S02176,0,47.7688,4,1,1,0,135.1677,8.0,0.650447
S02177,0,30.5724,1,0,1,1,149.5744,8.0,0.199
S02178,0,37.8742,0,1,1,1,95.6537,8.0,0.25615
S02179,0,34.3312,3,0,1,0,122.2841,8.0,0.330418
S02180,0,38.9215,4,0,1,1,142.2243,8.0,0.368966
S02181,1,60.1792,9,1,0,1,188.3076,8.0,0.837514
S02182,0,34.5449,1,0,1,0,135.5958,8.0,0.226808
S02183,0,37.2007,3,1,0,0,103.961,8.0,0.397418
S02184,1,54.7447,4,1,1,1,145.8769,8.0,0.607129
S02185,1,55.7555,3,1,1,1,157.4976,8.0,0.551068
S02186,1,54.5446,5,1,0,0,86.24,8.0,0.51935
S02187,0,35.5645,3,0,1,0,125.2075,8.0,0.33431
S02188,0,29.5561,3,0,0,0,78.5921,8.0,0.17969
S02189,0,23.8005,1,0,0,0,77.4855,8.0,0.106682
S02190,0,31.6871,2,1,0,1,85.1427,8.0,0.253668
S02191,0,27.9876,1,0,0,0,121.7545,8.0,0.134764
S02192,1,58.6154,4,1,1,0,130.4266,8.0,0.643952
S02193,1,35.632,1,0,1,1,98.0995,8.0,0.154282
S02194,0,24.9533,2,0,0,1,122.6487,8.0,0.141352
S02195,0,22.3204,1,0,0,1,43.5302,8.0,0.070514
S02196,0,30.4401,3,0,0,1,120.8426,8.0,0.180207
S02197,0,30.5156,3,0,1,1,126.0744,8.0,0.282204
S02198,0,29.5766,1,0,1,1,146.7994,8.0,0.19636
S02199,0,35.9832,3,1,0,1,108.5089,8.0,0.345485
S02200,0,48.0952,3,1,1,1,144.7222,8.0,0.532039
S02201,1,46.8864,4,1,0,1,97.1845,8.0,0.399657
S02202,0,48.3141,1,1,1,0,164.2995,8.0,0.473973
S02203,1,59.3263,5,1,1,0,151.2761,8.0,0.734516
S02204,0,38.8642,3,0,1,0,146.2965,8.0,0.363034
S02205,0,40.1713,3,1,0,0,119.5305,8.0,0.419989
S02206,0,32.2077,0,1,0,1,87.9114,8.0,0.159422
S02207,0,43.856,1,1,1,0,144.0535,8.0,0.443819
S02208,1,38.0938,1,0,1,0,92.166,8.0,0.184372
S02209,1,44.0669,1,1,1,0,87.8043,8.0,0.362813
S02210,1,50.9024,2,1,1,1,146.6327,8.0,0.460034
S02211,0,36.7394,0,1,1,1,122.6357,8.0,0.288191
S02212,0,32.5243,2,0,1,0,115.1047,8.0,0.259346
S02213,0,37.5467,5,0,0,0,140.72,8.0,0.366867
S02214,0,24.3034,2,0,0,1,72.4656,8.0,0.108592
S02215,0,23.4464,1,0,0,1,114.8751,8.0,0.104261
S02216,0,24.5686,2,0,0,1,121.6888,8.0,0.140654
S02217,0,31.5247,2,0,1,1,133.0559,8.0,0.232961
S02218,0,32.3528,4,0,0,1,132.8286,8.0,0.241765
S02219,0,39.8261,3,1,0,1,106.2257,8.0,0.342394
S02220,1,61.6973,7,1,1,1,133.269,8.0,0.77896
S02221,1,53.0366,8,0,1,1,141.7557,8.0,0.65938
S02222,0,25.0834,1,0,0,0,85.5099,8.0,0.111358
S02223,1,49.8938,4,1,0,0,95.1989,8.0,0.457898
S02224,0,31.6041,3,0,0,0,156.2729,8.0,0.258772
S02225,1,34.5945,0,1,0,1,70.0141,8.0,0.145553
S02226,0,40.6448,4,0,1,0,128.8113,8.0,0.409234
S02227,0,25.1602,1,0,0,1,92.2003,8.0,0.092222
S02228,0,46.6283,3,1,1,0,149.159,8.0,0.599877
S02229,1,53.3506,5,1,0,1,125.9201,8.0,0.516374
S02230,0,27.412,3,0,0,1,104.6647,8.0,0.166309
S02231,0,25.9344,2,0,0,1,93.523,8.0,0.12144
S02232,0,31.379,3,0,0,0,141.1784,8.0,0.241783
S02233,0,46.5203,2,1,1,0,121.5526,8.0,0.484834
S02234,1,50.6928,1,1,1,0,109.1908,8.0,0.392968
S02235,1,49.3478,5,0,1,0,143.0715,8.0,0.504607
S02236,0,32.7012,2,0,1,0,110.5613,8.0,0.254144
S02237,0,24.4224,0,0,1,1,93.1184,8.0,0.115957
S02238,0,53.5617,5,1,1,0,139.0296,8.0,0.719943
S02239,0,39.4202,4,0,1,1,140.4274,8.0,0.36646
S02240,0,44.0692,3,1,1,1,146.7109,8.0,0.535009
S02241,1,59.6661,4,1,1,0,154.3764,8.0,0.676177
S02242,0,20.1517,0,0,0,1,83.3877,8.0,0.066628
S02243,0,31.7069,2,0,0,0,114.5142,8.0,0.167575
S02244,0,32.7372,2,0,1,1,174.3487,8.0,0.280112
S02245,0,44.7034,3,1,1,0,105.5127,8.0,0.535708
S02246,0,26.0992,1,0,0,1,89.1826,8.0,0.090718
S02247,1,49.1282,3,1,0,1,137.2918,8.0,0.385504
S02248,0,27.8961,2,0,0,0,106.0316,8.0,0.160595
S02249,0,39.3431,4,1,0,1,98.4237,8.0,0.401443
S02250,0,38.0301,3,1,0,0,81.1467,8.0,0.365141
S02251,1,52.9517,4,1,0,0,136.0266,8.0,0.519031
S02252,0,34.6553,2,1,0,0,80.5786,8.0,0.298065
S02253,0,39.5876,3,1,0,1,125.7135,8.0,0.369184
S02254,0,27.8029,2,0,0,1,121.4396,8.0,0.140474
S02255,1,63.505,7,1,1,0,154.3388,8.0,0.836994
S02256,1,56.1641,3,1,1,1,172.4426,8.0,0.573136
S02257,0,41.675,4,1,0,0,114.1859,8.0,0.486282
S02258,1,57.2779,3,1,1,1,165.0542,8.0,0.562256
S02259,1,44.3904,3,0,1,1,181.4822,8.0,0.354091
S02260,0,34.0795,1,1,0,1,96.0288,8.0,0.211847
S02261,0,46.1397,4,1,0,0,143.7749,8.0,0.530624
S02262,1,61.8034,6,1,1,0,173.6619,8.0,0.810302
S02263,0,29.5218,1,1,0,1,86.2604,8.0,0.202226
S02264,1,52.7884,5,0,1,0,176.5826,8.0,0.554655
S02265,0,27.7926,1,0,0,0,107.3199,8.0,0.124981
S02266,0,26.0127,2,0,0,0,58.7353,8.0,0.125913
S02267,0,28.2977,1,0,1,1,116.7906,8.0,0.169489
S02268,1,41.2013,1,0,1,1,117.0984,8.0,0.169749
S02269,0,30.4349,2,0,0,0,135.9382,8.0,0.186279
S02270,1,47.411,5,0,1,1,149.8112,8.0,0.452362
S02271,0,35.2548,2,0,1,1,114.1457,8.0,0.213304
S02272,0,43.7992,4,1,0,0,135.4604,8.0,0.518183
S02273,1,35.9775,2,0,0,0,113.5231,8.0,0.166747
S02274,1,52.336,7,0,1,1,120.2891,8.0,0.557676
S02275,0,34.9105,2,0,1,0,102.156,8.0,0.244703
S02276,1,49.6241,6,0,1,1,152.811,8.0,0.531674
S02277,0,30.8681,1,0,1,1,141.4454,8.0,0.19134
S02278,0,25.9814,3,0,0,1,71.0833,8.0,0.140216
S02279,0,32.725,2,0,1,0,122.996,8.0,0.268544
S02280,1,50.272,2,1,1,1,133.5858,8.0,0.44066
S02281,1,62.9392,7,1,1,0,143.2996,8.0,0.827755
S02282,1,43.0838,3,0,1,1,119.0981,8.0,0.273803
S02283,0,33.706,3,0,0,0,120.8111,8.0,0.220091
S02284,0,53.7061,6,1,1,0,159.6312,8.0,0.797022
S02285,1,48.0544,2,1,1,1,118.3417,8.0,0.418253
S02286,1,61.1206,5,1,1,0,183.503,8.0,0.770479
S02287,1,44.4265,1,1,0,1,134.9381,8.0,0.253436
S02288,0,32.4009,3,0,0,1,137.4558,8.0,0.195405
S02289,1,52.5935,2,1,1,1,148.1674,8.0,0.462323
S02290,0,31.261,1,0,1,0,113.3133,8.0,0.204221
S02291,1,50.5596,4,1,0,1,118.1848,8.0,0.430235
S02292,0,46.4945,3,1,1,0,163.9423,8.0,0.620967
S02293,0,35.6483,2,0,1,0,142.6718,8.0,0.292356
S02294,1,51.0555,4,1,0,0,129.0271,8.0,0.50854
S02295,1,54.5729,4,1,1,1,131.4401,8.0,0.586288
S02296,1,44.4307,5,0,0,0,176.1376,8.0,0.417468
S02297,0,43.7898,5,0,1,1,143.0944,8.0,0.442399
S02298,0,26.5513,1,0,0,1,107.0313,8.0,0.099947
S02299,0,29.2287,2,0,0,0,144.7198,8.0,0.194398
S02300,1,42.3797,3,0,1,1,92.445,8.0,0.243179
S02301,1,58.64,6,1,1,1,126.7544,8.0,0.715149
S02302,1,59.2984,6,1,1,1,141.6875,8.0,0.733045
S02303,1,31.5081,2,0,0,1,113.7352,8.0,0.134984
S02304,0,46.4658,4,1,1,1,121.6571,8.0,0.571982
S02305,1,38.0327,2,0,1,1,135.3092,8.0,0.235386
S02306,0,40.9441,3,1,0,0,108.1555,8.0,0.40346
S02307,1,49.2043,4,0,1,0,154.0006,8.0,0.44621
S02308,0,48.8813,4,1,1,1,141.6646,8.0,0.601085
S02309,1,54.1064,4,1,1,0,143.5077,8.0,0.661737
S02310,1,52.3233,3,1,1,0,135.1218,8.0,0.579502
S02311,0,27.3918,1,0,0,0,110.5814,8.0,0.127137
S02312,1,50.0998,6,0,0,1,186.4678,8.0,0.444926
S02313,0,40.9639,3,1,0,1,159.052,8.0,0.416857
S02314,1,57.5895,3,1,1,1,146.0337,8.0,0.533998
S02315,1,63.3173,9,1,0,1,195.2463,8.0,0.8431
S02316,0,37.2525,3,0,1,0,120.7812,8.0,0.328426
S02317,0,31.7103,1,0,1,1,163.1115,8.0,0.212264
S02318,0,48.5956,3,1,1,1,149.7758,8.0,0.539581
S02319,0,35.3625,4,0,0,0,155.4959,8.0,0.319293
S02320,0,23.7543,0,0,0,0,99.1586,8.0,0.091534
S02321,1,44.8358,1,1,0,0,117.253,8.0,0.281611
S02322,1,39.3133,1,0,1,0,71.7824,8.0,0.166685
S02323,0,39.6401,4,0,1,1,166.3631,8.0,0.403279
S02324,0,31.5669,2,0,1,1,108.8079,8.0,0.207979
S02325,0,44.041,2,1,1,1,157.5092,8.0,0.476282
S02326,0,45.3885,3,1,1,0,144.0605,8.0,0.592513
S02327,1,44.1457,1,1,0,1,117.1365,8.0,0.233763
S02328,1,32.9006,2,0,0,1,115.665,8.0,0.136342
S02329,1,53.0804,4,1,1,1,120.9925,8.0,0.571006
S02330,0,39.2298,2,1,0,1,138.9051,8.0,0.319392
S02331,0,24.5888,2,0,0,1,72.1296,8.0,0.108397
S02332,1,64.2165,7,1,1,0,184.9106,8.0,0.860502
S02333,1,52.6863,4,1,1,1,92.1083,8.0,0.528133
S02334,0,24.1151,1,0,0,1,104.7431,8.0,0.098719
S02335,0,49.1557,4,1,1,1,164.4418,8.0,0.633358
S02336,0,24.8741,1,0,0,0,135.1222,8.0,0.144394
S02337,0,26.0945,3,0,0,1,93.4507,8.0,0.157189
S02338,0,41.299,4,1,0,0,112.1134,8.0,0.483176
S02339,0,41.1785,2,1,1,1,165.5909,8.0,0.488388
S02340,0,29.357,3,0,0,1,154.5825,8.0,0.212068
S02341,0,22.655,1,0,0,0,79.2712,8.0,0.107708
S02342,1,71.5816,10,1,1,0,168.5714,8.0,0.932228
S02343,0,28.5932,3,0,0,1,101.5822,8.0,0.163761
S02344,1,57.6799,4,1,1,1,151.6249,8.0,0.615324
S02345,1,47.5301,3,1,0,1,150.7838,8.0,0.40485
S02346,1,60.7327,6,1,1,0,146.7016,8.0,0.784183
S02347,0,33.2095,4,0,0,0,106.9381,8.0,0.259538
S02348,0,34.4485,3,0,1,1,102.789,8.0,0.254783
S02349,0,39.1401,5,0,1,0,111.6706,8.0,0.457608
S02350,0,33.3702,1,1,0,1,94.0677,8.0,0.209889
S02351,0,28.0893,2,0,0,0,110.0702,8.0,0.163888
S02352,0,42.2153,5,0,1,1,182.5641,8.0,0.501346
S02353,1,44.476,4,0,1,0,104.3704,8.0,0.374308
S02354,0,24.4249,2,0,0,1,87.4553,8.0,0.117609
S02355,0,33.9737,1,1,0,1,104.0348,8.0,0.219979
S02356,0,20.3363,0,0,0,0,41.784,8.0,0.066652
S02357,1,44.112,3,0,1,1,130.7827,8.0,0.287962
S02358,1,49.4227,4,0,1,1,177.5209,8.0,0.419488
S02359,0,37.1708,3,0,1,0,129.76,8.0,0.340416
S02360,1,46.5743,5,0,1,0,134.0248,8.0,0.491038
S02361,0,21.2289,1,0,0,1,62.2562,8.0,0.078243
S02362,0,40.6618,3,1,0,0,154.7274,8.0,0.47212
S02363,0,26.8301,1,0,1,1,71.6148,8.0,0.134667
S02364,1,55.1972,7,0,1,0,164.0929,8.0,0.677992
S02365,1,43.2478,4,0,1,1,102.1934,8.0,0.315001
S02366,0,46.2665,3,1,1,1,128.7636,8.0,0.508145
S02367,1,45.1552,5,0,0,0,134.2609,8.0,0.357913
S02368,0,30.5174,1,0,1,0,96.1742,8.0,0.188016
S02369,1,50.0967,3,1,0,0,164.8755,8.0,0.487316
S02370,0,35.6007,4,1,0,1,106.0759,8.0,0.412523
S02371,0,32.1622,2,0,1,1,128.9974,8.0,0.228638
S02372,0,26.8572,4,0,0,1,82.6629,8.0,0.190923
S02373,1,45.1239,3,0,1,0,171.1424,8.0,0.398158
S02374,1,53.733,7,0,1,0,119.1997,8.0,0.616613
S02375,0,37.6648,3,1,0,1,81.9515,8.0,0.310391
S02376,1,48.069,3,1,0,1,111.8358,8.0,0.350012
S02377,0,47.3362,6,1,0,0,146.2971,8.0,0.676511
S02378,1,42.6997,5,0,0,1,107.9907,8.0,0.270506
S02379,0,31.8025,2,0,1,1,123.0433,8.0,0.222399
S02380,0,26.7973,2,0,0,0,99.7743,8.0,0.155598
S02381,0,48.6384,3,1,1,0,124.0468,8.0,0.56323
S02382,1,62.9779,8,1,1,1,126.584,8.0,0.820465
S02383,0,26.4635,1,0,0,0,90.6115,8.0,0.114424
S02384,1,37.2879,1,0,1,1,115.2112,8.0,0.168159
S02385,0,33.3355,3,0,0,0,79.8287,8.0,0.180787
S02386,0,42.3724,1,1,1,0,135.9058,8.0,0.431787
S02387,1,62.8695,7,1,1,1,130.6395,8.0,0.776231
S02388,1,44.3168,6,0,0,1,160.7733,8.0,0.407246
S02389,1,56.8966,4,1,1,1,159.4956,8.0,0.62644
S02390,0,26.6295,2,0,0,1,99.3975,8.0,0.125251
S02391,0,29.0947,2,0,0,0,110.7848,8.0,0.164476
S02392,0,34.957,2,0,1,1,138.7227,8.0,0.239092
S02393,1,57.44,5,1,1,1,129.8837,8.0,0.654596
S02394,0,35.0928,3,0,1,1,126.7582,8.0,0.283036
S02395,1,49.349,1,1,1,0,135.6003,8.0,0.431337
S02396,0,33.2551,3,0,0,0,104.5275,8.0,0.20378
S02397,1,51.2999,5,1,0,0,103.3187,8.0,0.544857
S02398,0,29.716,3,0,0,1,121.1781,8.0,0.180505
S02399,1,54.0633,6,1,0,1,131.6806,8.0,0.598708
S02400,0,43.0851,2,1,1,1,130.5961,8.0,0.436243
S02401,0,43.6158,4,1,0,0,126.1849,8.0,0.504277
S02402,1,54.2222,3,1,1,1,128.2271,8.0,0.50734
S02403,0,25.9411,1,0,0,0,123.725,8.0,0.136149
S02404,0,24.0221,1,0,0,1,91.47,8.0,0.091856
S02405,0,39.3322,7,0,0,1,146.6643,8.0,0.460082
S02406,0,37.1717,3,0,1,1,140.9771,8.0,0.300664
S02407,1,41.5073,2,0,1,0,119.7594,8.0,0.264746
S02408,1,55.4861,6,0,1,0,146.2437,8.0,0.583574
S02409,0,53.2376,5,1,1,1,174.12,8.0,0.711918
S02410,0,30.9489,3,0,0,0,122.9643,8.0,0.222317
S02411,1,53.0427,4,1,1,0,104.6574,8.0,0.607769
S02412,1,39.7696,1,0,1,0,136.3288,8.0,0.22758
S02413,0,36.6816,0,1,1,1,106.119,8.0,0.268296
S02414,0,35.3924,1,0,1,0,130.7729,8.0,0.221773
S02415,0,28.7889,1,1,0,1,55.769,8.0,0.17431
S02416,0,29.4817,3,0,0,0,85.7681,8.0,0.186125
S02417,0,32.7382,3,0,0,1,141.9202,8.0,0.199651
S02418,0,29.9858,2,0,1,1,105.9715,8.0,0.205189
S02419,1,49.8648,4,1,0,0,122.9321,8.0,0.499398
S02420,1,49.9405,4,1,0,0,137.6318,8.0,0.521434
S02421,0,34.885,2,0,1,0,116.7695,8.0,0.261269
S02422,1,49.5951,3,1,1,1,102.4857,8.0,0.468769
S02423,0,40.0771,2,1,0,0,124.2555,8.0,0.355611
S02424,0,34.4245,3,0,1,0,108.073,8.0,0.311833
S02425,0,32.064,4,0,0,0,134.339,8.0,0.292357
S02426,0,43.5767,3,1,0,1,155.2996,8.0,0.411395
S02427,1,68.3148,8,1,1,1,189.1684,8.0,0.869326
S02428,0,25.1129,1,0,0,0,91.2317,8.0,0.114801
S02429,1,46.7114,4,0,1,0,153.4018,8.0,0.445322
S02430,0,44.2308,3,1,1,0,127.8674,8.0,0.568861
S02431,1,45.1053,4,1,0,0,67.0883,8.0,0.416424
S02432,1,48.3397,3,0,1,0,149.0369,8.0,0.366844
S02433,0,28.4974,1,0,1,0,87.7896,8.0,0.180456
S02434,0,36.8255,2,0,1,0,165.7686,8.0,0.321827
S02435,0,47.0416,2,1,1,1,149.1972,8.0,0.463859
S02436,0,53.5596,5,1,1,0,169.6446,8.0,0.755445
S02437,1,47.7133,4,1,0,1,116.7649,8.0,0.428148
S02438,0,39.4484,3,1,0,1,153.1968,8.0,0.408343
S02439,0,25.8878,2,0,0,0,83.8292,8.0,0.143438
S02440,0,44.5484,2,1,1,0,108.1574,8.0,0.464794
S02441,0,26.0016,3,0,0,0,98.5581,8.0,0.19803
S02442,0,36.8382,3,0,1,1,143.6171,8.0,0.304005
S02443,0,35.8045,3,0,1,1,158.6701,8.0,0.323446
S02444,0,28.2258,1,0,1,0,100.0698,8.0,0.19161
S02445,1,55.7261,4,1,1,0,112.6224,8.0,0.619101
S02446,0,30.5838,3,0,0,0,88.7563,8.0,0.188856
S02447,0,40.9228,5,0,1,1,161.339,8.0,0.469546
S02448,1,48.6247,4,1,0,1,114.6048,8.0,0.424978
S02449,0,30.4057,3,0,0,1,133.813,8.0,0.191991
S02450,1,38.2405,1,0,1,0,116.959,8.0,0.207799
S02451,0,26.909,3,0,0,1,87.4811,8.0,0.152502
S02452,1,65.8311,7,1,1,1,151.1246,8.0,0.796854
S02453,0,28.6975,3,0,0,1,140.7182,8.0,0.198501
S02454,0,37.5656,1,1,0,0,114.7576,8.0,0.278592
S02455,1,56.9587,4,1,1,1,147.9906,8.0,0.61015
S02456,0,35.4446,1,1,0,0,99.4214,8.0,0.260481
S02457,0,44.2988,5,1,0,1,138.6756,8.0,0.535454
S02458,1,49.5821,5,0,1,1,135.1519,8.0,0.430677
S02459,1,58.1698,4,1,1,0,164.8452,8.0,0.689776
S02460,0,46.4102,6,1,0,0,134.561,8.0,0.660913
S02461,0,32.3888,3,0,0,0,100.9412,8.0,0.200311
S02462,1,58.21,7,0,1,0,170.6126,8.0,0.686472
S02463,0,39.9119,3,1,0,0,142.7041,8.0,0.454185
S02464,0,33.4869,3,0,1,1,91.9777,8.0,0.242663
S02465,0,46.6771,5,1,1,1,126.6409,8.0,0.650183
S02466,0,37.5597,2,1,0,0,106.8532,8.0,0.33206
S02467,1,40.2559,2,0,1,1,127.1381,8.0,0.226677
S02468,1,43.8609,3,0,1,1,175.6183,8.0,0.346086
S02469,1,53.4746,2,1,1,1,153.6432,8.0,0.470499
S02470,1,53.8057,3,1,1,0,105.7947,8.0,0.536129
S02471,1,61.869,5,1,1,1,163.3519,8.0,0.698489
S02472,0,30.1874,2,0,0,0,96.2979,8.0,0.152877
S02473,1,55.1375,6,1,0,0,132.9053,8.0,0.658683
S02474,0,34.5748,2,0,1,0,139.4395,8.0,0.28836
S02475,1,46.3974,2,1,1,1,101.9326,8.0,0.394507
S02476,0,33.5392,1,1,0,0,85.1238,8.0,0.244298
S02477,0,39.5479,3,1,0,0,116.5405,8.0,0.415626
S02478,0,43.9145,4,1,0,0,130.8617,8.0,0.511291
S02479,0,44.147,2,1,1,1,125.8959,8.0,0.42932
S02480,1,46.1225,1,1,0,0,113.5376,8.0,0.277124
S02481,1,63.413,6,1,1,1,203.5004,8.0,0.799152
S02482,1,60.7923,6,1,1,0,122.7139,8.0,0.758831
S02483,1,40.8094,1,0,1,0,106.7564,8.0,0.197902
S02484,0,28.2469,1,1,0,1,43.6227,8.0,0.164068
S02485,0,37.4891,3,1,0,1,104.6393,8.0,0.340254
S02486,0,34.7901,4,0,0,0,122.1087,8.0,0.277409
S02487,0,40.9762,4,1,0,0,109.0812,8.0,0.478635
S02488,0,35.5738,3,0,1,1,81.209,8.0,0.230987
S02489,1,41.8914,2,1,0,0,61.8744,8.0,0.275129
S02490,0,48.6551,4,1,0,0,203.3924,8.0,0.617832
S02491,0,26.5831,3,0,0,0,90.8083,8.0,0.190749
S02492,0,25.056,2,0,0,1,94.8329,8.0,0.122281
S02493,0,29.2707,2,0,0,0,103.3521,8.0,0.158439
S02494,0,43.86,1,1,1,0,129.7264,8.0,0.422714
S02495,0,47.4027,7,0,1,1,167.1096,8.0,0.625429
S02496,0,37.1032,3,0,1,0,127.3235,8.0,0.337141
S02497,1,50.4095,3,1,0,0,99.9352,8.0,0.391648
S02498,1,40.633,3,0,1,1,113.3572,8.0,0.267008
S02499,1,65.3112,7,1,1,1,178.9856,8.0,0.822578
S02500,0,47.1174,3,1,1,1,145.7791,8.0,0.533618
S02501,1,47.9937,3,1,0,1,113.4646,8.0,0.352239
S02502,0,28.5655,0,0,1,0,101.6716,8.0,0.150591
S02503,0,34.7395,2,0,1,1,123.3908,8.0,0.22276
S02504,1,56.0237,6,1,0,1,116.5625,8.0,0.576733
S02505,0,44.2929,3,1,0,0,146.4096,8.0,0.459702
S02506,1,57.0805,3,1,1,0,159.9315,8.0,0.615286
S02507,0,40.4674,2,1,1,0,107.1652,8.0,0.463314
S02508,1,71.5883,8,1,1,1,173.9245,8.0,0.85858
S02509,1,43.6322,2,0,1,0,162.4745,8.0,0.317529
S02510,1,47.4929,1,1,1,0,116.3535,8.0,0.403265
S02511,0,43.3127,4,1,0,1,148.2861,8.0,0.47495
S02512,1,37.7616,3,0,0,1,86.823,8.0,0.151992
S02513,1,53.6356,3,1,1,0,113.44,8.0,0.547516
S02514,0,27.4793,3,0,0,1,108.0701,8.0,0.169162
S02515,0,45.9512,6,0,1,0,183.902,8.0,0.637242
S02516,0,55.6618,5,1,1,0,185.2779,8.0,0.772357
S02517,0,37.7827,4,0,1,1,131.5728,8.0,0.354215
S02518,1,45.8603,5,0,1,1,149.109,8.0,0.451318
S02519,0,37.7784,3,0,1,1,185.1432,8.0,0.35913
S02520,1,52.832,4,1,0,0,132.3499,8.0,0.513522
S02521,0,20.5895,0,0,0,1,82.2746,8.0,0.066214
S02522,1,48.0308,4,0,1,0,155.4669,8.0,0.448385
S02523,1,44.2111,1,1,1,1,79.8347,8.0,0.297132
S02524,0,39.6464,3,0,1,0,138.8048,8.0,0.352705
S02525,0,40.9084,2,1,1,1,131.0321,8.0,0.436887
S02526,1,61.2502,5,1,1,0,155.298,8.0,0.739195
S02527,1,56.029,7,0,1,0,145.412,8.0,0.65305
S02528,0,40.5364,5,0,1,1,139.8745,8.0,0.437638
S02529,0,36.5528,3,1,0,1,75.7121,8.0,0.302435
S02530,0,33.8089,4,0,0,0,134.1835,8.0,0.292164
S02531,0,24.4467,1,0,0,1,83.7809,8.0,0.088079
S02532,0,33.8442,4,0,1,1,117.1198,8.0,0.334638
S02533,1,44.8525,3,0,1,0,99.4935,8.0,0.300895
S02534,0,36.4792,1,1,0,0,137.6116,8.0,0.306968
S02535,0,36.9728,2,1,0,0,113.675,8.0,0.3412
S02536,0,37.3782,4,0,1,1,158.6947,8.0,0.392258
S02537,0,35.5284,1,1,0,1,99.7218,8.0,0.21557
S02538,0,30.558,3,0,0,1,103.2784,8.0,0.165159
S02539,0,40.3734,2,1,0,0,107.1393,8.0,0.332441
S02540,1,41.3004,3,0,0,0,94.3986,8.0,0.194097
S02541,0,33.6392,2,0,1,1,101.1031,8.0,0.200467
S02542,0,45.2789,2,1,1,0,123.367,8.0,0.487553
S02543,0,29.2092,2,0,0,1,130.9379,8.0,0.147497
S02544,0,34.4316,2,1,0,0,63.1527,8.0,0.276661
S02545,1,51.3754,1,1,1,0,149.1772,8.0,0.451419
S02546,0,38.9975,3,0,1,0,152.5513,8.0,0.371756
S02547,0,37.4825,2,1,0,1,128.5213,8.0,0.306003
S02548,0,31.1315,2,1,0,1,88.1131,8.0,0.257057
S02549,0,33.8442,2,0,1,1,149.6406,8.0,0.251212
S02550,0,39.5315,3,0,1,0,138.8962,8.0,0.35283
S02551,0,40.7407,4,1,0,0,90.7787,8.0,0.451323
S02552,1,56.0181,7,0,1,0,192.2408,8.0,0.713704
S02553,1,62.6516,5,1,1,0,190.8812,8.0,0.778214
S02554,1,43.0624,3,0,1,1,145.359,8.0,0.306221
S02555,1,45.6622,1,1,0,0,126.1292,8.0,0.29251
S02556,1,48.6419,4,1,0,1,133.8707,8.0,0.453441
S02557,0,37.5151,4,0,1,1,144.2898,8.0,0.371856
S02558,1,42.3485,3,1,0,1,98.4884,8.0,0.332019
S02559,1,53.5741,4,1,1,1,143.4846,8.0,0.6037
S02560,0,36.14,4,0,1,1,129.0258,8.0,0.350727
S02561,1,45.9327,3,1,0,1,124.9313,8.0,0.368092
S02562,0,29.0023,0,0,1,0,104.7767,8.0,0.15299
S02563,0,32.8605,4,0,0,1,125.1486,8.0,0.233418
S02564,1,41.4698,1,0,1,1,106.422,8.0,0.160911
S02565,1,58.7581,5,1,1,0,141.5778,8.0,0.723015
S02566,0,33.3348,2,0,1,1,136.2619,8.0,0.236416
S02567,0,40.3187,2,1,1,1,86.3863,8.0,0.372459
S02568,1,39.1762,1,0,1,1,120.9685,8.0,0.173046
S02569,1,40.1941,3,0,0,1,115.1982,8.0,0.175258
S02570,0,47.4842,4,1,1,1,110.4747,8.0,0.555483
S02571,0,27.169,1,0,0,0,123.185,8.0,0.135768
S02572,0,51.6461,5,1,1,0,151.233,8.0,0.734465
S02573,1,51.4626,2,1,1,0,123.6671,8.0,0.488003
S02574,0,42.7374,2,1,1,1,139.5581,8.0,0.44951
S02575,0,29.0227,3,0,0,0,103.0616,8.0,0.202357
S02576,0,31.6315,2,0,1,0,117.1302,8.0,0.261687
S02577,1,50.0009,0,1,1,0,132.2164,8.0,0.355099
S02578,0,25.9047,1,0,0,0,101.9646,8.0,0.12151
S02579,1,42.8663,3,0,1,0,121.8338,8.0,0.32982
S02580,0,38.8864,3,1,0,1,87.8785,8.0,0.318054
S02581,0,46.4766,3,1,1,1,167.8283,8.0,0.566349
S02582,0,22.9764,2,0,0,1,126.0189,8.0,0.143824
S02583,0,27.9995,2,0,0,0,135.7993,8.0,0.186153
S02584,0,45.8497,3,1,1,1,91.9802,8.0,0.453108
S02585,0,29.6647,3,0,0,1,125.165,8.0,0.18407
S02586,0,35.0201,3,0,1,1,116.3772,8.0,0.270569
S02587,0,36.6572,2,1,0,0,98.0837,8.0,0.320495
S02588,0,29.7315,3,0,0,0,107.5132,8.0,0.206702
S02589,0,39.7014,2,1,1,1,121.2283,8.0,0.422473
S02590,1,36.3229,2,0,0,0,118.3589,8.0,0.170817
S02591,0,42.7091,1,1,1,0,84.901,8.0,0.358796
S02592,0,28.1443,3,0,0,0,78.5949,8.0,0.179693
S02593,0,27.4903,1,0,0,0,108.3828,8.0,0.12568
S02594,0,26.2311,2,0,0,0,93.836,8.0,0.150974
S02595,1,53.4367,4,1,1,0,103.7096,8.0,0.606413
S02596,0,29.1876,1,0,1,0,96.0587,8.0,0.18791
S02597,1,61.4178,6,1,1,1,185.4818,8.0,0.781237
S02598,1,57.3523,4,1,1,0,159.0391,8.0,0.682272
S02599,0,43.8309,2,1,1,0,126.9189,8.0,0.492879
S02600,0,38.0296,5,0,1,1,128.6193,8.0,0.421094
S02601,0,34.167,3,0,1,1,103.9146,8.0,0.256067
S02602,0,36.4449,3,0,1,0,152.1395,8.0,0.371179
S02603,1,38.7571,3,0,0,0,135.1317,8.0,0.235194
S02604,0,38.9384,4,0,1,1,143.8746,8.0,0.371275
S02605,0,41.6691,5,1,0,1,137.4216,8.0,0.533582
S02606,0,37.0713,3,0,1,1,135.6665,8.0,0.294007
S02607,0,31.477,1,1,0,1,84.5893,8.0,0.200614
S02608,0,30.5609,3,0,0,1,106.9136,8.0,0.168189
S02609,0,29.7881,0,1,0,1,76.1581,8.0,0.150198
S02610,1,49.3817,2,1,1,1,70.2497,8.0,0.350122
S02611,0,41.4604,5,1,0,1,113.0346,8.0,0.497052
S02612,1,44.786,2,1,0,0,111.5576,8.0,0.33835
S02613,0,33.4219,3,0,1,1,102.7818,8.0,0.254774
S02614,0,29.4077,4,0,0,1,123.0316,8.0,0.231153
S02615,1,46.5522,3,1,0,0,135.0122,8.0,0.44277
S02616,0,45.2211,3,1,1,0,122.149,8.0,0.560427
S02617,0,27.9284,2,0,0,1,126.1076,8.0,0.143889
S02618,0,34.3907,5,0,0,1,154.9396,8.0,0.329519
S02619,0,31.6856,5,0,0,1,148.2905,8.0,0.320765
S02620,0,35.9542,3,0,1,0,115.1676,8.0,0.32104
S02621,1,54.3095,3,1,1,0,131.0508,8.0,0.573539
S02622,0,29.8089,1,0,1,0,127.9507,8.0,0.218865
S02623,0,46.2115,4,1,0,0,134.9725,8.0,0.517452
S02624,0,23.803,1,0,0,1,75.8222,8.0,0.084319
S02625,0,36.9055,3,1,0,0,84.945,8.0,0.37044
S02626,1,43.662,4,0,0,0,149.8152,8.0,0.311931
S02627,1,56.9933,3,1,1,0,157.9494,8.0,0.612467
S02628,1,55.2436,5,1,1,1,100.6034,8.0,0.613873
S02629,0,28.1788,3,0,0,1,122.0734,8.0,0.181301
S02630,0,40.5501,3,1,0,0,106.191,8.0,0.400627
S02631,1,44.6166,2,0,1,0,135.8469,8.0,0.283957
S02632,1,35.9855,3,0,0,1,107.8124,8.0,0.168945
S02633,0,31.5881,2,1,0,1,86.4903,8.0,0.255202
S02634,0,41.6047,4,1,0,0,120.8354,8.0,0.496253
S02635,0,54.1214,6,1,1,1,119.0754,8.0,0.705671
S02636,0,43.1148,2,1,1,1,112.6885,8.0,0.410023
S02637,1,57.6804,4,1,1,1,146.7749,8.0,0.608414
S02638,1,40.8806,2,0,1,1,110.5206,8.0,0.209677
S02639,0,32.6965,1,1,0,1,112.3708,8.0,0.228681
S02640,1,41.5089,2,0,1,1,162.115,8.0,0.265552
S02641,1,36.3428,3,0,0,1,86.1955,8.0,0.151507
S02642,0,27.359,1,0,1,1,85.6967,8.0,0.14482
S02643,0,34.6461,2,1,0,1,101.1149,8.0,0.272235
S02644,1,61.2669,5,1,1,1,165.6203,8.0,0.701347
S02645,0,48.0212,4,1,1,1,161.6333,8.0,0.629436
S02646,1,39.0631,2,0,0,0,126.6881,8.0,0.178013
S02647,1,40.1921,1,0,1,0,101.8272,8.0,0.193249
S02648,1,43.669,1,1,0,1,113.902,8.0,0.230305
S02649,0,38.3176,3,1,0,1,92.6982,8.0,0.324359
S02650,0,37.9551,3,1,0,0,131.7588,8.0,0.43796
S02651,1,42.0997,1,1,0,0,114.8088,8.0,0.278654
S02652,0,32.6786,1,0,1,1,126.8982,8.0,0.178197
S02653,0,39.0224,1,1,1,1,118.3356,8.0,0.347514
S02654,0,57.0251,6,1,1,0,150.3383,8.0,0.787853
S02655,0,38.3199,4,0,1,1,142.5477,8.0,0.369418
S02656,0,32.4671,4,0,0,1,96.2059,8.0,0.203791
S02657,0,22.7529,2,0,0,1,75.5508,8.0,0.110397
S02658,0,39.312,6,0,0,1,149.8561,8.0,0.391535
S02659,0,41.4197,6,0,1,1,158.656,8.0,0.540396
S02660,1,46.5682,3,1,0,1,90.0237,8.0,0.320852
S02661,0,33.0697,1,1,0,1,89.8834,8.0,0.205756
S02662,1,61.156,6,1,1,1,158.0823,8.0,0.751848
S02663,1,41.5638,2,1,0,1,130.8351,8.0,0.308959
S02664,1,56.2868,6,1,0,1,156.7853,8.0,0.634301
S02665,1,57.5891,3,1,1,0,149.07,8.0,0.599749
S02666,0,26.4054,1,0,0,1,82.7046,8.0,0.087562
S02667,0,44.1758,3,1,1,1,151.6226,8.0,0.542332
S02668,1,60.5848,6,1,1,1,151.5133,8.0,0.744422
S02669,0,23.2478,1,0,0,1,95.709,8.0,0.094
S02670,1,53.4766,6,1,0,1,141.1201,8.0,0.612236
S02671,0,31.2882,4,0,0,1,106.7644,8.0,0.214264
S02672,0,30.3653,3,0,0,1,103.1993,8.0,0.165094
S02673,0,30.3025,3,0,0,0,108.6899,8.0,0.207862
S02674,1,36.0318,0,0,1,1,135.426,8.0,0.144619
S02675,0,54.3843,4,1,1,1,190.6987,8.0,0.669117
S02676,1,46.57,3,1,0,1,97.8237,8.0,0.331135
S02677,0,29.4063,1,0,1,1,101.6089,8.0,0.15705
S02678,1,49.4103,6,0,1,1,161.3669,8.0,0.544433
S02679,1,56.6583,2,1,1,0,145.4661,8.0,0.520687
S02680,0,29.7811,0,0,1,0,112.0771,8.0,0.158753
S02681,0,48.109,4,1,1,1,102.507,8.0,0.543649
S02682,0,39.3719,4,0,1,1,119.0379,8.0,0.337206
S02683,0,43.7137,2,1,1,1,127.4148,8.0,0.431555
S02684,1,48.9554,4,0,1,1,173.8881,8.0,0.41419
S02685,1,35.158,3,0,0,1,108.5116,8.0,0.169534
S02686,1,66.4101,9,1,1,0,161.7668,8.0,0.907258
S02687,0,33.8853,2,0,1,1,152.0204,8.0,0.253908
S02688,1,47.39,1,1,1,1,97.0062,8.0,0.319089
S02689,0,31.1903,2,0,1,0,108.1993,8.0,0.251467
S02690,0,39.7515,2,1,0,0,120.4966,8.0,0.350459
S02691,0,40.4532,4,0,1,0,179.9691,8.0,0.484958
S02692,1,64.705,6,1,1,0,185.8278,8.0,0.821269
S02693,1,41.9293,5,0,0,1,158.7404,8.0,0.334577
S02694,0,36.4821,2,0,1,0,129.6417,8.0,0.276448
S02695,0,33.2905,2,0,1,0,66.8031,8.0,0.207645
S02696,0,35.082,3,0,1,1,110.3055,8.0,0.26344
S02697,1,60.4199,5,1,1,1,152.7008,8.0,0.684862
S02698,0,43.5803,2,1,1,0,97.4783,8.0,0.448896
S02699,1,60.9163,5,1,1,0,157.3943,8.0,0.741612
S02700,0,43.5349,2,1,1,0,116.2903,8.0,0.476952
S02701,0,49.7237,4,1,1,0,176.5186,8.0,0.704561
S02702,1,40.1536,4,0,0,0,119.6432,8.0,0.274454
S02703,1,51.7051,4,0,1,0,214.9656,8.0,0.537379
S02704,0,30.1255,2,0,0,0,107.4753,8.0,0.161766
S02705,1,56.4589,4,1,1,0,169.02,8.0,0.69511
S02706,1,54.6224,5,1,1,1,138.7392,8.0,0.666508
S02707,1,43.5602,2,1,0,1,110.6881,8.0,0.283763
S02708,1,44.0676,2,1,0,0,75.3372,8.0,0.291528
S02709,0,30.5094,2,0,0,0,104.3756,8.0,0.15926
S02710,0,40.091,4,0,1,0,130.1706,8.0,0.411207
S02711,0,44.1232,5,1,0,1,130.1688,8.0,0.522737
S02712,0,27.6222,1,0,0,0,80.772,8.0,0.108576
S02713,0,26.791,1,0,0,1,111.8474,8.0,0.102577
S02714,0,45.041,6,0,1,0,175.2294,8.0,0.625129
S02715,0,41.4647,4,1,0,1,120.5107,8.0,0.43366
S02716,0,32.5787,2,0,1,1,144.0868,8.0,0.244996
S02717,1,58.9787,5,1,1,0,154.8281,8.0,0.738651
S02718,1,50.4767,5,0,1,1,162.0476,8.0,0.470605
S02719,1,57.0134,4,1,1,1,122.4683,8.0,0.573173
S02720,0,37.0877,2,1,0,1,133.6904,8.0,0.312629
S02721,1,58.2959,4,1,1,1,167.2617,8.0,0.637278
S02722,1,48.1695,4,1,0,0,105.8899,8.0,0.473859
S02723,0,29.1379,3,0,0,0,131.9246,8.0,0.231751
S02724,1,51.7436,2,1,1,0,96.6925,8.0,0.44773
S02725,0,37.5228,3,0,1,0,165.7991,8.0,0.390501
S02726,0,32.9424,2,0,1,1,137.1174,8.0,0.237344
S02727,1,41.0782,2,1,0,1,105.0688,8.0,0.276961
S02728,0,19.3896,0,0,0,0,68.0022,8.0,0.077131
S02729,0,33.4926,3,0,1,1,80.3163,8.0,0.230037
S02730,0,36.3115,4,0,1,1,154.0864,8.0,0.385686
S02731,1,42.0195,1,0,1,0,107.4689,8.0,0.198581
S02732,1,54.3387,3,1,1,1,139.9105,8.0,0.524845
S02733,1,43.9436,5,0,0,0,152.2102,8.0,0.383023
S02734,0,36.9021,4,0,1,1,126.7647,8.0,0.347644
S02735,1,53.5902,3,1,1,1,123.9099,8.0,0.500865
S02736,0,27.3026,3,0,0,1,144.1948,8.0,0.20184
S02737,0,42.5165,4,1,0,0,89.1408,8.0,0.44889
S02738,0,39.7133,4,1,0,1,86.8975,8.0,0.384944
S02739,1,57.7562,5,1,1,0,149.2329,8.0,0.732118
S02740,0,53.7845,4,1,1,0,154.2807,8.0,0.676051
S02741,1,58.3673,4,1,1,1,143.7913,8.0,0.604141
S02742,0,40.5361,3,1,0,1,143.2603,8.0,0.394022
S02743,1,56.8806,6,1,0,1,165.7318,8.0,0.64666
S02744,0,24.6071,0,0,1,0,110.1178,8.0,0.157189
S02745,0,48.4268,4,1,1,0,105.7874,8.0,0.609384
S02746,0,26.3773,1,0,0,0,80.7452,8.0,0.108561
S02747,0,27.7807,3,0,0,1,63.4788,8.0,0.134805
S02748,1,43.4041,2,0,1,0,101.7276,8.0,0.244229
S02749,0,26.2406,1,0,0,1,135.3309,8.0,0.116293
S02750,0,27.0944,2,0,0,0,80.476,8.0,0.140984
S02751,0,40.686,2,1,1,1,108.4209,8.0,0.403844
S02752,0,46.9772,3,1,1,0,148.2046,8.0,0.598502
S02753,1,63.6807,6,1,1,0,165.7237,8.0,0.802872
S02754,0,45.1074,4,1,1,1,129.2579,8.0,0.583109
S02755,0,36.6013,2,1,0,0,89.12,8.0,0.308897
S02756,0,40.2298,3,1,0,0,101.0524,8.0,0.393247
S02757,0,32.6859,1,0,1,0,87.2854,8.0,0.180009
S02758,0,30.7075,2,0,0,0,111.4988,8.0,0.165066
S02759,0,42.506,4,1,0,1,146.0139,8.0,0.471552
S02760,0,25.8476,2,0,0,0,70.2689,8.0,0.133729
S02761,1,58.6763,5,1,1,1,140.8255,8.0,0.669285
S02762,0,36.5785,4,0,1,0,110.6692,8.0,0.383201
S02763,0,41.061,1,1,1,1,126.2652,8.0,0.358379
S02764,0,56.3397,6,1,1,0,178.0759,8.0,0.814339
S02765,0,48.2102,4,1,1,1,175.7097,8.0,0.648912
S02766,1,55.0803,2,1,1,0,155.5139,8.0,0.53571
S02767,0,45.8424,3,1,1,1,138.3532,8.0,0.522515
S02768,0,35.9955,2,0,1,0,152.2439,8.0,0.304378
S02769,0,35.8683,3,0,1,0,130.4946,8.0,0.341407
S02770,0,39.7912,2,1,0,0,133.7732,8.0,0.368802
S02771,1,56.6548,5,1,1,1,127.0981,8.0,0.650807
S02772,0,21.4645,1,0,0,0,70.5185,8.0,0.102764
S02773,1,49.6837,4,1,0,0,115.5889,8.0,0.488385
S02774,1,54.7296,4,1,1,1,166.1059,8.0,0.635674
S02775,0,26.9814,2,0,0,1,124.8621,8.0,0.142971
S02776,1,37.0251,4,0,0,1,97.4959,8.0,0.20505
S02777,0,45.8998,4,1,1,0,137.2585,8.0,0.653294
S02778,0,33.9335,2,0,1,1,118.7557,8.0,0.217982
S02779,0,27.1413,2,0,0,1,85.6757,8.0,0.116506
S02780,1,38.3401,1,1,0,1,80.0407,8.0,0.196273
S02781,0,29.35,2,0,0,0,136.829,8.0,0.187091
S02782,0,31.5624,4,0,0,1,117.3244,8.0,0.225124
S02783,1,46.0505,3,0,1,1,130.8696,8.0,0.288069
S02784,0,39.8331,4,0,1,1,154.5494,8.0,0.386345
S02785,1,44.8956,2,0,1,0,164.1474,8.0,0.319708
S02786,0,34.4059,3,0,1,1,104.8112,8.0,0.257093
S02787,0,29.961,1,0,1,0,110.8476,8.0,0.201827
S02788,0,40.0984,0,1,1,0,104.4427,8.0,0.317921
S02789,0,40.3879,5,0,1,1,145.5667,8.0,0.446061
S02790,0,34.049,2,1,0,0,64.3766,8.0,0.278133
S02791,0,31.8532,5,0,0,0,107.1832,8.0,0.321497
S02792,1,55.8331,3,1,1,1,112.0766,8.0,0.483121
S02793,0,42.2152,1,1,1,1,111.4917,8.0,0.338262
S02794,0,48.1809,3,1,1,1,149.5466,8.0,0.539239
S02795,1,61.5559,4,1,1,0,177.5532,8.0,0.705851
S02796,0,31.2549,2,0,1,1,121.1657,8.0,0.220457
S02797,0,29.8111,3,0,0,1,97.5421,8.0,0.160468
S02798,0,37.8431,3,0,1,1,113.0866,8.0,0.26669
S02799,1,35.605,3,0,0,0,100.6018,8.0,0.199985
S02800,0,41.1382,4,1,0,1,120.2209,8.0,0.433233
S02801,0,31.9204,4,0,0,1,131.3738,8.0,0.240168
S02802,0,23.3104,1,0,0,0,102.9756,8.0,0.122159
S02803,0,39.0513,5,0,1,1,139.073,8.0,0.436455
S02804,0,30.1783,4,0,0,1,127.8239,8.0,0.236303
S02805,1,44.796,3,0,1,0,147.7833,8.0,0.365099
S02806,0,36.3646,3,0,1,0,118.5474,8.0,0.325477
S02807,0,29.8464,2,0,0,1,112.386,8.0,0.134042
S02808,1,47.9457,3,1,0,0,106.6973,8.0,0.401356
S02809,1,47.1228,4,1,0,1,120.7875,8.0,0.434067
S02810,1,46.6084,2,0,1,1,183.7147,8.0,0.291582
S02811,0,38.336,4,0,1,0,123.2828,8.0,0.401239
S02812,1,44.638,2,1,0,1,89.4139,8.0,0.25855
S02813,1,51.4844,4,0,1,0,166.213,8.0,0.46438
S02814,0,41.6988,2,1,1,1,116.4142,8.0,0.415442
S02815,0,25.2484,0,0,1,1,116.2135,8.0,0.130935
S02816,1,52.03,5,1,0,1,162.3709,8.0,0.570582
S02817,0,57.4271,7,1,1,1,199.8667,8.0,0.840131
S02818,0,32.7237,2,0,1,1,127.0833,8.0,0.226619
S02819,0,32.6052,2,0,1,0,127.5662,8.0,0.273964
S02820,0,31.0623,3,0,0,1,141.9012,8.0,0.199633
S02821,0,37.4516,6,0,0,1,143.505,8.0,0.382495
S02822,0,34.2606,3,0,1,0,137.5023,8.0,0.350923
S02823,1,39.8522,2,0,1,0,126.9266,8.0,0.273201
S02824,0,36.6262,3,1,0,1,117.5973,8.0,0.357917
S02825,0,45.0088,1,1,1,0,182.1724,8.0,0.500759
S02826,1,51.2164,4,1,0,0,168.7978,8.0,0.567777
S02827,0,30.4441,1,0,1,1,133.0653,8.0,0.18368
S02828,0,41.8659,4,1,0,1,103.3685,8.0,0.408592
S02829,1,47.6662,3,0,1,0,150.5594,8.0,0.368969
S02830,0,42.6294,1,1,1,1,136.6166,8.0,0.372782
S02831,0,37.3539,2,1,0,0,127.8049,8.0,0.360506
S02832,1,54.2708,6,1,0,1,145.3642,8.0,0.618264
S02833,1,49.8791,4,0,1,0,142.199,8.0,0.428786
S02834,0,43.5713,4,0,1,0,144.6534,8.0,0.432397
S02835,1,43.4865,4,0,0,0,95.8162,8.0,0.246921
S02836,1,53.1734,3,1,1,1,116.7313,8.0,0.490098
S02837,0,31.1836,2,0,1,1,132.7555,8.0,0.232639
S02838,0,36.7888,1,1,0,0,111.0724,8.0,0.27417
S02839,0,35.4574,1,0,1,0,139.4286,8.0,0.230866
S02840,0,37.0177,3,0,1,0,133.8164,8.0,0.345902
S02841,0,34.8041,2,0,1,0,130.0845,8.0,0.27698
S02842,1,57.5243,5,1,1,0,151.3734,8.0,0.73463
S02843,1,49.103,3,1,0,1,143.6936,8.0,0.394643
S02844,1,56.3542,6,0,1,0,183.0648,8.0,0.63608
S02845,1,52.7075,2,1,1,1,154.0343,8.0,0.471084
S02846,1,54.3597,4,1,1,1,129.2384,8.0,0.58308
S02847,0,41.362,4,1,0,0,110.4299,8.0,0.480654
S02848,1,61.0402,4,1,1,0,184.178,8.0,0.714036
S02849,0,26.3512,3,0,0,1,79.74,8.0,0.146595
S02850,0,26.7191,2,0,0,1,109.6746,8.0,0.132165
S02851,0,34.7635,3,0,1,0,117.2282,8.0,0.323741
S02852,0,51.0162,6,1,0,0,139.5827,8.0,0.667632
S02853,1,46.5689,5,1,0,1,105.8329,8.0,0.486253
S02854,0,46.7212,7,0,1,1,174.2982,8.0,0.635478
S02855,0,39.2733,1,1,1,1,103.6247,8.0,0.327778
S02856,0,32.3477,3,0,1,0,100.5501,8.0,0.30223
S02857,0,45.5631,2,1,1,0,129.396,8.0,0.496594
S02858,0,37.7593,3,0,1,0,131.6114,8.0,0.342915
S02859,0,38.8677,2,1,0,0,109.4893,8.0,0.335578
S02860,0,25.709,2,0,0,0,77.9491,8.0,0.139157
S02861,0,25.1115,2,0,0,1,93.1381,8.0,0.121194
S02862,0,37.7759,3,1,0,1,91.5519,8.0,0.322854
S02863,1,47.3131,3,1,0,0,99.1961,8.0,0.390592
S02864,0,37.5405,3,0,1,0,143.7691,8.0,0.359534
S02865,0,25.8669,2,0,0,0,115.0042,8.0,0.167985
S02866,0,38.3116,3,0,1,0,117.1595,8.0,0.323651
S02867,0,34.994,3,0,1,0,106.8385,8.0,0.310246
S02868,1,46.0004,1,1,1,1,92.2056,8.0,0.312863
S02869,0,33.7818,2,0,1,0,130.5893,8.0,0.277587
S02870,0,24.991,1,0,0,1,113.0905,8.0,0.103265
S02871,0,31.9731,4,0,0,0,101.9537,8.0,0.253832
S02872,1,43.6669,5,0,1,1,111.1047,8.0,0.39571
S02873,1,65.6549,5,1,1,0,177.5835,8.0,0.764138
S02874,1,64.6996,6,1,1,0,167.7436,8.0,0.804783
S02875,0,34.4068,3,0,1,1,132.8303,8.0,0.290487
S02876,0,33.2645,5,0,0,1,110.4008,8.0,0.273369
S02877,1,54.1519,8,0,1,1,163.8489,8.0,0.688495
S02878,1,52.1882,3,1,1,1,96.1369,8.0,0.459296
S02879,1,46.2737,3,1,0,1,117.5329,8.0,0.357828
S02880,1,59.1273,5,1,1,1,151.0495,8.0,0.682719
S02881,0,41.9581,4,0,1,0,158.4079,8.0,0.452753
S02882,0,25.9163,0,0,1,1,121.2292,8.0,0.134397
S02883,0,23.6745,1,0,0,1,112.4034,8.0,0.102884
S02884,1,50.1941,5,0,1,0,141.0255,8.0,0.501538
S02885,0,22.4599,1,0,0,1,132.4959,8.0,0.114556
S02886,1,35.0009,0,0,1,1,119.4543,8.0,0.133163
S02887,1,52.347,4,1,1,1,115.117,8.0,0.562349
S02888,0,38.7598,1,1,0,0,153.1813,8.0,0.327192
S02889,1,46.5329,3,1,0,1,153.7074,8.0,0.409083
S02890,0,44.2038,4,1,0,1,116.5428,8.0,0.427822
S02891,1,51.3158,4,1,1,1,107.0595,8.0,0.550417
S02892,1,41.6543,1,0,1,0,129.017,8.0,0.21996
S02893,0,37.9618,2,1,0,0,95.7368,8.0,0.317436
S02894,0,41.3612,4,0,1,1,149.4916,8.0,0.379175
S02895,0,42.0754,2,1,1,1,114.0015,8.0,0.41193
S02896,0,42.1121,4,1,0,1,127.9163,8.0,0.444603
S02897,1,46.628,2,1,0,0,120.6185,8.0,0.350626
S02898,0,37.5579,3,0,1,0,126.6793,8.0,0.336278
S02899,0,43.1459,4,1,0,0,104.209,8.0,0.471345
S02900,0,33.0363,2,1,0,1,88.7743,8.0,0.257815
S02901,1,52.4635,2,1,1,1,129.9035,8.0,0.435221
S02902,0,44.5877,3,1,1,1,128.7289,8.0,0.508093
S02903,0,25.8084,1,0,0,1,123.9878,8.0,0.109479
S02904,0,31.6044,0,1,0,1,88.9333,8.0,0.160246
S02905,0,16.1613,0,0,0,1,48.9655,8.0,0.054878
S02906,1,59.358,9,0,1,1,191.2377,8.0,0.778583
S02907,0,33.0957,4,0,0,0,121.1653,8.0,0.276276
S02908,0,44.2704,2,1,1,0,110.0128,8.0,0.467565
S02909,0,38.8816,3,1,0,1,105.4376,8.0,0.34133
S02910,0,30.5201,1,1,0,1,118.5012,8.0,0.235233
S02911,0,40.186,3,1,0,0,84.5876,8.0,0.36994
S02912,0,30.8895,1,1,0,1,86.795,8.0,0.202744
S02913,0,28.6968,2,0,0,0,125.4824,8.0,0.176956
S02914,1,58.9411,6,1,1,1,142.2895,8.0,0.733751
S02915,0,30.195,2,0,0,0,106.8347,8.0,0.161245
S02916,0,41.4143,2,1,0,0,155.28,8.0,0.399315
S02917,0,45.1669,2,1,1,1,172.9278,8.0,0.499392
S02918,0,26.1843,0,0,1,1,117.9533,8.0,0.132127
S02919,1,43.3377,3,0,1,1,129.2465,8.0,0.286076
S02920,1,46.9781,3,0,1,1,157.6521,8.0,0.322111
S02921,1,64.2055,7,1,1,0,170.7945,8.0,0.850021
S02922,0,39.2304,0,1,1,1,96.5166,8.0,0.257137
S02923,0,41.1162,1,1,1,1,100.0172,8.0,0.323027
S02924,1,34.4491,2,0,0,0,152.9986,8.0,0.202296
S02925,0,39.5945,1,1,1,1,107.848,8.0,0.333386
S02926,0,46.7089,4,1,1,1,111.1546,8.0,0.55649
S02927,0,37.0207,2,0,1,0,147.9527,8.0,0.298954
S02928,0,42.0872,4,1,0,1,130.9062,8.0,0.449037
S02929,0,32.7091,3,0,0,1,132.3645,8.0,0.190647
S02930,1,53.7515,2,1,1,0,122.6336,8.0,0.486454
S02931,1,49.5676,3,1,0,0,129.9097,8.0,0.435231
S02932,0,43.3012,6,0,0,0,165.632,8.0,0.475967
S02933,0,31.3819,4,0,0,1,141.7567,8.0,0.25172
S02934,0,29.4289,3,0,0,1,83.3029,8.0,0.14929
S02935,0,42.0792,5,1,0,1,100.1739,8.0,0.477776
S02936,0,32.4757,2,1,0,1,69.59,8.0,0.236411
S02937,0,31.3735,3,0,0,1,145.7383,8.0,0.203337
S02938,1,50.0374,5,0,1,1,161.5131,8.0,0.469806
S02939,1,50.1975,4,1,0,1,139.3467,8.0,0.461596
S02940,1,36.5335,2,0,1,1,80.0527,8.0,0.180986
S02941,0,24.6923,2,0,0,0,62.29,8.0,0.128279
S02942,0,38.6355,1,1,1,0,125.2075,8.0,0.416112
S02943,0,40.6155,3,1,0,0,120.4281,8.0,0.421302
S02944,0,35.6837,3,0,1,0,107.6723,8.0,0.311318
S02945,0,31.4313,2,0,1,1,118.7964,8.0,0.218024
S02946,0,36.4751,5,0,0,1,121.9453,8.0,0.287342
S02947,0,47.7121,4,1,1,0,112.906,8.0,0.619502
S02948,0,37.8762,3,1,0,0,93.2822,8.0,0.38218
S02949,1,46.5707,2,1,0,0,91.2381,8.0,0.311617
S02950,1,52.9728,3,1,0,1,150.9469,8.0,0.405086
S02951,1,53.8209,3,1,1,1,159.6649,8.0,0.554283
S02952,0,33.2093,2,0,1,0,103.6982,8.0,0.246418
S02953,1,46.8582,3,0,1,0,154.093,8.0,0.373919
S02954,0,36.22,2,1,0,0,94.045,8.0,0.315241
S02955,0,49.4648,5,1,1,0,152.0016,8.0,0.735364
S02956,1,48.4127,4,1,0,0,116.9452,8.0,0.490419
S02957,1,54.5194,4,1,1,1,100.6076,8.0,0.54082
S02958,1,45.5969,4,0,1,1,113.958,8.0,0.330428
S02959,0,30.5692,1,1,0,0,93.2962,8.0,0.253464
S02960,1,47.9225,5,0,1,1,150.2878,8.0,0.45307
S02961,0,45.865,4,1,1,0,97.1276,8.0,0.596948
S02962,1,40.5026,5,0,0,1,121.6443,8.0,0.286972
S02963,0,39.5945,3,0,1,0,128.1889,8.0,0.338303
S02964,0,29.8827,1,0,1,0,81.4323,8.0,0.174883
S02965,1,55.1051,4,1,1,0,114.4325,8.0,0.621659
S02966,1,58.5785,4,1,1,1,180.8896,8.0,0.655959
S02967,0,29.7432,0,0,1,0,104.1632,8.0,0.152514
S02968,0,41.2083,4,1,0,0,105.8809,8.0,0.473845
S02969,1,51.5618,3,1,1,1,133.5874,8.0,0.515376
S02970,0,40.0801,2,1,1,1,118.1469,8.0,0.417968
S02971,0,53.911,7,1,1,0,135.5349,8.0,0.821011
S02972,1,43.5808,5,0,0,0,108.4388,8.0,0.323142
S02973,1,48.4729,2,1,0,1,140.5569,8.0,0.32155
S02974,0,47.0228,6,1,0,1,119.2744,8.0,0.5807
S02975,1,47.5591,4,1,0,1,128.1272,8.0,0.444915
S02976,0,34.8215,5,0,0,0,143.2968,8.0,0.370466
S02977,1,47.1235,2,1,1,1,115.2206,8.0,0.413703
S02978,0,30.1297,2,0,0,0,135.8396,8.0,0.18619
S02979,1,48.549,3,1,1,0,58.8183,8.0,0.465781
S02980,0,48.278,8,0,1,1,164.684,8.0,0.689569
S02981,0,37.9326,4,1,0,1,99.1682,8.0,0.402516
S02982,1,54.5471,4,1,1,0,128.9452,8.0,0.641912
S02983,0,35.3424,4,0,1,0,71.6129,8.0,0.329528
S02984,0,29.8058,5,0,0,1,107.4135,8.0,0.269823
S02985,0,24.9607,1,0,0,1,114.907,8.0,0.104279
S02986,0,40.4308,3,0,1,1,134.5573,8.0,0.292628
S02987,0,43.944,3,1,1,1,151.4562,8.0,0.542084
S02988,1,51.5653,3,1,1,0,105.5257,8.0,0.535728
S02989,0,47.7993,4,1,1,1,147.2749,8.0,0.609128
S02990,0,34.7865,4,0,0,1,168.6197,8.0,0.283273
S02991,0,31.2535,3,0,0,0,93.3449,8.0,0.19311
S02992,1,37.5206,1,0,1,1,86.8757,8.0,0.145698
S02993,1,44.4578,3,0,1,1,151.1935,8.0,0.313708
S02994,1,43.163,1,0,1,0,146.1743,8.0,0.238131
S02995,0,21.9439,0,0,0,0,96.9946,8.0,0.09046
S02996,0,33.232,2,0,1,0,123.3918,8.0,0.26901
S02997,0,34.0834,4,0,1,1,83.3313,8.0,0.291107
S02998,1,49.8628,4,0,1,0,137.3348,8.0,0.421653
S02999,0,47.2236,3,1,1,1,174.4244,8.0,0.576042
S03000,1,54.0478,3,1,1,1,132.9377,8.0,0.514403
S03001,0,32.0615,2,1,0,1,102.0856,8.0,0.273391
S03002,1,66.163,8,1,1,0,122.561,8.0,0.851367
S03003,0,36.0789,3,0,1,1,112.8912,8.0,0.266461
S03004,0,45.1075,2,1,1,1,149.1291,8.0,0.463757
S03005,0,36.3817,0,1,1,1,93.6001,8.0,0.253809
S03006,0,37.0322,3,0,1,0,153.716,8.0,0.373389
S03007,1,44.9852,4,0,1,0,125.7575,8.0,0.404812
S03008,1,57.6331,4,1,1,0,118.7195,8.0,0.627689
S03009,0,32.1064,2,0,1,0,99.5337,8.0,0.241807
S03010,0,22.2519,0,0,0,1,74.5409,8.0,0.063402
S03011,0,36.2348,0,1,0,0,93.1665,8.0,0.200848
S03012,1,37.5329,1,0,1,1,95.0987,8.0,0.151947
S03013,0,30.1828,1,0,1,1,93.1622,8.0,0.150456
S03014,1,40.0502,2,0,1,1,135.0816,8.0,0.23514
S03015,1,52.7778,5,1,0,0,139.4488,8.0,0.597893
S03016,0,35.1989,2,0,1,0,89.8574,8.0,0.231323
S03017,0,40.4305,0,1,1,0,147.9221,8.0,0.376961
S03018,0,26.4992,2,0,0,1,102.7061,8.0,0.127442
S03019,1,57.3373,6,1,0,0,160.6923,8.0,0.695117
S03020,0,38.4145,2,0,1,0,132.9734,8.0,0.280464
S03021,0,43.6028,2,1,1,0,114.356,8.0,0.474057
S03022,0,35.1161,2,0,1,0,121.9868,8.0,0.267356
S03023,0,27.2074,1,0,0,0,117.6255,8.0,0.131902
S03024,0,44.6246,3,1,1,0,130.3424,8.0,0.572499
S03025,1,51.4083,5,1,0,0,105.1777,8.0,0.547622
S03026,0,35.7306,2,1,0,1,77.7447,8.0,0.245357
S03027,0,23.3492,1,0,0,0,99.9092,8.0,0.120199
S03028,0,34.4069,2,0,1,0,122.3176,8.0,0.267745
S03029,0,51.4987,6,1,1,1,131.4104,8.0,0.720806
S03030,0,39.2052,3,1,0,1,129.6748,8.0,0.374736
S03031,0,42.1103,5,0,1,1,185.2729,8.0,0.505409
S03032,1,48.1451,4,0,1,1,196.2213,8.0,0.447031
S03033,0,22.6885,1,0,0,0,67.812,8.0,0.101276
S03034,1,52.4361,2,1,1,0,156.2052,8.0,0.536741
S03035,0,31.173,1,0,1,0,114.3415,8.0,0.205225
S03036,0,31.8388,2,0,0,0,117.4005,8.0,0.170004
S03037,1,49.9535,4,1,0,1,94.8268,8.0,0.396268
S03038,1,65.4309,8,1,1,0,132.6915,8.0,0.858896
S03039,0,30.8264,2,0,1,1,76.189,8.0,0.177575
S03040,0,31.9258,1,0,1,1,113.2624,8.0,0.16653
S03041,0,40.0731,5,0,1,1,137.7745,8.0,0.43454
S03042,1,41.2644,2,0,1,1,122.0803,8.0,0.221401
S03043,0,22.9996,1,0,0,1,106.5365,8.0,0.09968
S03044,0,44.5512,3,1,1,1,131.5482,8.0,0.51232
S03045,1,55.2777,5,1,0,0,150.3872,8.0,0.613565
S03046,1,44.8961,4,0,1,1,142.0804,8.0,0.368765
S03047,0,32.8171,4,0,0,0,120.0398,8.0,0.274928
S03048,1,42.9548,1,1,0,1,132.435,8.0,0.250605
S03049,0,28.5154,1,0,1,1,77.5284,8.0,0.138855
S03050,1,58.8935,5,1,1,1,163.2061,8.0,0.698304
S03051,1,50.0958,5,1,0,0,149.8147,8.0,0.61275
S03052,1,55.3633,5,1,1,0,112.9951,8.0,0.687395
S03053,0,21.9176,0,0,0,0,84.3353,8.0,0.084402
S03054,0,55.5328,6,1,1,1,149.4748,8.0,0.742088
S03055,0,41.2941,4,0,1,0,123.5388,8.0,0.401609
S03056,0,32.3525,3,0,0,0,125.0447,8.0,0.224483
S03057,0,24.5539,1,0,1,1,61.9452,8.0,0.128048
S03058,0,49.9582,5,1,0,1,145.7478,8.0,0.545991
S03059,0,32.9853,2,0,1,1,96.7016,8.0,0.196267
S03060,1,38.0541,4,0,0,1,128.1295,8.0,0.236634
S03061,1,47.0959,3,0,1,0,146.4261,8.0,0.363213
S03062,0,43.3463,3,1,0,0,114.0972,8.0,0.412069
S03063,0,48.3881,5,1,1,1,117.035,8.0,0.636964
S03064,0,38.3894,1,1,1,1,100.2599,8.0,0.323345
S03065,0,21.4644,1,0,0,1,60.6586,8.0,0.077554
S03066,0,47.6599,2,1,1,0,164.6434,8.0,0.549304
S03067,1,59.1933,7,1,0,0,162.1818,8.0,0.756409
S03068,0,25.2115,1,0,0,1,117.4793,8.0,0.10573
S03069,1,52.296,2,1,1,0,130.2719,8.0,0.497908
S03070,0,24.9846,1,0,0,1,98.5207,8.0,0.095446
S03071,0,49.4135,3,1,1,0,161.4627,8.0,0.617459
S03072,1,42.432,1,1,0,0,94.0729,8.0,0.254347
S03073,0,38.4099,1,1,1,1,113.9762,8.0,0.341607
S03074,0,38.7795,3,1,0,1,146.235,8.0,0.398291
S03075,0,34.0217,1,0,1,1,165.422,8.0,0.214591
S03076,1,32.3244,1,0,0,1,74.0987,8.0,0.083524
S03077,1,48.1763,4,1,0,0,102.7527,8.0,0.469168
S03078,1,46.901,3,0,1,0,156.2732,8.0,0.376986
S03079,1,56.8564,4,1,1,1,111.6897,8.0,0.557282
S03080,1,55.3798,5,1,1,1,164.1721,8.0,0.699524
S03081,1,44.2408,2,1,0,1,99.5424,8.0,0.27037
S03082,0,39.378,3,0,1,0,181.7577,8.0,0.413515
S03083,1,58.0658,4,1,1,1,140.6686,8.0,0.599651
S03084,0,37.4743,2,1,0,0,102.8487,8.0,0.326753
S03085,0,43.7013,3,1,1,1,118.5422,8.0,0.492814
S03086,0,44.9507,3,1,1,1,161.9829,8.0,0.557716
S03087,1,52.6509,2,1,1,1,131.6105,8.0,0.437741
S03088,0,28.6607,1,0,1,1,91.2513,8.0,0.148997
S03089,0,36.4105,4,0,0,0,156.59,8.0,0.320721
S03090,0,27.0071,3,0,0,1,99.8188,8.0,0.162317
S03091,1,36.9237,0,0,1,1,119.763,8.0,0.133377
S03092,0,40.2126,5,0,1,1,95.0612,8.0,0.372938
S03093,1,33.3932,2,0,0,0,72.2434,8.0,0.135107
S03094,1,35.7074,3,0,0,1,88.7871,8.0,0.153517
S03095,1,46.7071,2,1,0,0,124.1114,8.0,0.355412
S03096,0,25.2104,2,0,0,0,93.2085,8.0,0.150492
S03097,0,20.1115,2,0,0,1,73.445,8.0,0.109162
S03098,0,46.3602,6,0,1,0,135.3449,8.0,0.567601
S03099,1,64.0593,7,1,1,0,152.5856,8.0,0.835554
S03100,0,31.8152,2,0,1,0,126.946,8.0,0.273225
S03101,1,56.8703,6,1,0,1,146.7138,8.0,0.620173
S03102,0,23.4654,0,0,0,0,97.9886,8.0,0.090952
S03103,0,37.1061,4,0,0,0,134.0415,8.0,0.291987
S03104,1,43.3039,1,1,0,0,107.6527,8.0,0.270106
S03105,0,37.9175,3,1,0,0,96.1791,8.0,0.386292
S03106,0,38.3355,3,0,1,1,150.3123,8.0,0.312571
S03107,1,44.5128,3,0,1,1,114.1062,8.0,0.267888
S03108,0,43.5631,3,1,1,1,128.1824,8.0,0.507273
S03109,1,44.8933,5,0,0,0,164.8837,8.0,0.401145
S03110,0,31.4654,0,0,1,0,110.5489,8.0,0.157532
S03111,1,43.6287,3,1,0,1,84.2056,8.0,0.313294
S03112,1,46.395,4,0,1,1,151.2901,8.0,0.381719
S03113,0,34.2884,3,0,1,1,100.1859,8.0,0.251828
S03114,0,38.3533,4,0,1,1,160.0957,8.0,0.394263
S03115,0,36.542,2,0,1,1,138.9906,8.0,0.239385
S03116,0,29.9786,3,0,0,1,145.4267,8.0,0.203034
S03117,1,46.9524,3,1,0,1,142.3304,8.0,0.39269
S03118,0,25.0957,1,0,0,0,111.0138,8.0,0.127425
S03119,0,25.1745,1,0,0,1,94.3857,8.0,0.093326
S03120,1,48.5304,2,1,1,0,98.0747,8.0,0.449782
S03121,0,23.1299,1,0,0,0,64.3193,8.0,0.099384
S03122,1,50.9202,4,1,0,1,155.8893,8.0,0.486337
S03123,1,63.6407,7,1,1,1,133.8008,8.0,0.779509
S03124,1,50.2355,2,1,1,0,109.6138,8.0,0.466969
S03125,0,43.1338,4,1,0,0,118.6256,8.0,0.492939
S03126,1,56.4724,4,1,1,0,127.8691,8.0,0.640426
S03127,0,28.4826,2,0,0,0,140.5519,8.0,0.190512
S03128,1,46.1057,3,1,0,1,118.4725,8.0,0.359125
S03129,0,28.5397,2,0,0,0,101.6429,8.0,0.157077
S03130,0,31.0384,3,0,0,0,97.0129,8.0,0.196562
S03131,0,45.4407,3,1,1,1,110.3347,8.0,0.480512
S03132,0,39.3868,0,1,1,0,115.8089,8.0,0.332889
S03133,0,26.8355,1,0,0,0,109.6823,8.0,0.12654
S03134,0,32.1384,3,0,0,0,133.7288,8.0,0.233684
S03135,0,48.6959,3,1,1,0,160.1419,8.0,0.615585
S03136,0,26.7608,2,0,0,1,92.063,8.0,0.120509
S03137,1,33.6184,1,0,0,0,117.9376,8.0,0.132116
S03138,1,58.278,4,1,1,0,142.0567,8.0,0.659786
S03139,0,41.1633,3,1,0,1,145.3202,8.0,0.396977
S03140,1,47.6937,4,0,1,0,169.7511,8.0,0.469664
S03141,0,34.9393,5,0,0,0,107.5508,8.0,0.321978
S03142,0,27.5328,1,0,1,1,76.5308,8.0,0.138141
S03143,0,17.9762,1,0,0,1,73.884,8.0,0.083425
S03144,0,26.2518,0,0,1,0,64.7615,8.0,0.124397
S03145,0,37.8526,2,1,0,0,114.8532,8.0,0.342791
S03146,0,44.9594,5,1,0,0,132.0485,8.0,0.587173
S03147,0,38.5915,3,1,0,1,103.1038,8.0,0.338188
S03148,1,57.6919,4,1,1,0,147.9656,8.0,0.667698
S03149,0,31.9762,3,0,0,0,110.5466,8.0,0.209702
S03150,0,39.328,3,0,1,0,160.8675,8.0,0.383482
S03151,0,43.4452,5,0,1,0,146.1919,8.0,0.509287
S03152,0,34.2595,4,0,0,1,130.7297,8.0,0.239464
S03153,0,35.7967,5,0,0,1,142.6421,8.0,0.313427
S03154,0,23.2109,1,0,0,1,126.7251,8.0,0.111091
S03155,0,49.0601,3,1,1,0,129.4328,8.0,0.571163
S03156,0,33.4166,2,1,0,0,100.7581,8.0,0.324
S03157,1,42.8677,2,1,0,0,105.0564,8.0,0.329674
S03158,1,56.1079,4,1,1,1,159.0851,8.0,0.625863
S03159,0,26.8691,4,0,0,1,68.8991,8.0,0.178491
S03160,0,21.0389,0,0,0,1,93.6968,8.0,0.07058
S03161,0,44.3534,3,1,1,1,102.42,8.0,0.468671
S03162,1,60.1544,5,1,1,0,118.9353,8.0,0.695003
S03163,1,61.5279,5,1,1,0,181.4102,8.0,0.768251
S03164,0,37.0431,2,1,0,1,134.1597,8.0,0.313234
S03165,1,56.649,4,1,1,1,136.5751,8.0,0.593741
S03166,1,59.6298,5,1,1,0,152.6576,8.0,0.736129
S03167,0,33.534,2,1,0,1,87.1282,8.0,0.25593
S03168,1,62.8097,5,1,1,0,146.5125,8.0,0.728905
S03169,0,39.9187,5,0,1,0,152.3639,8.0,0.518537
S03170,1,52.5481,6,1,0,1,122.5243,8.0,0.58544
S03171,1,51.2292,2,1,1,1,147.9649,8.0,0.462021
S03172,1,41.1786,5,0,0,1,116.4978,8.0,0.280696
S03173,0,35.7671,2,0,1,1,118.8168,8.0,0.218044
S03174,0,27.0681,2,0,0,0,95.3679,8.0,0.152156
S03175,0,30.5987,3,0,0,0,138.5971,8.0,0.238955
S03176,1,55.2525,3,1,1,1,143.919,8.0,0.530839
S03177,1,43.776,3,0,1,0,170.5226,8.0,0.397267
S03178,1,39.7128,2,0,1,0,125.5644,8.0,0.271581
S03179,1,53.8483,4,1,1,1,123.6352,8.0,0.574885
S03180,0,22.517,1,0,0,1,75.2272,8.0,0.084043
S03181,0,42.8399,4,1,0,1,129.8328,8.0,0.447444
S03182,0,46.1319,6,0,1,1,180.2853,8.0,0.572415
S03183,0,41.2338,5,0,1,1,171.447,8.0,0.484675
S03184,0,43.4376,5,1,0,1,148.2019,8.0,0.549639
S03185,1,61.1704,5,1,1,0,138.6289,8.0,0.719458
S03186,0,34.2877,2,0,1,1,115.2132,8.0,0.21438
S03187,1,49.6594,2,1,0,1,155.5558,8.0,0.341489
S03188,1,34.9767,2,0,0,0,96.8473,8.0,0.153304
S03189,1,58.8862,8,1,0,1,156.2297,8.0,0.759032
S03190,0,41.6929,4,0,1,0,149.7744,8.0,0.439953
S03191,1,48.9036,4,1,0,0,92.4992,8.0,0.45388
S03192,0,45.76,3,1,1,0,143.3656,8.0,0.591506
S03193,0,31.9219,1,1,0,0,101.6832,8.0,0.263103
S03194,1,65.3604,6,1,1,0,178.2892,8.0,0.814533
S03195,0,35.1759,3,0,1,1,110.8147,8.0,0.264033
S03196,0,31.0097,3,0,0,0,141.3028,8.0,0.24192
S03197,0,41.0109,1,1,1,0,108.0136,8.0,0.391284
S03198,0,45.0874,2,1,1,0,138.517,8.0,0.510274
S03199,0,43.3293,5,0,1,1,160.8805,8.0,0.468861
S03200,1,53.559,3,1,1,1,131.8142,8.0,0.512719
S03201,0,34.6773,4,0,0,0,131.1799,8.0,0.288451
S03202,0,28.4847,2,0,0,0,93.5679,8.0,0.150768
S03203,0,25.643,1,0,0,1,98.0732,8.0,0.095215
S03204,0,28.9219,2,0,0,0,82.9493,8.0,0.14279
S03205,1,49.0387,1,1,1,0,103.063,8.0,0.384232
S03206,1,40.3465,3,0,1,1,115.4008,8.0,0.269415
S03207,1,51.6342,4,1,0,0,113.9981,8.0,0.486001
S03208,0,40.7062,6,0,0,1,163.0697,8.0,0.410577
S03209,1,53.6436,4,1,0,0,127.3305,8.0,0.505995
S03210,1,48.7585,3,1,1,1,104.667,8.0,0.47203
S03211,0,40.3246,4,0,1,0,163.4152,8.0,0.460207
S03212,0,47.7349,3,1,1,1,154.2273,8.0,0.546209
S03213,0,44.7979,5,1,1,1,121.7371,8.0,0.643462
S03214,0,33.4266,4,0,0,1,106.6365,8.0,0.214135
S03215,1,47.0493,3,1,0,1,122.6547,8.0,0.36492
S03216,1,45.6899,3,0,1,1,146.4529,8.0,0.307617
S03217,1,49.7528,1,1,1,0,122.559,8.0,0.412256
S03218,0,37.0253,4,0,1,1,128.0474,8.0,0.349391
S03219,1,66.9239,6,1,1,0,149.4484,8.0,0.786959
S03220,0,36.9766,2,1,0,1,95.2974,8.0,0.265375
S03221,0,26.8286,2,0,0,1,113.2377,8.0,0.134636
S03222,0,29.3311,3,0,0,1,144.5581,8.0,0.202192
S03223,1,49.6765,6,0,1,1,152.1891,8.0,0.530745
S03224,0,38.0186,3,1,0,1,113.6488,8.0,0.352491
S03225,0,46.9953,3,1,1,0,120.1475,8.0,0.557466
S03226,0,34.9649,3,0,1,1,122.0157,8.0,0.277298
S03227,1,55.0631,3,1,1,0,121.6798,8.0,0.559733
S03228,1,39.6559,2,0,1,1,110.7686,8.0,0.209923
S03229,0,45.1566,4,1,0,0,113.643,8.0,0.485469
S03230,0,23.4534,1,0,0,0,86.1019,8.0,0.11171
S03231,0,26.8716,2,0,0,0,73.5056,8.0,0.135994
S03232,0,39.7124,1,1,1,0,106.3198,8.0,0.388866
S03233,1,58.478,4,1,1,1,174.6174,8.0,0.647417
S03234,1,62.8403,5,1,1,0,165.3823,8.0,0.75069
S03235,0,50.6337,5,1,1,0,140.393,8.0,0.721589
S03236,0,35.2188,3,0,1,1,112.5469,8.0,0.266057
S03237,0,34.6626,5,0,0,0,86.8057,8.0,0.295428
S03238,0,29.1361,1,0,0,0,145.4892,8.0,0.15225
S03239,0,37.0444,4,0,1,1,146.2795,8.0,0.374649
S03240,1,54.4555,5,1,1,1,150.6165,8.0,0.682156
S03241,0,27.2541,0,0,0,0,113.9414,8.0,0.099182
S03242,0,37.5994,2,1,0,1,123.9848,8.0,0.300253
S03243,0,34.2029,1,1,0,0,86.3166,8.0,0.245622
S03244,1,48.1363,4,1,0,1,121.2503,8.0,0.43475
S03245,0,37.0157,3,1,0,1,101.9247,8.0,0.336607
S03246,0,35.8421,3,1,0,1,97.4848,8.0,0.330684
S03247,0,33.4007,1,0,1,1,135.5475,8.0,0.185924
S03248,0,47.8811,3,1,1,1,122.8639,8.0,0.499296
S03249,0,39.6551,5,0,1,1,142.2248,8.0,0.441112
S03250,1,50.1767,2,1,1,0,115.5593,8.0,0.475858
S03251,0,26.6735,3,0,0,1,112.0374,8.0,0.172534
S03252,0,30.2039,4,0,0,1,115.7819,8.0,0.223513
S03253,0,38.4208,2,1,0,0,112.8192,8.0,0.340047
S03254,0,46.8686,2,1,1,0,127.6473,8.0,0.493971
S03255,0,30.6242,1,0,1,1,103.1309,8.0,0.158262
S03256,0,34.9958,1,1,0,0,91.6984,8.0,0.251654
S03257,1,39.9516,1,0,1,0,91.5763,8.0,0.18384
S03258,1,58.2781,5,1,1,1,160.7445,8.0,0.695184
S03259,0,38.0791,3,0,1,0,147.1934,8.0,0.364279
S03260,0,45.8993,3,1,1,0,108.9173,8.0,0.540785
S03261,1,50.4499,1,1,1,1,146.7592,8.0,0.387118
S03262,0,32.1724,2,0,1,1,105.1049,8.0,0.204343
S03263,1,35.8607,0,0,1,1,97.7897,8.0,0.118861
S03264,0,32.3659,3,0,0,1,173.8139,8.0,0.231989
S03265,0,26.7347,1,0,0,0,121.0026,8.0,0.134239
S03266,0,39.0814,4,0,1,1,158.9418,8.0,0.392611
S03267,0,20.3347,0,0,0,1,69.479,8.0,0.061622
S03268,1,46.4472,3,1,0,0,75.9393,8.0,0.357929
S03269,1,58.0851,3,1,1,0,146.9748,8.0,0.596728
S03270,0,47.4836,6,1,0,0,127.4218,8.0,0.651248
S03271,0,41.8643,4,1,0,1,111.3864,8.0,0.420266
S03272,0,42.8136,5,1,0,0,130.3216,8.0,0.584659
S03273,1,70.5491,8,1,1,0,221.2632,8.0,0.911942
S03274,0,26.2364,1,0,0,0,79.0354,8.0,0.107572
S03275,0,23.5749,0,0,0,0,82.3588,8.0,0.08349
S03276,1,44.472,3,1,0,1,174.993,8.0,0.440276
S03277,0,28.0972,3,0,0,0,109.07,8.0,0.208238
S03278,1,62.5672,10,0,1,1,182.7529,8.0,0.818545
S03279,0,40.9919,5,0,1,0,151.4884,8.0,0.517226
S03280,0,35.1084,3,0,1,1,134.9309,8.0,0.293092
S03281,0,49.6548,3,1,1,0,130.0825,8.0,0.572117
S03282,0,40.962,5,0,1,1,141.0173,8.0,0.439326
S03283,0,38.4622,1,1,1,1,116.2254,8.0,0.344648
S03284,1,52.8401,2,1,1,0,175.4679,8.0,0.565326
S03285,0,39.256,4,1,0,1,79.1244,8.0,0.373963
S03286,1,58.5736,5,1,1,1,156.1987,8.0,0.689373
S03287,1,56.4629,5,1,1,0,140.6329,8.0,0.721878
S03288,0,36.6803,2,1,0,0,88.8171,8.0,0.308509
S03289,1,49.0278,4,0,1,0,152.9352,8.0,0.444631
S03290,1,44.8474,4,0,1,1,109.935,8.0,0.325109
S03291,0,47.7893,4,1,1,1,154.5328,8.0,0.619446
S03292,1,48.1465,4,0,1,0,148.1972,8.0,0.437622
S03293,0,25.778,2,0,0,1,66.055,8.0,0.104924
S03294,0,36.3917,2,0,1,1,143.1181,8.0,0.243923
S03295,0,41.5386,4,1,0,1,128.9517,8.0,0.446137
S03296,0,44.0836,5,0,1,0,174.4777,8.0,0.551533
S03297,0,29.7408,0,0,1,0,88.6977,8.0,0.140903
S03298,1,54.7678,4,1,0,1,165.7373,8.0,0.501106
S03299,0,32.0665,0,1,0,0,93.3047,8.0,0.200981
S03300,0,40.3154,3,0,1,0,146.7585,8.0,0.363675
S03301,0,36.6071,3,1,0,1,102.1816,8.0,0.336951
S03302,0,30.8987,1,0,1,1,104.9331,8.0,0.159708
S03303,0,51.6583,5,1,1,1,153.5565,8.0,0.685969
S03304,0,29.8579,2,0,0,0,103.9985,8.0,0.158957
S03305,0,29.1136,2,0,0,0,122.8099,8.0,0.174633
S03306,0,23.5121,0,0,0,1,105.2021,8.0,0.075244
S03307,0,49.2,4,1,1,0,122.0802,8.0,0.632389
S03308,0,32.4717,4,0,0,0,108.2452,8.0,0.261048
S03309,0,38.7834,2,0,1,0,142.7383,8.0,0.292439
S03310,1,53.6832,3,1,1,1,172.2758,8.0,0.572891
S03311,0,29.9495,2,0,1,1,108.4294,8.0,0.207605
S03312,0,31.1321,2,0,1,1,113.42,8.0,0.212574
S03313,0,42.4505,2,1,1,1,128.8207,8.0,0.433625
S03314,1,48.1951,2,1,1,1,98.928,8.0,0.390209
S03315,0,35.927,3,0,1,0,133.4354,8.0,0.345385
S03316,0,32.956,2,0,1,1,117.9059,8.0,0.217114
S03317,0,43.0033,5,1,0,0,83.1907,8.0,0.514782
S03318,0,38.3927,4,0,1,0,141.1,8.0,0.427172
S03319,0,44.7087,4,1,0,0,154.1418,8.0,0.546082
S03320,1,48.1485,4,0,1,0,143.6325,8.0,0.430894
S03321,0,22.2382,1,0,0,1,74.2289,8.0,0.083583
S03322,0,45.6362,2,1,1,1,177.0103,8.0,0.505515
S03323,0,26.2032,3,0,0,1,71.8745,8.0,0.140789
S03324,0,25.9148,1,0,0,0,112.296,8.0,0.128283
S03325,1,36.1125,2,0,0,0,85.4236,8.0,0.144617
S03326,0,34.7766,4,0,0,1,134.8375,8.0,0.243981
S03327,0,37.9147,1,1,0,0,119.5759,8.0,0.28444
S03328,1,52.2736,4,1,0,0,114.1212,8.0,0.486185
S03329,1,55.0532,3,1,1,0,151.6676,8.0,0.603485
S03330,1,40.2117,4,0,0,1,119.3279,8.0,0.227228
S03331,0,40.4915,1,1,1,1,98.5351,8.0,0.321085
S03332,1,52.3337,6,1,0,1,143.616,8.0,0.615785
S03333,0,42.5534,6,0,1,1,124.9036,8.0,0.489857
S03334,1,49.8773,4,0,1,0,149.4058,8.0,0.439408
S03335,0,37.2577,3,0,1,0,126.9264,8.0,0.336609
S03336,1,39.3409,2,1,0,1,69.7105,8.0,0.236541
S03337,0,29.7733,4,0,0,0,74.3263,8.0,0.223733
S03338,0,49.4105,5,1,1,1,154.1264,8.0,0.686705
S03339,0,47.4228,4,1,1,1,157.948,8.0,0.624264
S03340,0,30.8137,2,0,1,1,91.0721,8.0,0.190994
S03341,0,37.4081,2,1,0,0,92.0168,8.0,0.31262
S03342,0,34.2517,5,0,0,1,123.1309,8.0,0.288801
S03343,0,30.499,2,0,1,1,65.2653,8.0,0.168204
S03344,0,30.521,1,0,1,0,118.8449,8.0,0.209668
S03345,0,27.5653,3,0,0,1,106.9421,8.0,0.168213
S03346,1,56.7372,3,1,1,1,172.6953,8.0,0.573506
S03347,1,55.7446,4,1,1,0,128.6721,8.0,0.641535
S03348,1,62.978,9,1,0,0,168.1326,8.0,0.854308
S03349,0,37.4729,2,1,0,1,142.7688,8.0,0.324452
S03350,1,41.0331,5,0,0,1,117.1479,8.0,0.281484
S03351,1,44.5436,2,1,0,1,104.3619,8.0,0.276112
S03352,0,29.7825,1,0,1,1,120.5753,8.0,0.172709
S03353,0,31.4005,1,1,0,1,65.2607,8.0,0.182659
S03354,0,35.679,4,0,1,1,132.024,8.0,0.354834
S03355,0,32.8983,2,0,1,0,113.918,8.0,0.25798
S03356,0,32.7599,2,0,1,1,135.4992,8.0,0.235591
S03357,0,33.3951,1,1,0,1,96.6163,8.0,0.212436
S03358,0,26.3022,3,0,0,1,106.7342,8.0,0.168038
S03359,0,48.187,3,1,1,1,158.8317,8.0,0.553047
S03360,1,47.3246,6,0,0,0,146.5999,8.0,0.447593
S03361,1,56.5797,3,1,1,0,131.9902,8.0,0.574917
S03362,1,44.2191,6,0,0,1,137.5202,8.0,0.374051
S03363,0,24.6244,1,0,0,0,99.8001,8.0,0.12013
S03364,0,41.0764,4,0,1,0,155.5663,8.0,0.448532
S03365,1,60.4641,5,1,1,0,146.164,8.0,0.728492
S03366,0,34.1741,3,0,1,1,109.1516,8.0,0.262098
S03367,0,28.893,4,0,0,1,104.7352,8.0,0.212221
S03368,0,35.9269,3,0,1,1,140.7546,8.0,0.300383
S03369,0,36.6044,2,1,0,1,128.1514,8.0,0.305532
S03370,1,63.9414,7,1,1,1,151.3767,8.0,0.797099
S03371,1,64.7193,7,1,1,0,166.7401,8.0,0.846893
S03372,0,29.7136,4,0,0,1,123.4083,8.0,0.231555
S03373,0,28.8282,1,0,0,0,111.7876,8.0,0.127942
S03374,0,21.0734,0,0,0,0,92.0252,8.0,0.088036
S03375,0,49.6711,4,1,1,1,135.3259,8.0,0.591931
S03376,1,34.7384,2,0,0,1,84.4944,8.0,0.115778
S03377,0,30.8625,2,0,1,1,101.6591,8.0,0.201002
S03378,0,38.7852,3,0,1,0,127.5277,8.0,0.337415
S03379,0,25.1427,2,0,0,0,96.8843,8.0,0.153333
S03380,0,30.6302,3,0,0,0,133.7656,8.0,0.233723
S03381,0,33.2132,0,1,0,0,79.0892,8.0,0.187633
S03382,1,50.6476,3,1,1,1,111.355,8.0,0.48204
S03383,0,33.9537,0,1,1,1,63.3491,8.0,0.22099
S03384,0,44.6381,5,1,0,0,97.4699,8.0,0.536142
S03385,1,59.5091,4,1,1,0,152.1023,8.0,0.673182
S03386,1,38.8253,4,0,0,1,145.1002,8.0,0.255517
S03387,1,55.0315,3,1,1,0,120.9155,8.0,0.558603
S03388,0,24.5649,2,0,0,1,89.3181,8.0,0.118774
S03389,1,60.9706,3,1,1,0,167.1419,8.0,0.625475
S03390,0,39.0763,2,1,0,0,95.7565,8.0,0.317462
S03391,1,49.4701,2,1,1,0,108.938,8.0,0.46596
S03392,0,49.6986,6,1,1,1,172.6706,8.0,0.767817
S03393,0,23.9638,2,0,0,1,123.7087,8.0,0.142125
S03394,0,39.3579,3,1,0,0,131.1207,8.0,0.437017
S03395,1,51.4939,4,1,0,1,164.8486,8.0,0.499773
S03396,0,45.9616,2,1,1,0,130.9316,8.0,0.498897
S03397,0,31.0607,4,0,0,0,144.1358,8.0,0.304664
S03398,0,23.883,0,0,0,0,63.5599,8.0,0.075255
S03399,1,38.6598,1,1,0,0,46.4302,8.0,0.20401
S03400,1,59.1306,7,1,0,0,167.6839,8.0,0.76244
S03401,1,59.0486,5,1,1,0,190.5113,8.0,0.777831
S03402,0,19.2922,0,0,0,0,65.2377,8.0,0.075958
S03403,0,39.093,3,1,0,1,115.7481,8.0,0.355371
S03404,0,34.2054,2,1,0,1,94.3543,8.0,0.264273
S03405,0,37.8837,3,1,0,0,82.5135,8.0,0.367044
S03406,0,43.114,4,1,0,0,125.1994,8.0,0.502799
S03407,0,44.8979,3,1,1,1,134.4337,8.0,0.516644
S03408,0,48.3321,5,1,1,1,109.977,8.0,0.627116
S03409,0,27.2634,2,0,0,0,114.7454,8.0,0.167768
S03410,1,36.7767,1,0,1,1,109.2601,8.0,0.163223
S03411,0,28.1108,0,0,1,1,89.0321,8.0,0.113467
S03412,1,51.341,3,1,1,0,125.5505,8.0,0.565448
S03413,0,46.8128,3,1,1,1,161.733,8.0,0.557346
S03414,0,28.3543,1,0,1,1,73.0163,8.0,0.13565
S03415,0,27.8952,3,0,0,0,96.228,8.0,0.195819
S03416,0,28.8593,3,0,0,0,80.8526,8.0,0.181698
S03417,1,62.5473,6,1,1,0,175.81,8.0,0.812275
S03418,0,36.0535,3,0,1,0,104.7436,8.0,0.307563
S03419,0,40.1847,6,0,1,1,120.1023,8.0,0.48266
S03420,0,42.097,2,1,0,0,151.6088,8.0,0.394043
S03421,0,40.5481,4,1,0,1,119.9146,8.0,0.432781
S03422,0,30.842,3,0,0,0,98.1284,8.0,0.197621
S03423,0,32.0778,1,1,0,1,73.7046,8.0,0.190345
S03424,1,56.7337,4,1,1,1,148.6748,8.0,0.611126
S03425,0,31.4388,3,0,0,1,122.6967,8.0,0.181857
S03426,0,29.475,3,0,0,0,128.7124,8.0,0.228337
S03427,0,30.1828,2,0,0,0,112.667,8.0,0.166034
S03428,0,26.3209,1,0,0,0,87.59,8.0,0.112599
S03429,0,44.5113,3,1,1,1,100.8411,8.0,0.466313
S03430,1,54.6614,3,1,1,1,126.8913,8.0,0.505337
S03431,0,52.1542,6,1,1,1,115.4015,8.0,0.701072
S03432,0,42.0392,3,1,0,0,141.5973,8.0,0.452539
S03433,1,41.7512,5,0,0,1,108.777,8.0,0.271438
S03434,0,39.4666,7,0,0,0,156.7646,8.0,0.537576
S03435,0,37.2562,4,0,1,1,98.9876,8.0,0.310866
S03436,1,62.9902,7,1,1,0,130.1394,8.0,0.816204
S03437,1,42.3303,3,0,1,1,99.941,8.0,0.251552
S03438,1,52.5201,6,0,1,1,143.0554,8.0,0.517076
S03439,0,46.1723,5,1,0,0,121.7431,8.0,0.572108
S03440,0,39.5141,2,1,0,0,144.1641,8.0,0.38343
S03441,0,39.4423,4,0,1,0,127.2496,8.0,0.406971
S03442,0,29.8938,3,0,0,1,118.8643,8.0,0.17846
S03443,0,43.1971,3,1,1,1,103.4721,8.0,0.470243
S03444,0,47.5018,4,1,1,1,127.8844,8.0,0.581104
S03445,0,35.023,3,0,1,1,111.9804,8.0,0.265394
S03446,1,47.8191,2,1,1,1,116.1089,8.0,0.414997
S03447,0,42.3538,1,1,1,0,130.211,8.0,0.423424
S03448,0,27.5214,1,0,1,1,119.9248,8.0,0.172152
S03449,0,46.25,2,1,1,1,145.7604,8.0,0.458735
S03450,1,48.2771,4,0,1,1,164.2336,8.0,0.400208
S03451,0,35.5028,3,0,1,1,121.0349,8.0,0.27612
S03452,1,57.7751,4,1,1,1,192.0876,8.0,0.670959
S03453,1,68.2528,8,1,1,1,198.6207,8.0,0.875635
S03454,0,38.2057,4,0,1,0,102.2929,8.0,0.371394
S03455,1,45.7991,3,0,1,1,139.9376,8.0,0.299354
S03456,1,47.9482,3,1,0,1,123.6504,8.0,0.366306
S03457,1,50.0809,5,0,1,1,157.1561,8.0,0.4633
S03458,0,36.2209,3,0,1,1,130.3946,8.0,0.287485
S03459,1,51.1612,5,0,1,0,150.4094,8.0,0.515609
S03460,0,42.9661,5,1,0,1,118.3003,8.0,0.50495
S03461,0,36.3487,3,0,1,1,140.7207,8.0,0.300341
S03462,0,35.3394,3,1,0,0,57.4858,8.0,0.332903
S03463,1,45.7063,3,1,0,0,118.1154,8.0,0.417922
S03464,0,36.5567,4,0,0,0,149.372,8.0,0.31136
S03465,1,54.6196,3,1,1,0,125.8159,8.0,0.565839
S03466,1,50.6221,5,1,0,0,95.6096,8.0,0.533365
S03467,1,42.0056,3,0,1,1,129.089,8.0,0.285883
S03468,0,27.3704,2,0,0,1,94.987,8.0,0.122381
S03469,0,25.0211,1,0,0,0,86.38,8.0,0.111876
S03470,0,28.0726,2,0,0,0,110.4592,8.0,0.164208
S03471,0,25.0818,2,0,0,1,94.903,8.0,0.122326
S03472,0,47.1819,4,1,1,0,123.2348,8.0,0.633998
S03473,1,45.7873,3,1,0,1,110.1033,8.0,0.347651
S03474,0,36.4261,2,1,0,1,97.3724,8.0,0.267809
S03475,0,50.1421,6,1,0,1,159.3388,8.0,0.637847
S03476,0,32.6852,3,0,0,0,141.3699,8.0,0.241994
S03477,0,28.2227,1,0,0,0,118.6495,8.0,0.132607
S03478,0,41.0269,3,1,0,1,132.22,8.0,0.378321
S03479,1,50.385,2,1,0,0,150.1989,8.0,0.392025
S03480,0,28.7506,4,0,0,0,75.4656,8.0,0.224923
S03481,0,32.2989,4,0,0,0,127.3439,8.0,0.28375
S03482,0,26.5739,2,0,0,1,99.5739,8.0,0.125367
S03483,1,48.6981,5,0,1,1,146.9099,8.0,0.448053
S03484,0,43.5768,3,1,1,1,138.6871,8.0,0.523014
S03485,0,42.1593,4,0,1,0,170.4127,8.0,0.470653
S03486,1,51.9751,3,1,1,1,135.1201,8.0,0.517673
S03487,1,39.8486,2,0,0,0,128.6672,8.0,0.179757
S03488,1,52.9386,6,0,1,0,178.3732,8.0,0.629539
S03489,0,22.4827,1,0,0,1,80.365,8.0,0.086447
S03490,0,18.9839,0,0,0,0,80.3404,8.0,0.082568
S03491,0,32.2804,4,0,0,0,102.461,8.0,0.254409
S03492,1,41.0115,2,0,1,0,120.6147,8.0,0.265746
S03493,0,48.726,4,1,1,1,143.9876,8.0,0.604422
S03494,0,32.6385,1,0,1,1,144.0662,8.0,0.193785
S03495,1,44.8046,4,0,1,0,113.154,8.0,0.386731
S03496,0,41.2769,4,0,1,0,149.2565,8.0,0.439187
S03497,0,21.117,0,0,0,1,84.1721,8.0,0.066922
S03498,0,37.5129,3,1,0,1,87.5376,8.0,0.317611
S03499,0,33.2045,4,0,0,0,135.7331,8.0,0.29409
S03500,1,50.46,3,0,1,0,161.2802,8.0,0.384067
S03501,1,54.7775,4,1,1,1,119.4673,8.0,0.568762
S03502,0,19.4904,0,0,0,1,74.6794,8.0,0.063452
S03503,0,42.8713,1,1,1,0,117.3817,8.0,0.404751
S03504,0,41.016,3,1,0,0,153.1485,8.0,0.46976
S03505,1,48.4009,5,0,1,0,118.9772,8.0,0.468508
S03506,0,43.5995,6,1,0,1,126.911,8.0,0.591813
S03507,0,41.7203,2,1,1,1,99.0019,8.0,0.390315
S03508,1,41.1502,2,0,1,1,151.445,8.0,0.253254
S03509,1,47.0987,5,0,1,1,154.7128,8.0,0.459657
S03510,0,27.9049,1,0,0,0,125.5348,8.0,0.137431
S03511,0,49.5973,4,1,1,0,151.1114,8.0,0.671873
S03512,1,56.0403,8,0,1,1,163.4273,8.0,0.687952
S03513,0,47.1586,4,1,1,1,138.6082,8.0,0.59668
S03514,1,43.8515,3,0,1,1,152.2725,8.0,0.315104
S03515,0,32.871,4,0,0,1,112.2449,8.0,0.219852
S03516,0,41.68,4,0,1,0,146.2778,8.0,0.43479
S03517,0,50.3867,5,1,1,0,137.8466,8.0,0.718509
S03518,0,43.8769,2,1,1,1,118.3491,8.0,0.418264
S03519,1,40.5407,3,0,0,0,118.7288,8.0,0.217954
S03520,0,28.9858,2,0,0,0,118.3669,8.0,0.170824
S03521,1,56.482,3,1,1,0,136.0563,8.0,0.580868
S03522,0,27.6063,2,0,0,1,152.8251,8.0,0.164785
S03523,0,29.6629,2,0,1,1,76.7301,8.0,0.178049
S03524,1,41.8727,1,1,0,1,129.8597,8.0,0.247714
S03525,1,44.5633,0,1,1,1,106.8488,8.0,0.269156
S03526,1,47.3143,4,0,1,1,147.3388,8.0,0.376139
S03527,0,24.0954,2,0,0,0,42.0439,8.0,0.115297
S03528,1,42.8386,2,0,1,1,137.7151,8.0,0.237994
S03529,1,43.9957,1,1,0,0,88.4436,8.0,0.247994
S03530,0,48.116,5,1,1,1,152.7667,8.0,0.684947
S03531,0,32.4336,3,0,0,0,114.8282,8.0,0.213992
S03532,0,31.726,2,0,1,0,104.0066,8.0,0.246761
S03533,0,34.4043,2,1,0,1,80.067,8.0,0.247946
S03534,1,42.621,6,0,0,0,136.5347,8.0,0.432713
S03535,0,23.9547,2,0,0,1,106.1142,8.0,0.129734
S03536,1,42.0427,3,0,1,0,138.0381,8.0,0.351655
S03537,1,39.3235,2,0,1,1,104.7549,8.0,0.204001
S03538,0,39.9462,4,0,1,0,142.7433,8.0,0.429586
S03539,0,47.0507,8,0,1,0,165.2022,8.0,0.741008
S03540,0,28.2393,2,0,0,1,140.6684,8.0,0.15499
S03541,0,33.7414,3,0,1,1,124.7436,8.0,0.28059
S03542,0,41.7618,2,1,1,1,120.1439,8.0,0.420886
S03543,0,45.4759,2,1,1,1,125.2704,8.0,0.428401
S03544,1,57.0489,4,1,1,0,137.4253,8.0,0.653521
S03545,1,60.6841,6,1,0,0,174.1288,8.0,0.711929
S03546,0,42.3454,2,1,1,0,138.3386,8.0,0.510007
S03547,1,50.3394,1,1,1,1,146.5146,8.0,0.386769
S03548,0,34.4454,3,0,1,1,125.4429,8.0,0.281437
S03549,1,35.0669,1,0,1,1,96.3715,8.0,0.152934
S03550,0,35.8559,2,0,1,0,128.6167,8.0,0.27522
S03551,1,41.3797,4,0,0,0,128.3025,8.0,0.28492
S03552,0,24.309,1,0,0,1,84.853,8.0,0.088597
S03553,1,53.8582,4,1,1,1,117.7011,8.0,0.566161
S03554,0,36.4759,0,1,1,1,128.7178,8.0,0.295735
S03555,0,43.024,5,1,0,0,114.5637,8.0,0.561532
S03556,0,36.4741,4,0,1,1,160.0081,8.0,0.394138
S03557,0,41.7772,1,1,1,0,138.2911,8.0,0.435301
S03558,0,46.7762,3,1,1,1,163.6444,8.0,0.560174
S03559,0,24.0294,1,0,0,1,92.8073,8.0,0.092528
S03560,1,47.9575,3,1,0,0,104.4923,8.0,0.398182
S03561,1,46.8354,4,0,1,0,100.2271,8.0,0.368505
S03562,0,29.307,2,0,0,1,127.867,8.0,0.145195
S03563,1,46.1933,2,1,1,1,95.5601,8.0,0.385412
S03564,1,40.383,2,0,1,0,99.4135,8.0,0.241675
S03565,1,44.919,3,0,1,0,116.788,8.0,0.323163
S03566,0,35.0544,1,1,0,1,88.956,8.0,0.204848
S03567,0,22.3766,2,0,0,1,91.4931,8.0,0.120147
S03568,1,46.1945,3,0,1,0,158.706,8.0,0.38042
S03569,0,37.5106,2,1,0,1,115.2401,8.0,0.289347
S03570,1,51.4889,4,1,0,0,100.474,8.0,0.465765
S03571,0,36.8881,3,1,0,1,115.2297,8.0,0.354659
S03572,0,21.0367,1,0,0,1,53.2514,8.0,0.074434
S03573,0,45.2602,3,1,1,0,110.0305,8.0,0.542443
S03574,0,33.304,4,0,0,1,118.7216,8.0,0.226589
S03575,0,37.2992,3,0,1,0,134.5312,8.0,0.346873
S03576,0,27.2489,2,0,0,1,134.3224,8.0,0.150068
S03577,1,65.0305,6,1,1,0,217.9066,8.0,0.847799
S03578,0,30.4514,3,0,0,0,86.4578,8.0,0.186752
S03579,1,44.5443,3,0,1,1,123.8871,8.0,0.279554
S03580,1,52.3586,7,0,1,1,174.1168,8.0,0.635225
S03581,0,36.7044,3,1,0,1,130.7844,8.0,0.376297
S03582,0,32.8575,3,0,1,1,106.5762,8.0,0.259121
S03583,0,28.6719,1,0,0,0,121.1542,8.0,0.134345
S03584,0,29.5051,3,0,0,0,121.206,8.0,0.220498
S03585,0,37.4752,3,0,1,1,180.6114,8.0,0.352897
S03586,1,63.6655,6,1,1,0,161.0729,8.0,0.798418
S03587,0,45.4086,3,1,1,1,131.0063,8.0,0.511507
S03588,0,49.9541,6,1,1,1,134.0375,8.0,0.723967
S03589,0,25.4202,2,0,0,1,112.6228,8.0,0.134207
S03590,1,55.8356,4,1,1,1,165.2689,8.0,0.63451
S03591,1,50.5798,5,0,1,0,130.7883,8.0,0.486186
S03592,0,29.7047,0,0,1,1,98.7243,8.0,0.119449
S03593,1,45.5483,3,1,0,1,107.4096,8.0,0.343995
S03594,0,38.9871,5,0,1,0,113.3463,8.0,0.460104
S03595,0,34.6193,2,1,0,1,103.4363,8.0,0.275004
S03596,0,35.8696,2,0,1,0,131.9094,8.0,0.279178
S03597,1,50.9062,3,1,1,1,123.5557,8.0,0.500334
S03598,1,42.7889,2,1,0,0,71.8545,8.0,0.28723
S03599,1,62.7333,7,1,1,1,181.2402,8.0,0.824544
S03600,0,40.0111,4,0,1,0,174.9991,8.0,0.477514
S03601,1,61.7001,5,1,1,0,185.9753,8.0,0.773092
S03602,0,39.8529,4,1,0,0,86.8453,8.0,0.445486
S03603,1,54.9494,3,1,1,0,134.1378,8.0,0.578063
S03604,0,30.0729,2,0,0,0,132.5287,8.0,0.183198
S03605,1,62.7571,7,1,1,1,179.8165,8.0,0.823305
S03606,0,33.5251,3,0,1,1,109.887,8.0,0.262953
S03607,0,33.4143,2,0,1,0,115.1111,8.0,0.259353
S03608,1,39.8681,2,0,1,1,122.1989,8.0,0.221524
S03609,0,41.8678,4,0,1,0,157.1474,8.0,0.45088
S03610,1,39.9724,2,0,0,0,122.0236,8.0,0.173954
S03611,1,45.3452,1,1,1,0,107.8817,8.0,0.391095
S03612,1,51.44,5,1,0,0,147.7717,8.0,0.609838
S03613,0,44.3576,3,1,1,1,130.6544,8.0,0.51098
S03614,0,26.6167,1,0,0,0,89.9727,8.0,0.114036
S03615,0,43.3998,5,0,1,1,169.2619,8.0,0.481401
S03616,0,29.2187,4,0,0,0,126.0424,8.0,0.282165
S03617,0,38.9455,4,0,1,1,199.9256,8.0,0.452532
S03618,1,55.117,4,1,1,1,140.8968,8.0,0.59998
S03619,1,44.4529,1,1,0,0,101.706,8.0,0.26313
S03620,0,29.7885,3,0,0,1,92.334,8.0,0.156303
S03621,1,63.8421,6,1,1,0,138.3256,8.0,0.775556
S03622,0,36.8018,0,1,1,1,113.4051,8.0,0.276964
S03623,0,28.472,2,0,0,1,107.8953,8.0,0.130945
S03624,1,67.2277,10,1,0,0,171.2537,8.0,0.889684
S03625,0,24.7966,1,0,0,0,52.9956,8.0,0.093466
S03626,0,22.3571,1,0,0,1,83.5671,8.0,0.087976
S03627,1,54.3488,3,1,1,1,138.6224,8.0,0.522918
S03628,0,49.5953,4,1,1,1,161.2214,8.0,0.62886
S03629,1,51.3172,2,1,1,0,108.292,8.0,0.464995
S03630,1,44.0194,1,0,1,0,125.7048,8.0,0.216569
S03631,0,34.4704,2,1,0,1,104.398,8.0,0.276156
S03632,1,46.6206,4,0,1,1,163.1232,8.0,0.39861
S03633,1,49.2284,2,1,1,1,111.5501,8.0,0.408372
S03634,0,44.1849,4,1,1,1,163.9274,8.0,0.632641
S03635,1,50.8388,5,1,0,0,92.2821,8.0,0.528393
S03636,1,61.6682,7,1,1,1,149.8189,8.0,0.795583
S03637,0,40.5444,5,0,1,1,137.0828,8.0,0.43352
S03638,0,30.475,3,0,0,1,132.0686,8.0,0.190373
S03639,1,31.0119,1,0,0,0,55.2655,8.0,0.094627
S03640,0,29.9649,0,0,1,1,141.9278,8.0,0.149512
S03641,1,50.5788,2,1,1,1,99.1138,8.0,0.390475
S03642,1,35.8514,2,0,0,0,74.3079,8.0,0.136561
S03643,0,28.0946,2,0,0,1,116.6829,8.0,0.137063
S03644,0,20.0295,0,0,0,1,60.0651,8.0,0.058436
S03645,0,25.3394,2,0,0,1,123.6749,8.0,0.142101
S03646,0,25.3575,2,0,0,0,57.3933,8.0,0.12503
S03647,0,48.1117,5,1,1,1,111.0681,8.0,0.628645
S03648,0,32.4482,3,0,0,1,128.0315,8.0,0.186668
S03649,0,30.5928,3,0,0,1,141.9229,8.0,0.199653
S03650,1,53.7028,4,1,0,0,117.4091,8.0,0.491115
S03651,1,53.6917,3,1,1,0,132.8382,8.0,0.57616
S03652,0,35.7966,4,0,1,1,128.1571,8.0,0.349541
S03653,0,33.8892,2,1,0,1,118.7157,8.0,0.293653
S03654,1,62.095,6,1,1,0,129.3933,8.0,0.766089
S03655,1,42.6982,4,0,1,1,128.815,8.0,0.350439
S03656,0,41.0206,2,1,1,1,92.2589,8.0,0.380731
S03657,0,55.4748,6,1,1,0,157.3312,8.0,0.794781
S03658,1,55.7331,4,1,1,1,160.4434,8.0,0.62777
S03659,0,18.9777,0,0,0,1,93.8603,8.0,0.070644
S03660,1,37.9101,3,0,0,1,126.229,8.0,0.185031
S03661,1,57.9823,4,1,1,1,153.7147,8.0,0.618288
S03662,0,24.5136,0,0,0,0,82.7662,8.0,0.083677
S03663,1,41.2131,2,1,0,0,78.9226,8.0,0.295991
S03664,0,38.9124,3,1,0,1,119.0331,8.0,0.359899
S03665,0,38.012,3,1,0,0,92.0459,8.0,0.38043
S03666,0,50.3584,4,1,1,0,138.3218,8.0,0.654738
S03667,1,55.9077,3,1,1,0,152.8376,8.0,0.605163
S03668,0,52.3408,4,1,1,0,188.7516,8.0,0.719606
S03669,1,38.5773,0,0,1,0,122.725,8.0,0.167472
S03670,1,56.3665,3,1,1,0,150.6842,8.0,0.602072
S03671,1,48.2699,4,1,0,0,118.927,8.0,0.493391
S03672,1,57.8437,4,1,1,1,162.4179,8.0,0.630534
S03673,1,46.2037,3,1,0,0,100.1886,8.0,0.392011
S03674,0,37.4954,2,1,0,0,102.7248,8.0,0.32659
S03675,1,59.9597,5,1,1,1,175.0005,8.0,0.713001
S03676,1,61.5864,6,1,1,1,155.9576,8.0,0.749462
S03677,1,59.1748,6,1,1,1,170.3414,8.0,0.765316
S03678,0,40.475,2,1,1,1,100.2733,8.0,0.392132
S03679,1,58.8396,5,1,1,0,183.4751,8.0,0.770449
S03680,0,28.034,1,0,0,1,108.0714,8.0,0.10051
S03681,0,40.2642,0,1,1,0,148.1636,8.0,0.377301
S03682,1,46.4444,3,1,0,1,133.877,8.0,0.380662
S03683,0,31.9012,3,0,0,0,130.8032,8.0,0.230555
S03684,1,37.6856,2,0,0,0,99.8137,8.0,0.155629
S03685,0,24.8283,0,0,0,0,120.6046,8.0,0.102811
S03686,0,26.8123,1,0,0,1,117.137,8.0,0.105535
S03687,0,36.9666,2,1,0,1,108.6293,8.0,0.281259
S03688,0,36.5126,3,0,1,1,133.723,8.0,0.291593
S03689,1,56.7708,4,1,1,0,167.4143,8.0,0.693065
S03690,1,27.6014,1,0,0,1,91.289,8.0,0.091766
S03691,1,42.8388,2,0,1,0,114.6217,8.0,0.258789
S03692,0,26.1141,2,0,0,0,96.991,8.0,0.153416
S03693,0,32.9094,4,0,0,1,113.3788,8.0,0.221021
S03694,0,44.5758,2,1,1,1,138.121,8.0,0.447377
S03695,1,35.4386,1,0,0,1,131.1303,8.0,0.113728
S03696,0,20.5604,1,0,0,1,75.6916,8.0,0.084258
S03697,1,47.8786,4,0,1,0,138.7804,8.0,0.42377
S03698,1,57.7883,4,1,1,0,160.8989,8.0,0.684686
S03699,0,26.4819,1,0,0,0,112.1103,8.0,0.128159
S03700,0,42.732,4,1,0,1,117.9372,8.0,0.429871
S03701,0,29.7514,3,0,0,1,124.5708,8.0,0.183536
S03702,1,54.3562,5,1,0,1,154.5947,8.0,0.559114
S03703,0,17.2284,0,0,0,1,57.5788,8.0,0.057621
S03704,0,46.5141,3,1,1,0,130.3491,8.0,0.572509
S03705,1,34.2784,2,0,0,1,114.7339,8.0,0.135686
S03706,1,58.7189,6,1,1,1,114.767,8.0,0.700274
S03707,1,35.5439,2,0,0,0,109.716,8.0,0.163597
S03708,1,42.2091,2,0,1,0,125.1823,8.0,0.271128
S03709,0,40.5002,4,1,0,0,98.533,8.0,0.462868
S03710,1,36.2602,2,0,0,0,100.8137,8.0,0.156419
S03711,0,43.5559,5,0,1,0,166.9278,8.0,0.540304
S03712,0,28.4415,1,0,1,1,135.5547,8.0,0.185931
S03713,0,32.1195,4,0,0,1,122.1623,8.0,0.230228
S03714,1,45.4101,4,0,1,0,137.493,8.0,0.421884
S03715,0,28.8963,0,0,1,1,93.5193,8.0,0.116203
S03716,0,29.6663,1,0,1,0,126.0903,8.0,0.216962
S03717,0,22.2251,0,0,0,0,95.2315,8.0,0.089593
S03718,0,28.0815,1,0,1,1,93.5724,8.0,0.150771
S03719,1,52.4259,5,1,0,0,127.2295,8.0,0.580147
S03720,1,53.8779,6,1,0,1,123.2646,8.0,0.586518
S03721,0,40.9396,5,0,1,1,145.0341,8.0,0.445271
S03722,0,41.5209,1,1,1,0,109.6175,8.0,0.393578
S03723,0,31.5874,3,0,0,1,113.9591,8.0,0.174186
S03724,0,48.0898,6,1,0,1,137.5496,8.0,0.607138
S03725,0,20.6382,0,0,0,1,66.4358,8.0,0.060575
S03726,1,47.3594,2,1,1,1,126.4287,8.0,0.430104
S03727,0,30.1684,3,0,0,1,104.2904,8.0,0.165998
S03728,0,32.6373,5,0,0,1,120.5596,8.0,0.285643
S03729,1,40.0803,4,0,0,0,102.4323,8.0,0.254376
S03730,0,38.8998,5,0,1,1,135.4527,8.0,0.43112
S03731,0,34.4139,5,0,0,1,137.4605,8.0,0.306776
S03732,0,28.1179,1,0,1,1,100.8086,8.0,0.156415
S03733,0,33.4597,3,0,1,1,130.9264,8.0,0.288139
S03734,1,48.9665,4,0,1,1,161.5177,8.0,0.396303
S03735,0,23.3009,2,0,0,1,97.6314,8.0,0.124095
S03736,0,33.8385,4,0,0,0,152.5083,8.0,0.315409
S03737,0,29.337,1,0,1,1,139.5795,8.0,0.189614
S03738,0,30.1161,1,0,1,1,143.0887,8.0,0.19287
S03739,1,59.194,5,1,1,1,154.3917,8.0,0.687047
S03740,0,32.8905,1,1,1,1,50.3256,8.0,0.261527
S03741,1,51.837,4,1,1,1,96.8877,8.0,0.535273
S03742,0,27.39,2,0,0,1,99.2085,8.0,0.125127
S03743,0,37.3966,2,1,0,0,128.5676,8.0,0.361561
S03744,0,43.734,2,1,1,0,107.2294,8.0,0.46341
S03745,1,52.4052,3,1,1,0,152.5885,8.0,0.604806
S03746,0,36.7143,0,1,1,0,84.9222,8.0,0.293081
S03747,0,32.5664,3,0,0,0,136.7201,8.0,0.236913
S03748,0,32.4665,1,1,0,0,64.4119,8.0,0.22209
S03749,0,43.0534,1,1,1,0,120.5684,8.0,0.409365
S03750,0,36.7274,2,1,0,0,87.9279,8.0,0.307372
S03751,1,33.1567,3,0,0,1,66.4855,8.0,0.136923
S03752,0,45.4271,3,1,1,1,153.8878,8.0,0.545704
S03753,0,36.0265,5,0,0,1,109.4061,8.0,0.272185
S03754,0,45.3501,6,1,0,0,78.8426,8.0,0.582503
S03755,0,34.8258,4,0,1,1,119.6009,8.0,0.337961
S03756,1,60.0251,4,1,1,1,189.1062,8.0,0.666998
S03757,0,34.1253,2,0,1,1,133.4257,8.0,0.233358
S03758,0,48.4576,5,1,1,1,152.7607,8.0,0.684939
S03759,0,38.8991,3,0,1,1,141.0149,8.0,0.300712
S03760,0,41.03,1,1,1,1,127.1844,8.0,0.359648
S03761,1,37.2624,4,0,0,1,80.2163,8.0,0.188666
S03762,0,50.0891,5,1,1,0,167.7806,8.0,0.753373
S03763,1,36.572,2,0,0,0,93.1537,8.0,0.15045
S03764,0,27.8822,0,0,1,1,89.6481,8.0,0.113839
S03765,0,32.6729,2,0,1,1,138.4539,8.0,0.238799
S03766,0,18.5673,0,0,0,1,55.05,8.0,0.056802
S03767,1,46.3105,1,1,1,1,78.8553,8.0,0.295906
S03768,0,27.5886,4,0,0,1,107.6533,8.0,0.215163
S03769,0,36.0527,4,0,0,0,139.1755,8.0,0.298396
S03770,1,37.6233,3,0,0,0,99.7138,8.0,0.199134
S03771,0,24.0606,1,0,0,1,92.5566,8.0,0.092401
S03772,0,31.4147,1,0,1,1,138.5516,8.0,0.188668
S03773,1,44.8642,3,1,0,1,123.8414,8.0,0.366572
S03774,0,38.2656,4,0,1,1,128.0748,8.0,0.349429
S03775,0,31.7184,1,1,0,1,90.1131,8.0,0.205981
S03776,0,29.795,1,1,0,1,74.1898,8.0,0.190794
S03777,1,47.9626,4,1,0,0,122.2079,8.0,0.498312
S03778,0,41.1564,4,0,1,0,135.2157,8.0,0.418556
S03779,0,46.0407,4,1,0,1,142.9505,8.0,0.466974
S03780,0,40.6221,5,1,0,1,109.4874,8.0,0.491732
S03781,1,49.4935,3,1,1,1,139.5412,8.0,0.524293
S03782,0,46.1671,5,1,0,1,154.0744,8.0,0.558345
S03783,0,21.9353,0,0,0,0,64.958,8.0,0.075841
S03784,0,34.9112,3,0,1,1,149.7233,8.0,0.311812
S03785,1,47.1785,4,1,0,1,111.9193,8.0,0.421045
S03786,0,35.9671,0,1,0,1,121.0393,8.0,0.187892
S03787,1,49.383,1,1,1,1,128.0982,8.0,0.360911
S03788,0,50.0819,4,1,1,0,151.1963,8.0,0.671985
S03789,1,49.061,3,1,0,1,150.8206,8.0,0.404903
S03790,0,43.6167,2,1,1,1,147.4713,8.0,0.461285
S03791,1,33.0766,1,0,0,0,152.0243,8.0,0.15738
S03792,1,58.3799,6,1,1,1,122.552,8.0,0.709985
S03793,0,36.6233,4,0,0,0,114.5944,8.0,0.268463
S03794,0,45.2291,4,1,1,0,121.6214,8.0,0.631749
S03795,1,50.4435,4,1,0,0,120.3467,8.0,0.49552
S03796,0,43.5991,4,1,0,0,125.5067,8.0,0.50326
S03797,0,33.2703,3,0,1,1,76.3023,8.0,0.225799
S03798,0,30.3487,0,0,1,1,120.7836,8.0,0.134087
S03799,0,25.8742,1,0,0,0,108.4244,8.0,0.125708
S03800,0,29.6251,0,0,1,0,91.4192,8.0,0.142891
S03801,0,45.5066,3,1,1,1,126.9827,8.0,0.505474
S03802,0,25.6101,2,0,0,1,104.2989,8.0,0.128509
S03803,1,42.5539,3,0,1,1,101.0604,8.0,0.252818
S03804,1,37.9113,0,1,0,1,77.5232,8.0,0.151246
S03805,0,36.8579,3,0,1,1,114.037,8.0,0.267807
S03806,0,45.1864,5,1,0,0,117.0165,8.0,0.565152
S03807,0,28.7783,3,0,0,0,83.7329,8.0,0.184282
S03808,0,27.607,2,0,0,0,89.6409,8.0,0.147776
S03809,0,36.8664,1,1,0,1,132.8527,8.0,0.251076
S03810,1,44.1823,4,0,1,1,145.0209,8.0,0.372882
S03811,1,37.4118,2,0,1,1,100.0376,8.0,0.199444
S03812,0,30.6648,2,0,1,1,123.1948,8.0,0.222556
S03813,0,27.297,2,0,0,1,102.2269,8.0,0.127123
S03814,1,52.9521,3,1,1,1,127.5033,8.0,0.506255
S03815,1,35.3843,2,0,0,0,111.0883,8.0,0.164727
S03816,1,49.3597,4,1,0,1,99.7365,8.0,0.403337
S03817,0,25.6867,3,0,0,1,104.6183,8.0,0.166271
S03818,0,31.308,1,0,1,0,89.9612,8.0,0.182391
S03819,1,53.6638,8,0,0,1,202.8266,8.0,0.61703
S03820,1,57.3427,4,1,1,0,138.5736,8.0,0.655079
S03821,1,47.546,2,1,1,1,82.0504,8.0,0.366399
S03822,1,56.6675,4,1,1,1,157.3806,8.0,0.623466
S03823,0,51.4894,5,1,1,1,161.6376,8.0,0.696318
S03824,1,61.5751,5,1,1,0,132.5719,8.0,0.712064
S03825,0,16.5867,0,0,0,1,38.5572,8.0,0.051727
S03826,1,41.3365,1,1,0,0,68.9258,8.0,0.226804
S03827,1,43.8146,2,0,1,0,138.0228,8.0,0.286619
S03828,0,55.1128,5,1,1,0,189.1787,8.0,0.776446
S03829,1,52.7084,2,1,1,0,121.8683,8.0,0.485307
S03830,1,43.1889,1,1,0,1,100.104,8.0,0.215958
S03831,1,58.7695,7,1,0,0,152.2535,8.0,0.745266
S03832,1,48.9561,7,0,0,1,174.9899,8.0,0.502485
S03833,0,34.4544,4,0,0,0,157.5308,8.0,0.321952
S03834,0,31.8468,4,0,0,1,77.2863,8.0,0.18599
S03835,0,32.9919,4,0,0,1,134.7372,8.0,0.24387
S03836,0,29.5468,2,0,0,0,138.9105,8.0,0.188998
S03837,0,33.3666,2,0,1,1,144.6585,8.0,0.245631
S03838,0,28.1912,2,0,0,1,140.3521,8.0,0.154741
S03839,0,41.1452,6,0,1,1,119.1054,8.0,0.481167
S03840,0,54.4568,6,1,1,1,151.9451,8.0,0.744915
S03841,1,31.2644,3,0,0,1,75.2618,8.0,0.143265
S03842,0,30.6328,4,0,0,1,121.9157,8.0,0.229966
S03843,0,44.8702,5,1,0,1,137.105,8.0,0.533109
S03844,0,23.7907,1,0,0,1,86.2407,8.0,0.089272
S03845,0,36.1771,2,0,1,0,102.6129,8.0,0.24521
S03846,0,30.4544,2,0,0,0,123.0981,8.0,0.174883
S03847,0,40.5931,4,0,1,0,137.0289,8.0,0.421206
S03848,0,25.4085,2,0,0,0,96.4331,8.0,0.152982
S03849,0,31.5972,1,0,1,0,107.6771,8.0,0.19878
S03850,0,32.2571,3,0,1,1,138.4442,8.0,0.297478
S03851,1,46.529,7,0,0,1,152.3579,8.0,0.468578
S03852,0,29.9618,2,0,0,0,132.1793,8.0,0.182885
S03853,0,35.6135,2,1,0,0,123.0033,8.0,0.353891
S03854,0,34.3535,3,0,1,1,129.9384,8.0,0.286924
S03855,0,47.4529,4,1,1,1,147.4464,8.0,0.609373
S03856,0,43.2124,2,1,1,0,105.5309,8.0,0.460876
S03857,1,66.1424,7,1,1,0,157.2588,8.0,0.839371
S03858,0,39.5933,3,1,0,0,119.2728,8.0,0.419613
S03859,0,37.0192,2,1,0,1,105.8741,8.0,0.277929
S03860,1,50.2662,5,0,1,0,155.6051,8.0,0.523391
S03861,0,19.9145,0,0,0,1,82.1072,8.0,0.066152
S03862,0,37.24,3,0,1,0,149.4609,8.0,0.367435
S03863,0,42.7012,4,1,0,0,135.8942,8.0,0.518832
S03864,1,45.5621,4,0,1,1,115.8435,8.0,0.332935
S03865,1,46.0318,3,0,1,0,128.4346,8.0,0.338633
S03866,0,30.2323,2,0,0,1,112.8734,8.0,0.134382
S03867,1,63.2479,6,1,1,0,145.8759,8.0,0.783343
S03868,0,42.3179,3,1,1,0,104.196,8.0,0.533743
S03869,0,40.7895,3,1,0,1,104.0803,8.0,0.339501
S03870,0,50.9726,4,1,1,0,171.3787,8.0,0.698101
S03871,1,35.3322,1,0,0,0,146.6697,8.0,0.153166
S03872,0,29.439,3,0,0,0,69.0438,8.0,0.1714
S03873,1,55.5657,4,1,1,0,131.5986,8.0,0.645563
S03874,1,54.5314,3,1,1,1,153.5434,8.0,0.545191
S03875,1,44.8918,2,0,1,1,155.4778,8.0,0.257858
S03876,0,38.0443,0,1,1,0,98.5285,8.0,0.310276
S03877,1,41.975,3,0,1,1,140.2136,8.0,0.299702
S03878,0,29.6791,2,0,0,1,145.0994,8.0,0.158504
S03879,0,34.6708,3,1,0,1,104.6857,8.0,0.340316
S03880,0,29.1455,1,0,1,1,117.4695,8.0,0.170063
S03881,0,31.9083,1,0,1,1,109.2205,8.0,0.163191
S03882,0,40.4534,2,1,1,1,106.1959,8.0,0.400634
S03883,1,51.9029,2,1,1,1,125.2305,8.0,0.428342
S03884,1,41.8161,1,0,1,0,148.9941,8.0,0.241214
S03885,0,35.5774,2,0,1,1,146.3172,8.0,0.24748
S03886,0,36.9675,3,0,1,0,127.9949,8.0,0.338042
S03887,0,29.245,3,0,0,1,108.6529,8.0,0.169654
S03888,0,39.0848,3,1,0,0,133.7152,8.0,0.440851
S03889,1,55.1415,3,1,1,0,107.446,8.0,0.538592
S03890,0,27.9996,0,0,1,0,110.9743,8.0,0.157871
S03891,0,38.1556,5,0,1,1,122.7387,8.0,0.412518
S03892,0,39.2479,5,1,0,0,84.2194,8.0,0.516323
S03893,1,58.7023,5,1,1,1,160.5629,8.0,0.694953
S03894,1,51.4443,3,1,1,1,143.7674,8.0,0.530613
S03895,0,20.3937,0,0,0,1,42.4728,8.0,0.052892
S03896,0,39.8408,3,0,1,0,142.1899,8.0,0.357356
S03897,0,41.2295,4,0,1,1,152.4587,8.0,0.383375
S03898,1,54.5172,7,0,1,0,185.0552,8.0,0.704815
S03899,1,50.8623,4,1,0,0,129.805,8.0,0.509706
S03900,1,56.4687,4,1,1,1,122.3242,8.0,0.572962
S03901,0,34.5218,0,1,1,1,89.2761,8.0,0.248927
S03902,1,58.8278,4,1,1,0,159.6977,8.0,0.683128
S03903,0,55.7932,6,1,1,1,163.4599,8.0,0.757819
S03904,1,50.3806,5,0,1,1,176.6507,8.0,0.492477
S03905,1,56.504,4,1,1,0,142.7384,8.0,0.660703
S03906,1,54.6774,5,1,1,1,117.2838,8.0,0.637309
S03907,0,36.6459,3,0,1,1,120.2844,8.0,0.275221
S03908,1,47.8556,4,0,1,1,159.1741,8.0,0.392944
S03909,1,52.8392,5,1,0,0,137.1813,8.0,0.594618
S03910,0,26.3238,1,0,0,0,81.4451,8.0,0.108968
S03911,0,31.2314,3,0,0,0,123.835,8.0,0.223222
S03912,0,29.9068,1,0,1,0,117.4401,8.0,0.208274
S03913,1,54.4706,3,1,1,1,133.6074,8.0,0.515406
S03914,1,47.3984,1,1,1,1,120.9353,8.0,0.351059
S03915,1,37.8522,0,0,1,0,130.0574,8.0,0.173696
S03916,0,39.7814,4,1,0,0,131.5227,8.0,0.512282
S03917,0,32.9084,3,0,0,0,141.8453,8.0,0.242517
S03918,1,55.3253,4,1,1,1,153.6712,8.0,0.618226
S03919,0,28.5226,2,0,0,1,129.6044,8.0,0.146493
S03920,0,28.1104,1,0,0,0,121.8521,8.0,0.134833
S03921,1,50.4225,8,0,0,1,116.3262,8.0,0.489491
S03922,0,23.7397,2,0,0,1,84.5935,8.0,0.115839
S03923,0,28.9953,3,0,0,1,84.0886,8.0,0.149889
S03924,1,54.5676,2,1,1,0,124.6255,8.0,0.48944
S03925,1,54.9864,6,1,0,0,152.5163,8.0,0.684623
S03926,1,56.0931,4,1,1,0,107.0646,8.0,0.611207
S03927,0,33.9324,3,0,1,1,128.6364,8.0,0.285329
S03928,0,30.5071,1,0,1,1,132.7083,8.0,0.183359
S03929,1,55.6242,5,1,1,1,127.6748,8.0,0.651593
S03930,1,58.9881,4,1,1,0,134.6773,8.0,0.649778
S03931,0,29.7461,3,0,0,0,112.2155,8.0,0.211367
S03932,1,52.3687,4,1,0,1,153.775,8.0,0.483169
S03933,1,55.5279,3,1,1,0,172.0394,8.0,0.632333
S03934,0,35.9123,2,1,0,1,130.9142,8.0,0.309061
S03935,1,54.5768,5,1,0,0,145.4089,8.0,0.606459
S03936,0,34.3673,3,0,1,1,100.423,8.0,0.252096
S03937,0,29.8801,1,0,1,1,96.4766,8.0,0.153016
S03938,1,62.4656,7,1,1,0,133.241,8.0,0.818979
S03939,0,34.0337,1,1,0,0,90.3978,8.0,0.250187
S03940,0,34.7444,1,1,0,0,85.5487,8.0,0.244769
S03941,0,30.3552,3,0,0,0,109.4594,8.0,0.208623
S03942,0,39.1158,5,0,1,1,143.6173,8.0,0.443172
S03943,1,40.922,2,0,1,0,141.2505,8.0,0.290595
S03944,1,54.4045,6,0,1,0,156.0055,8.0,0.597734
S03945,0,38.2174,2,1,0,1,123.3062,8.0,0.299399
S03946,0,43.3815,1,1,1,0,113.3579,8.0,0.398947
S03947,0,46.2035,3,1,1,1,142.124,8.0,0.528156
S03948,0,32.9629,4,0,0,0,122.9835,8.0,0.278463
S03949,1,41.854,3,0,1,1,155.5661,8.0,0.319384
S03950,0,35.1607,3,0,1,0,108.9801,8.0,0.313003
S03951,1,50.2816,6,0,1,0,160.1322,8.0,0.603673
S03952,0,49.3904,4,1,1,0,132.0886,8.0,0.646235
S03953,0,37.5766,2,1,0,1,119.2622,8.0,0.294334
S03954,0,37.6795,5,0,1,1,146.0136,8.0,0.446723
S03955,0,44.7685,3,1,1,1,154.739,8.0,0.54697
S03956,1,51.3824,5,0,1,1,158.8718,8.0,0.465861
S03957,1,41.8543,2,0,1,1,112.6271,8.0,0.211779
S03958,1,59.6195,6,1,1,1,166.4661,8.0,0.761114
S03959,1,34.8728,2,0,0,1,91.6647,8.0,0.120256
S03960,0,33.67,2,0,1,0,111.7842,8.0,0.255537
S03961,0,25.323,2,0,0,1,103.4004,8.0,0.127906
S03962,0,42.5453,3,1,0,0,125.5741,8.0,0.428847
S03963,0,28.1833,2,0,0,1,136.2706,8.0,0.151565
S03964,0,37.2807,2,1,0,0,95.779,8.0,0.317491
S03965,0,39.3985,3,1,0,1,109.8533,8.0,0.347311
S03966,1,54.5236,6,1,0,1,165.1655,8.0,0.645883
S03967,0,37.2556,2,1,0,0,107.0282,8.0,0.332293
S03968,0,36.8552,3,0,1,1,152.284,8.0,0.315119
S03969,0,23.3435,1,0,0,1,76.3188,8.0,0.084549
S03970,0,27.6893,2,0,0,0,117.0651,8.0,0.169721
S03971,0,29.3846,4,0,0,1,81.57,8.0,0.189912
S03972,0,37.0101,3,0,1,0,134.4119,8.0,0.346711
S03973,1,47.7634,3,1,0,0,119.0425,8.0,0.419276
S03974,0,26.7564,1,0,0,1,133.6615,8.0,0.115267
S03975,0,37.7768,3,0,1,1,170.3756,8.0,0.339002
S03976,0,53.0339,6,1,1,0,158.9299,8.0,0.796341
S03977,1,54.6903,5,1,0,0,124.3553,8.0,0.575941
S03978,0,28.7086,3,0,0,1,84.516,8.0,0.150216
S03979,0,40.2314,1,1,1,1,126.4464,8.0,0.358629
S03980,1,52.4524,5,1,0,0,157.0927,8.0,0.62306
S03981,0,28.4373,1,0,1,0,95.3538,8.0,0.187265
S03982,0,26.5534,2,0,0,1,101.6772,8.0,0.126758
S03983,0,30.8143,1,0,1,0,118.4678,8.0,0.209293
S03984,0,24.4561,2,0,0,1,74.4568,8.0,0.109754
S03985,1,52.4105,3,1,1,1,95.5063,8.0,0.458356
S03986,0,41.1787,4,1,0,1,107.1398,8.0,0.414071
S03987,0,30.1009,1,1,0,1,62.5659,8.0,0.180257
S03988,0,24.058,0,0,0,0,86.3284,8.0,0.085331
S03989,0,31.9857,2,0,1,1,119.2533,8.0,0.218491
S03990,0,21.7955,0,0,0,1,110.9809,8.0,0.077693
S03991,1,51.761,5,1,0,1,118.2643,8.0,0.504896
S03992,0,41.3761,2,1,0,0,130.8935,8.0,0.364789
S03993,0,37.2684,2,1,0,0,104.6218,8.0,0.329098
S03994,1,49.6616,4,1,0,1,158.5007,8.0,0.490252
S03995,0,36.206,1,1,0,0,104.3034,8.0,0.266163
S03996,0,53.233,5,1,1,0,147.9361,8.0,0.73059
S03997,0,34.5743,4,0,0,1,122.3007,8.0,0.230375
S03998,0,40.1408,6,0,1,0,105.7228,8.0,0.523567
S03999,0,43.5231,6,0,1,0,146.7735,8.0,0.584346
S04000,0,32.4169,3,0,0,1,157.7088,8.0,0.215219
S04001,0,18.3582,0,0,0,1,66.3255,8.0,0.060537
S04002,0,45.8447,5,1,0,0,137.4509,8.0,0.595007
S04003,0,30.5371,4,0,0,0,94.4252,8.0,0.245372
S04004,0,37.5451,3,0,1,1,147.6592,8.0,0.309161
S04005,0,41.2002,2,1,1,1,144.6088,8.0,0.45702
S04006,0,42.8403,2,1,1,0,73.9357,8.0,0.414259
S04007,1,66.1363,7,1,1,1,197.0111,8.0,0.837816
S04008,0,33.4201,3,0,0,0,133.2789,8.0,0.233201
S04009,0,33.9994,0,0,1,0,129.2545,8.0,0.173006
S04010,0,30.116,3,0,0,0,110.8217,8.0,0.209976
S04011,1,49.7594,2,1,1,1,111.4401,8.0,0.408213
S04012,0,41.2,4,0,1,1,144.9484,8.0,0.37278
S04013,1,53.6599,3,1,1,0,134.4273,8.0,0.578487
S04014,0,34.2108,2,0,1,0,98.5477,8.0,0.240724
S04015,0,42.656,3,1,0,0,154.688,8.0,0.472061
S04016,0,18.8364,1,0,0,1,71.494,8.0,0.082335
S04017,1,44.3126,3,0,1,1,105.5012,8.0,0.257885
S04018,1,49.6456,4,0,1,0,163.6365,8.0,0.460537
S04019,0,45.9061,5,1,0,1,145.7273,8.0,0.545961
S04020,0,25.8911,1,0,0,1,136.89,8.0,0.117258
S04021,0,37.7661,3,0,1,1,145.0722,8.0,0.305856
S04022,0,52.1668,4,1,1,1,171.1671,8.0,0.642677
S04023,0,36.1565,3,1,0,1,130.4816,8.0,0.375871
S04024,0,29.8692,2,0,0,0,124.2434,8.0,0.175876
S04025,0,52.9401,5,1,1,0,142.6253,8.0,0.724272
S04026,0,42.8959,5,0,1,0,142.2576,8.0,0.503386
S04027,0,26.1385,2,0,0,0,87.2851,8.0,0.146004
S04028,0,22.7389,1,0,0,1,82.112,8.0,0.087278
S04029,0,46.6305,3,1,1,0,114.0121,8.0,0.548366
S04030,0,35.2596,2,0,1,0,135.1171,8.0,0.283067
S04031,0,32.6473,1,1,0,1,69.0011,8.0,0.186033
S04032,0,36.4336,5,0,1,1,138.396,8.0,0.435456
S04033,1,43.5625,2,1,0,1,91.175,8.0,0.260581
S04034,1,44.6616,4,0,0,0,115.5896,8.0,0.269638
S04035,0,39.8354,0,1,1,1,122.421,8.0,0.287927
S04036,0,29.4728,1,0,1,1,105.3568,8.0,0.16005
S04037,0,38.5409,3,1,0,0,115.8804,8.0,0.414664
S04038,1,45.0408,2,0,1,0,140.9084,8.0,0.290172
S04039,0,33.7389,3,0,1,1,128.0506,8.0,0.284612
S04040,1,64.9118,8,1,0,1,206.5255,8.0,0.809868
S04041,0,31.6035,4,0,0,1,111.475,8.0,0.21906
S04042,0,27.5233,1,0,0,0,122.9632,8.0,0.135612
S04043,0,31.8598,3,0,1,1,104.1227,8.0,0.256305
S04044,0,28.8275,1,0,1,0,91.4933,8.0,0.183766
S04045,1,47.1111,3,1,0,1,99.28,8.0,0.333073
S04046,0,34.9763,1,1,0,1,117.888,8.0,0.234572
S04047,0,35.3446,4,0,1,1,102.7813,8.0,0.315763
S04048,0,32.8752,1,1,0,1,67.4718,8.0,0.184648
S04049,0,31.7465,1,0,1,1,124.6151,8.0,0.1762
S04050,1,45.1095,5,0,0,0,159.5476,8.0,0.393478
S04051,0,31.725,3,0,0,1,117.4472,8.0,0.177217
S04052,0,29.2916,1,0,0,0,88.0597,8.0,0.112881
S04053,0,30.0276,1,0,1,1,73.6902,8.0,0.136125
S04054,0,41.1969,3,1,0,0,150.9623,8.0,0.466494
S04055,0,39.2193,3,0,1,1,135.3498,8.0,0.293613
S04056,1,52.7736,7,0,1,0,125.7265,8.0,0.625828
S04057,0,48.4541,7,0,1,0,128.1969,8.0,0.629292
S04058,0,39.9203,6,0,0,0,137.0352,8.0,0.43345
S04059,1,63.5465,6,1,1,1,181.7948,8.0,0.777433
S04060,1,64.7717,6,1,1,0,180.0663,8.0,0.816138
S04061,0,24.0086,1,0,0,0,97.4835,8.0,0.118669
S04062,0,30.587,2,0,1,0,99.1316,8.0,0.241365
S04063,1,45.902,2,1,0,1,134.2952,8.0,0.313409
S04064,0,37.3492,3,0,1,1,157.5754,8.0,0.32201
S04065,0,29.2517,3,0,0,1,91.8512,8.0,0.155921
S04066,0,41.4904,0,1,1,0,129.318,8.0,0.351126
S04067,0,30.024,3,0,0,0,122.6156,8.0,0.221956
S04068,0,34.189,2,0,1,0,115.3589,8.0,0.259639
S04069,1,56.5796,4,1,1,1,156.7002,8.0,0.622507
S04070,0,38.3975,4,0,1,1,126.174,8.0,0.346841
S04071,0,45.8934,5,0,1,0,148.9175,8.0,0.513373
S04072,1,50.6308,4,1,0,1,135.4181,8.0,0.455743
S04073,0,51.6757,6,1,1,0,119.0132,8.0,0.754745
S04074,1,55.9395,4,1,1,1,111.7369,8.0,0.557352
S04075,0,35.8744,2,1,0,1,106.0288,8.0,0.278116
S04076,1,50.4806,4,1,0,1,122.9435,8.0,0.437248
S04077,0,23.9028,2,0,0,1,114.0174,8.0,0.135182
S04078,1,57.6222,3,1,1,0,124.782,8.0,0.564315
S04079,0,52.8911,5,1,1,1,170.5922,8.0,0.707558
S04080,1,63.1271,7,1,1,1,208.1575,8.0,0.846699
S04081,0,27.6676,0,0,1,1,75.7994,8.0,0.105722
S04082,0,37.3181,1,0,1,0,136.2192,8.0,0.227464
S04083,0,29.3166,1,0,1,1,82.4659,8.0,0.142436
S04084,0,29.6749,2,0,0,0,102.6734,8.0,0.157897
S04085,0,43.3282,4,1,0,1,151.5263,8.0,0.4798
S04086,1,38.969,4,0,0,1,100.4257,8.0,0.20793
S04087,0,26.2201,2,0,0,0,51.8541,8.0,0.121439
S04088,1,53.001,4,1,1,1,121.7116,8.0,0.572062
S04089,1,46.66,5,0,1,1,160.8228,8.0,0.468775
S04090,1,43.2471,1,1,0,1,95.679,8.0,0.211497
S04091,0,33.6379,2,1,0,0,100.7091,8.0,0.323935
S04092,0,48.8922,5,1,1,1,130.0463,8.0,0.654816
S04093,0,32.7038,4,0,0,1,138.1011,8.0,0.247611
S04094,1,57.1015,4,1,1,0,147.6694,8.0,0.667304
S04095,1,54.0952,5,1,1,1,115.8535,8.0,0.635323
S04096,0,44.2398,1,1,1,0,140.947,8.0,0.439222
S04097,0,38.3264,3,0,1,1,150.7103,8.0,0.313084
S04098,0,33.0408,3,0,0,0,128.7981,8.0,0.228428
S04099,1,52.9836,5,0,1,0,143.0159,8.0,0.504524
S04100,0,25.3015,2,0,0,1,102.8632,8.0,0.127547
S04101,1,71.3509,9,1,1,1,199.7942,8.0,0.905404
S04102,1,55.8747,5,1,1,1,135.3213,8.0,0.661935
S04103,0,30.1706,3,0,0,1,119.4899,8.0,0.179011
S04104,0,30.8986,3,0,1,1,121.9367,8.0,0.277203
S04105,1,74.6863,10,1,1,0,171.6907,8.0,0.933401
S04106,0,39.2376,0,1,1,1,90.6844,8.0,0.25051
S04107,1,54.2597,4,1,1,0,128.0071,8.0,0.640617
S04108,0,41.5315,3,1,0,0,100.7598,8.0,0.392828
S04109,0,51.9773,6,1,0,0,160.9184,8.0,0.695405
S04110,0,24.2992,0,0,0,0,80.0457,8.0,0.082434
S04111,1,52.0083,3,1,1,1,143.4018,8.0,0.530066
S04112,0,24.8619,0,0,0,0,107.2616,8.0,0.095658
S04113,0,30.8728,4,0,0,1,140.0024,8.0,0.249743
S04114,1,61.0862,6,1,1,1,145.6075,8.0,0.737622
S04115,0,45.3388,3,1,1,1,145.0923,8.0,0.532592
S04116,1,54.4548,4,1,1,0,132.7739,8.0,0.647175
S04117,0,38.8025,5,0,1,0,138.301,8.0,0.497452
S04118,0,54.6857,5,1,1,0,181.8258,8.0,0.768695
S04119,0,33.8237,2,0,1,0,105.0941,8.0,0.247976
S04120,0,37.089,3,1,0,1,115.0935,8.0,0.354472
S04121,0,26.9104,2,0,0,0,88.4004,8.0,0.146841
S04122,0,18.2335,0,0,0,1,61.0308,8.0,0.058756
S04123,1,55.2691,3,1,1,1,138.4633,8.0,0.522679
S04124,0,35.7807,2,1,0,1,105.1895,8.0,0.277106
S04125,1,59.5122,6,1,1,1,114.5376,8.0,0.699985
S04126,1,54.4847,5,1,0,1,168.6367,8.0,0.579768
S04127,0,35.3199,2,1,0,0,90.8839,8.0,0.311161
S04128,1,47.9615,6,0,0,0,163.661,8.0,0.473018
S04129,1,53.0784,5,1,0,0,148.5192,8.0,0.610904
S04130,0,40.7432,3,1,0,0,101.5742,8.0,0.393994
S04131,0,48.6421,3,1,1,0,111.1412,8.0,0.544097
S04132,1,59.3592,3,1,1,0,158.474,8.0,0.613214
S04133,0,36.0752,3,0,1,1,138.2016,8.0,0.297174
S04134,0,50.1076,4,1,1,0,120.8721,8.0,0.630703
S04135,0,48.5598,5,1,0,0,113.2517,8.0,0.559593
S04136,0,33.1241,1,1,0,1,102.517,8.0,0.21842
S04137,0,42.6002,3,1,1,0,101.4446,8.0,0.529632
S04138,0,31.5404,2,1,0,1,90.5813,8.0,0.259895
S04139,0,43.554,2,1,1,0,97.7818,8.0,0.449347
S04140,0,29.9252,1,0,1,1,124.8216,8.0,0.17638
S04141,0,37.2712,5,0,0,0,171.0849,8.0,0.410115
S04142,1,39.4536,0,0,1,0,98.596,8.0,0.148246
S04143,1,45.7762,3,1,0,1,120.3103,8.0,0.361667
S04144,1,52.0553,2,1,1,1,115.8756,8.0,0.414657
S04145,0,34.1716,3,0,1,1,123.9866,8.0,0.279674
S04146,0,32.4281,1,0,1,0,116.1878,8.0,0.207038
S04147,0,44.0258,6,0,1,0,162.6274,8.0,0.607249
S04148,1,60.5597,6,1,1,1,174.4566,8.0,0.769722
S04149,0,20.8141,0,0,0,1,99.395,8.0,0.072856
S04150,1,55.9784,5,1,1,1,130.1806,8.0,0.654998
S04151,1,56.9564,4,1,1,0,141.4925,8.0,0.659026
S04152,0,23.1819,1,0,0,0,86.9926,8.0,0.112242
S04153,0,26.5203,3,0,0,1,92.787,8.0,0.156662
S04154,0,25.3439,1,0,0,1,108.2247,8.0,0.100593
S04155,0,37.668,3,0,1,1,128.6965,8.0,0.285402
S04156,0,38.9946,3,0,1,0,144.237,8.0,0.360181
S04157,1,49.8011,2,1,1,1,113.1626,8.0,0.410712
S04158,1,43.1896,3,1,0,1,130.8377,8.0,0.376373
S04159,0,25.0192,1,0,0,0,115.8132,8.0,0.130662
S04160,1,47.8372,3,0,1,0,166.772,8.0,0.391892
S04161,0,27.232,2,0,0,0,106.6602,8.0,0.161104
S04162,1,59.1116,8,1,0,1,173.3017,8.0,0.777267
S04163,1,48.4062,5,0,1,0,117.8538,8.0,0.46683
S04164,0,26.4584,3,0,0,1,88.1168,8.0,0.152995
S04165,1,53.7634,4,1,0,0,130.3725,8.0,0.510557
S04166,1,37.454,1,1,0,0,90.1307,8.0,0.249887
S04167,0,21.8081,1,0,0,0,51.3498,8.0,0.092633
S04168,1,55.9355,4,1,1,1,136.708,8.0,0.593933
S04169,0,29.664,1,0,1,0,117.4521,8.0,0.208286
S04170,1,53.8381,3,1,1,0,101.7173,8.0,0.53004
S04171,1,60.3276,4,1,1,0,116.9581,8.0,0.625216
S04172,1,58.7181,7,1,1,1,171.15,8.0,0.815613
S04173,0,36.5453,4,0,1,0,95.9556,8.0,0.362561
S04174,0,39.2964,2,1,1,1,84.0868,8.0,0.36924
S04175,1,62.2138,6,1,1,1,169.8959,8.0,0.764835
S04176,0,28.0198,2,0,0,1,131.5459,8.0,0.147956
S04177,1,56.3697,4,1,1,0,112.7121,8.0,0.619228
S04178,1,56.757,3,1,1,0,162.8736,8.0,0.619456
S04179,1,56.7317,3,1,1,0,113.5154,8.0,0.547628
S04180,1,52.4561,2,1,1,1,128.7675,8.0,0.433547
S04181,1,51.8964,4,1,1,1,119.4951,8.0,0.568803
S04182,1,48.3096,4,1,0,1,132.2181,8.0,0.450985
S04183,0,38.1487,5,0,1,1,142.1855,8.0,0.441054
S04184,0,42.8856,5,0,1,1,184.1093,8.0,0.503664
S04185,1,52.9995,3,1,1,1,177.3842,8.0,0.580373
S04186,0,44.8923,3,1,1,0,99.5067,8.0,0.526734
S04187,0,24.4342,2,0,0,1,53.2257,8.0,0.097912
S04188,1,51.4077,3,1,1,1,132.6739,8.0,0.514007
S04189,1,53.0289,3,1,1,1,156.8496,8.0,0.550106
S04190,1,52.9748,5,0,1,0,203.9587,8.0,0.594778
S04191,1,56.0656,3,1,1,0,133.5134,8.0,0.577149
S04192,1,51.4954,4,1,0,0,131.8547,8.0,0.512779
S04193,0,25.8114,1,0,1,1,84.5996,8.0,0.144007
S04194,0,26.1715,3,0,0,0,106.6371,8.0,0.205841
S04195,0,40.6917,4,1,0,1,105.5126,8.0,0.411704
S04196,1,50.0876,3,0,1,0,176.2376,8.0,0.405506
S04197,0,50.2984,6,1,1,1,140.444,8.0,0.731582
S04198,0,29.0085,2,0,0,0,115.9179,8.0,0.168753
S04199,0,27.1149,2,0,0,1,110.8794,8.0,0.132996
S04200,1,58.3074,4,1,1,0,152.3945,8.0,0.673568
S04201,0,49.6576,4,1,1,0,142.3318,8.0,0.660156
S04202,0,40.1435,6,0,1,0,110.0819,8.0,0.530086
S04203,1,51.9046,4,1,0,0,99.0715,8.0,0.463671
S04204,0,26.4477,2,0,0,0,99.8095,8.0,0.155626
S04205,1,44.6064,2,1,0,1,90.6084,8.0,0.259927
S04206,0,31.8998,3,0,0,1,121.2903,8.0,0.180604
S04207,1,59.0582,6,1,1,1,183.4592,8.0,0.779156
S04208,1,61.7516,5,1,1,0,154.9622,8.0,0.738806
S04209,0,36.8224,1,1,1,1,67.7478,8.0,0.282212
S04210,1,44.3817,2,1,0,0,99.2893,8.0,0.322072
S04211,0,36.6796,3,1,0,1,125.5945,8.0,0.369018
S04212,0,34.9006,2,1,0,1,107.288,8.0,0.279635
S04213,0,45.9357,2,1,1,0,135.6803,8.0,0.50602
S04214,1,44.5542,3,0,1,0,113.1903,8.0,0.31846
S04215,1,52.0614,5,1,0,0,124.056,8.0,0.575502
S04216,1,56.7409,5,1,1,1,134.6928,8.0,0.66109
S04217,1,54.2997,4,1,1,1,134.8186,8.0,0.591196
S04218,0,36.4311,3,0,1,0,104.1475,8.0,0.306802
S04219,0,44.8514,3,1,1,1,133.4738,8.0,0.515206
S04220,1,53.521,6,1,0,0,102.1793,8.0,0.616112
S04221,0,48.3266,4,1,1,0,117.7597,8.0,0.626343
S04222,1,58.1796,3,1,1,0,159.927,8.0,0.61528
S04223,1,29.9421,1,0,0,0,60.3474,8.0,0.097272
S04224,1,47.136,5,1,0,1,124.3353,8.0,0.513999
S04225,0,31.0005,1,1,0,1,84.7034,8.0,0.200723
S04226,0,27.55,1,0,0,0,97.3946,8.0,0.118613
S04227,0,37.1373,3,1,0,1,106.1923,8.0,0.342348
S04228,1,36.1808,3,0,0,0,98.6723,8.0,0.198139
S04229,0,29.9321,2,0,0,1,102.0908,8.0,0.127033
S04230,0,30.7925,2,0,1,1,99.5983,8.0,0.199023
S04231,0,36.0427,2,0,1,0,165.8921,8.0,0.321989
S04232,1,53.1038,3,1,1,0,158.1222,8.0,0.612714
S04233,0,49.908,5,1,1,1,161.0624,8.0,0.695588
S04234,1,61.5338,6,1,1,1,162.806,8.0,0.757098
S04235,0,40.2611,5,0,1,1,134.6083,8.0,0.429878
S04236,0,25.5422,0,0,1,0,48.5241,8.0,0.114168
S04237,0,33.453,2,0,1,1,128.399,8.0,0.228006
S04238,1,50.049,1,1,1,1,127.8038,8.0,0.360504
S04239,0,30.8449,2,1,0,1,59.1802,8.0,0.225322
S04240,0,29.2599,3,0,0,1,107.4546,8.0,0.168643
S04241,0,44.7405,4,1,0,0,163.1515,8.0,0.559445
S04242,1,41.3833,2,0,1,0,133.2801,8.0,0.280836
S04243,0,33.9758,0,1,0,1,125.9531,8.0,0.192432
S04244,1,59.7755,4,1,1,0,154.5823,8.0,0.676448
S04245,0,39.374,5,0,1,0,84.9358,8.0,0.418147
S04246,1,52.5524,1,1,1,0,131.0776,8.0,0.424694
S04247,1,50.2659,5,1,0,1,102.8281,8.0,0.48175
S04248,0,41.0412,5,0,1,1,127.8734,8.0,0.420003
S04249,0,36.6596,3,1,0,1,123.0789,8.0,0.36551
S04250,1,52.537,3,1,1,1,146.1164,8.0,0.534122
S04251,0,41.6356,3,1,0,0,109.0599,8.0,0.404767
S04252,1,50.3367,3,1,0,0,133.1053,8.0,0.439949
S04253,0,38.6656,0,1,1,1,120.5923,8.0,0.285683
S04254,1,57.7036,5,1,1,1,157.0502,8.0,0.690467
S04255,1,54.9427,3,1,1,1,139.9512,8.0,0.524906
S04256,0,38.6086,2,1,0,0,115.5536,8.0,0.343738
S04257,1,47.4045,2,1,0,0,138.3667,8.0,0.37524
S04258,0,30.4532,1,0,1,0,126.9827,8.0,0.217873
S04259,0,28.8492,3,0,0,1,113.7808,8.0,0.174032
S04260,0,36.2169,4,0,1,1,131.4051,8.0,0.353985
S04261,0,38.8919,1,1,1,0,108.7656,8.0,0.392359
S04262,0,31.9771,1,0,1,1,127.2934,8.0,0.178545
S04263,1,55.3569,3,1,1,1,154.8683,8.0,0.547162
S04264,0,32.232,1,0,1,1,116.0862,8.0,0.168894
S04265,1,49.9772,6,0,1,1,151.8601,8.0,0.530253
S04266,1,58.5814,5,1,1,1,157.6977,8.0,0.691296
S04267,1,40.3671,1,0,1,0,118.9167,8.0,0.209739
S04268,0,51.7736,3,1,1,0,190.8298,8.0,0.658132
S04269,0,34.9804,3,1,0,1,56.3455,8.0,0.278497
S04270,0,46.9201,3,1,1,0,153.5219,8.0,0.606144
S04271,0,31.9834,2,0,1,1,111.0199,8.0,0.210173
S04272,1,61.2368,7,1,1,1,143.8016,8.0,0.789649
S04273,0,28.9842,3,0,0,0,64.2967,8.0,0.167393
S04274,1,43.9245,2,1,0,0,85.6315,8.0,0.304447
S04275,1,47.1574,4,0,1,1,120.081,8.0,0.338606
S04276,1,38.784,0,0,1,0,143.355,8.0,0.185447
S04277,0,44.6731,3,1,1,1,128.2628,8.0,0.507394
S04278,1,41.3513,3,0,0,0,135.138,8.0,0.235201
S04279,1,45.6119,4,0,1,0,136.5656,8.0,0.420528
S04280,1,42.1315,1,1,0,1,90.3182,8.0,0.206183
S04281,0,25.0606,1,0,0,0,102.5042,8.0,0.121856
S04282,1,64.2696,6,1,1,1,146.3078,8.0,0.738434
S04283,1,63.0152,7,1,1,0,161.6658,8.0,0.842904
S04284,0,42.6388,5,1,0,1,123.0289,8.0,0.512041
S04285,1,70.9289,9,1,1,0,144.2198,8.0,0.898011
S04286,0,42.6376,3,1,1,1,120.1732,8.0,0.49526
S04287,0,26.1701,1,0,0,0,87.4935,8.0,0.112542
S04288,0,45.4777,4,1,1,1,135.7123,8.0,0.592491
S04289,1,48.5829,4,0,1,0,158.9483,8.0,0.453557
S04290,0,27.2728,2,0,0,0,85.7286,8.0,0.144844
S04291,1,54.3391,3,1,1,0,156.0478,8.0,0.609756
S04292,0,29.4366,2,0,0,1,109.5052,8.0,0.132048
S04293,1,55.7452,4,1,1,0,130.2647,8.0,0.643729
S04294,0,49.7551,5,1,1,0,130.942,8.0,0.710055
S04295,0,40.8249,3,1,0,0,70.2405,8.0,0.35011
S04296,0,26.7985,2,0,0,1,133.6633,8.0,0.149565
S04297,0,53.8585,5,1,1,0,133.4283,8.0,0.713117
S04298,0,23.9381,0,0,0,1,85.7966,8.0,0.067533
S04299,1,46.7578,4,1,0,1,102.9665,8.0,0.408009
S04300,0,37.0295,3,1,0,1,114.0895,8.0,0.353095
S04301,1,55.3326,4,1,1,1,127.4015,8.0,0.580398
S04302,1,58.2539,3,1,1,0,144.6369,8.0,0.593348
S04303,0,38.0468,3,0,1,0,164.8454,8.0,0.38914
S04304,1,37.7944,3,0,0,1,96.601,8.0,0.159709
S04305,0,37.277,3,0,1,0,118.7281,8.0,0.325715
S04306,0,28.2531,1,0,0,0,90.043,8.0,0.114078
S04307,0,36.0907,2,1,0,1,87.2536,8.0,0.256073
S04308,0,24.3937,1,0,0,0,91.6217,8.0,0.115039
S04309,1,54.034,4,1,1,1,131.402,8.0,0.586232
S04310,0,28.9857,2,0,0,0,114.7277,8.0,0.167753
S04311,0,27.177,2,0,0,1,114.5278,8.0,0.135541
S04312,0,41.7785,3,1,0,1,114.3108,8.0,0.353398
S04313,1,41.3554,5,0,0,0,96.9658,8.0,0.308273
S04314,1,54.352,7,0,1,1,159.7015,8.0,0.61496
S04315,0,29.1819,2,0,0,0,132.708,8.0,0.183359
S04316,0,32.9857,3,0,1,1,104.3902,8.0,0.256611
S04317,0,35.3562,2,1,0,1,98.3872,8.0,0.269005
S04318,1,42.8677,1,1,0,0,92.7281,8.0,0.252819
S04319,0,33.8495,3,0,0,1,138.1497,8.0,0.19606
S04320,0,40.9196,1,1,1,0,98.3244,8.0,0.377528
S04321,0,50.1789,4,1,1,0,154.3652,8.0,0.676162
S04322,1,54.0334,6,1,0,1,159.0932,8.0,0.637507
S04323,0,35.8457,2,1,0,0,100.1046,8.0,0.323141
S04324,0,29.2161,2,0,1,0,81.5575,8.0,0.222587
S04325,0,41.9115,3,1,1,1,117.087,8.0,0.490632
S04326,0,34.0536,4,0,1,1,76.2375,8.0,0.282403
S04327,1,44.8605,3,0,1,0,126.3592,8.0,0.33585
S04328,1,59.6102,5,1,1,0,125.948,8.0,0.703848
S04329,1,35.442,0,0,1,1,80.6027,8.0,0.108478
S04330,1,57.5186,5,1,1,1,133.3269,8.0,0.659252
S04331,0,48.2272,5,1,0,1,178.5776,8.0,0.594227
S04332,0,26.0743,3,0,0,1,84.0224,8.0,0.149839
S04333,0,23.5353,1,0,0,0,73.1008,8.0,0.104201
S04334,0,49.4994,4,1,1,0,164.4196,8.0,0.689229
S04335,0,47.0762,4,1,1,1,133.6841,8.0,0.58955
S04336,0,34.1818,3,0,1,1,124.1852,8.0,0.279914
S04337,0,36.7087,5,0,0,0,141.7507,8.0,0.368305
S04338,0,35.1385,3,1,0,1,86.4355,8.0,0.316179
S04339,1,52.5923,4,1,1,0,102.316,8.0,0.604415
S04340,0,47.9163,3,1,1,1,139.5799,8.0,0.524351
S04341,0,36.9556,3,0,1,0,135.8579,8.0,0.348679
S04342,0,42.5846,2,1,1,0,102.0859,8.0,0.455745
S04343,0,23.966,2,0,0,1,92.7458,8.0,0.120944
S04344,0,22.0918,1,0,0,1,101.5116,8.0,0.097007
S04345,0,47.6825,5,1,1,1,115.7949,8.0,0.635241
S04346,1,49.6108,2,1,1,0,107.5607,8.0,0.463904
S04347,0,39.8354,1,1,1,1,115.7445,8.0,0.343997
S04348,0,41.4366,5,0,1,0,138.9446,8.0,0.498417
S04349,0,47.7536,4,1,1,1,114.7317,8.0,0.56178
S04350,1,52.8851,4,1,0,0,131.8929,8.0,0.512837
S04351,0,38.445,1,1,1,1,95.2882,8.0,0.316853
S04352,1,56.877,4,1,1,1,140.1113,8.0,0.598848
S04353,1,46.0914,5,0,0,1,159.8572,8.0,0.33607
S04354,0,27.8451,3,0,0,1,76.7751,8.0,0.144383
S04355,0,37.3975,0,1,1,0,95.8827,8.0,0.306889
S04356,1,54.8121,4,1,1,0,148.3152,8.0,0.668164
S04357,0,48.6413,4,1,0,0,122.3575,8.0,0.498536
S04358,0,51.8507,7,1,0,0,161.2646,8.0,0.755393
S04359,1,49.3362,0,1,1,1,141.7849,8.0,0.312321
S04360,0,33.8662,5,0,0,1,130.5473,8.0,0.298026
S04361,0,30.9099,1,1,0,1,92.5004,8.0,0.208334
S04362,0,38.2758,2,1,1,1,99.2788,8.0,0.39071
S04363,1,47.7222,1,1,1,0,127.6461,8.0,0.419671
S04364,0,36.1169,3,0,1,1,142.8758,8.0,0.303065
S04365,0,55.0385,8,1,0,0,155.1903,8.0,0.800774
S04366,0,51.1753,5,1,1,1,135.3733,8.0,0.662005
S04367,0,27.9833,2,0,0,1,116.6684,8.0,0.137053
S04368,1,41.3801,3,0,0,0,113.703,8.0,0.212858
S04369,0,44.7709,2,1,1,0,112.9931,8.0,0.472019
S04370,0,31.0324,3,0,0,0,149.2918,8.0,0.250819
S04371,0,37.0075,3,1,0,0,107.0675,8.0,0.40189
S04372,0,36.2476,3,0,1,0,94.8812,8.0,0.295106
S04373,0,40.0316,4,0,1,1,175.045,8.0,0.415875
S04374,0,35.6181,3,1,0,0,86.5469,8.0,0.372684
S04375,1,53.8184,6,1,0,1,145.5592,8.0,0.61854
S04376,0,38.4865,1,1,1,1,97.1581,8.0,0.319287
S04377,0,38.078,2,1,0,0,124.7729,8.0,0.356322
S04378,1,47.9889,2,1,0,0,101.6446,8.0,0.325166
S04379,1,40.515,4,0,0,1,110.7444,8.0,0.218311
S04380,0,25.4253,2,0,0,0,123.6159,8.0,0.175331
S04381,0,50.5142,5,1,1,1,152.9507,8.0,0.685185
S04382,0,39.427,2,1,0,0,113.9657,8.0,0.341592
S04383,0,21.5558,0,0,0,1,116.5058,8.0,0.080102
S04384,1,47.9096,2,1,0,0,117.3879,8.0,0.346225
S04385,0,23.6676,2,0,0,1,118.1407,8.0,0.138101
S04386,0,23.8053,0,0,0,1,85.913,8.0,0.067577
S04387,0,32.8608,2,0,1,1,158.9476,8.0,0.261862
S04388,1,55.8101,5,1,1,0,128.4448,8.0,0.706961
S04389,0,39.279,3,0,1,0,136.3331,8.0,0.349326
S04390,1,55.9265,3,1,1,0,143.6396,8.0,0.591903
S04391,0,37.2703,4,0,1,0,114.101,8.0,0.388079
S04392,1,51.8357,5,1,0,0,122.4381,8.0,0.573129
S04393,0,38.1592,3,0,1,1,173.2676,8.0,0.342901
S04394,0,37.0782,3,0,1,0,127.0127,8.0,0.336725
S04395,0,31.12,1,0,1,1,131.0069,8.0,0.181836
S04396,1,47.086,3,0,1,1,169.1187,8.0,0.337314
S04397,0,33.8672,4,0,0,1,149.5398,8.0,0.260618
S04398,0,39.4984,3,1,0,1,130.8931,8.0,0.376451
S04399,0,40.1205,3,1,0,1,143.6858,8.0,0.394631
S04400,1,56.1597,3,1,1,0,163.0545,8.0,0.619712
S04401,1,49.4817,5,0,1,1,175.9625,8.0,0.491445
S04402,0,35.3066,1,1,0,1,128.8027,8.0,0.246534
S04403,1,44.9665,4,0,1,1,126.137,8.0,0.34679
S04404,1,51.451,2,1,1,0,114.4105,8.0,0.474139
S04405,0,53.738,5,1,1,0,155.6428,8.0,0.739593
S04406,1,50.1507,6,0,1,1,135.7595,8.0,0.506139
S04407,1,43.9875,2,0,1,1,129.7749,8.0,0.229462
S04408,0,29.7493,0,0,1,1,109.5929,8.0,0.12648
S04409,1,34.9426,1,0,0,0,119.6646,8.0,0.133309
S04410,0,23.6384,1,0,0,1,138.5102,8.0,0.118268
S04411,1,38.3465,4,0,0,1,152.4393,8.0,0.263984
S04412,1,61.3906,5,1,1,0,147.0583,8.0,0.729552
S04413,0,28.6331,0,1,0,0,54.3528,8.0,0.16605
S04414,0,37.6528,0,1,1,0,93.6312,8.0,0.304023
S04415,1,46.0394,2,1,0,0,127.4184,8.0,0.359971
S04416,0,28.3073,2,0,0,0,140.096,8.0,0.19009
S04417,0,46.0571,3,1,1,0,136.0218,8.0,0.580818
S04418,1,41.4047,0,0,1,1,159.1918,8.0,0.163167
S04419,1,40.2203,1,0,1,0,122.3453,8.0,0.213169
S04420,0,44.4107,2,1,1,0,124.4308,8.0,0.489148
S04421,0,33.9448,1,1,0,0,89.2458,8.0,0.248893
S04422,1,57.4423,4,1,1,1,159.7063,8.0,0.626736
S04423,1,58.8503,4,1,1,1,207.243,8.0,0.690714
S04424,1,47.8054,1,1,1,0,89.9085,8.0,0.365737
S04425,1,64.0854,6,1,1,0,212.3031,8.0,0.84341
S04426,1,38.1529,3,0,0,1,154.5955,8.0,0.212081
S04427,1,39.0319,3,0,0,0,119.8556,8.0,0.219109
S04428,0,31.6868,4,0,0,0,75.155,8.0,0.224598
S04429,1,51.7145,4,1,1,0,121.9561,8.0,0.632216
S04430,0,47.9421,3,1,1,1,165.1594,8.0,0.562412
S04431,0,25.5702,2,0,0,0,88.1059,8.0,0.14662
S04432,0,32.0363,1,0,1,1,145.0746,8.0,0.194732
S04433,1,46.4619,5,0,1,1,110.2415,8.0,0.394472
S04434,0,37.3953,3,0,1,0,133.2746,8.0,0.345167
S04435,0,33.859,2,0,1,0,121.8906,8.0,0.267243
S04436,1,54.529,3,1,1,0,129.6347,8.0,0.571459
S04437,0,37.8225,3,0,1,0,96.0886,8.0,0.296615
S04438,1,53.3306,4,1,0,0,146.7332,8.0,0.535042
S04439,0,28.3948,2,0,0,1,114.8786,8.0,0.135787
S04440,0,44.3048,7,0,1,0,96.7372,8.0,0.584293
S04441,0,30.1464,1,0,1,1,101.1769,8.0,0.156707
S04442,1,65.4473,7,1,1,1,185.2696,8.0,0.828014
S04443,0,27.2924,2,0,0,0,86.1509,8.0,0.145158
S04444,1,45.8611,2,0,1,0,141.1833,8.0,0.290512
S04445,0,40.5563,4,1,0,1,135.7923,8.0,0.4563
S04446,1,53.4865,5,1,0,1,112.0308,8.0,0.495546
S04447,0,52.2325,5,1,1,0,150.6964,8.0,0.733837
S04448,1,57.3907,6,1,0,0,158.8168,8.0,0.692727
S04449,0,44.6609,2,1,1,0,137.3016,8.0,0.508452
S04450,0,23.2569,0,0,0,1,63.8922,8.0,0.059712
S04451,1,53.7914,5,1,0,0,121.389,8.0,0.571588
S04452,0,42.7867,3,1,0,0,130.2314,8.0,0.435705
S04453,0,56.7143,7,1,0,0,185.027,8.0,0.78077
S04454,0,38.7914,1,1,0,0,103.0168,8.0,0.264658
S04455,1,57.3616,6,1,1,1,139.6974,8.0,0.730701
S04456,0,30.8555,1,0,1,0,151.1921,8.0,0.243636
S04457,0,48.0394,4,1,1,0,103.0245,8.0,0.605431
S04458,1,41.5397,2,0,1,1,109.1791,8.0,0.208346
S04459,0,56.874,7,1,1,0,147.799,8.0,0.83157
S04460,0,32.5564,0,0,1,0,118.8611,8.0,0.164265
S04461,1,48.5965,4,1,0,0,123.8878,8.0,0.500832
S04462,0,37.0986,3,1,0,0,109.0433,8.0,0.404743
S04463,0,30.825,4,0,0,1,128.5515,8.0,0.237092
S04464,0,28.5138,0,1,0,1,88.3159,8.0,0.159748
S04465,0,46.2291,7,0,1,0,181.6886,8.0,0.700595
S04466,0,43.0103,5,0,1,1,178.5552,8.0,0.495333
S04467,0,35.1653,2,0,1,0,94.091,8.0,0.235871
S04468,0,38.7677,1,1,1,1,121.758,8.0,0.352184
S04469,1,55.1694,5,1,1,0,104.2696,8.0,0.676037
S04470,0,43.3486,4,1,0,1,119.4949,8.0,0.432163
S04471,1,30.0722,0,0,0,0,85.9731,8.0,0.085164
S04472,1,59.1396,5,1,1,0,165.4245,8.0,0.750737
S04473,1,55.9072,4,1,1,0,157.8428,8.0,0.680714
S04474,0,26.3888,2,0,0,1,82.2543,8.0,0.114409
S04475,0,28.233,2,0,0,1,138.5193,8.0,0.153308
S04476,1,55.9157,5,1,1,1,141.3149,8.0,0.669935
S04477,1,56.9764,4,1,1,1,178.5972,8.0,0.652848
S04478,0,36.6337,3,1,0,0,78.7565,8.0,0.361823
S04479,0,21.1797,0,0,0,1,87.2197,8.0,0.068072
S04480,1,42.6492,2,1,0,1,76.3428,8.0,0.243803
S04481,1,50.5954,2,1,1,0,129.2929,8.0,0.496439
S04482,0,38.949,4,0,1,1,152.078,8.0,0.382835
S04483,1,46.0378,1,1,1,0,112.866,8.0,0.39824
S04484,0,30.9348,1,1,0,1,130.7586,8.0,0.24872
S04485,0,25.8363,2,0,0,1,95.3824,8.0,0.122636
S04486,0,53.5357,6,1,1,0,157.0092,8.0,0.794465
S04487,1,55.7664,4,1,1,1,140.4572,8.0,0.599347
S04488,1,49.4789,4,0,1,1,147.8479,8.0,0.376856
S04489,0,28.0546,1,0,0,0,126.8465,8.0,0.138367
S04490,0,31.753,2,0,1,1,100.8141,8.0,0.200189
S04491,0,42.8678,4,1,0,0,120.02,8.0,0.49503
S04492,0,32.9205,3,0,0,0,124.0729,8.0,0.223469
S04493,0,40.4135,5,1,0,1,107.41,8.0,0.488617
S04494,0,34.8822,4,0,0,0,101.9592,8.0,0.253838
S04495,0,34.0734,3,0,1,1,120.1726,8.0,0.275087
S04496,0,28.3213,3,0,0,1,128.4599,8.0,0.187058
S04497,1,45.2847,4,0,1,0,106.928,8.0,0.377909
S04498,1,43.5023,2,0,1,1,111.7204,8.0,0.210872
S04499,1,36.4621,0,0,1,0,101.2009,8.0,0.15023
S04500,0,36.1222,4,0,1,1,146.4693,8.0,0.374916
S04501,0,34.543,2,0,1,1,138.0722,8.0,0.238383
S04502,0,27.9363,2,0,0,0,105.2062,8.0,0.159928
S04503,0,41.9406,4,1,0,1,89.1832,8.0,0.388196
S04504,0,28.7626,2,0,0,0,118.2952,8.0,0.170763
S04505,1,62.5112,7,1,1,1,136.3427,8.0,0.782119
S04506,0,31.6397,2,0,1,0,114.644,8.0,0.258815
S04507,1,42.5296,5,0,0,1,140.2997,8.0,0.31041
S04508,0,37.4541,3,0,1,0,149.4918,8.0,0.367478
S04509,1,47.7286,3,1,0,0,150.5639,8.0,0.465899
S04510,0,42.7474,2,1,1,1,113.6381,8.0,0.411402
S04511,0,39.3791,4,0,1,1,125.872,8.0,0.34643
S04512,1,55.71,3,1,1,0,144.241,8.0,0.592774
S04513,0,36.5844,2,1,0,1,120.9608,8.0,0.296455
S04514,0,34.1848,5,0,0,1,148.6724,8.0,0.321265
S04515,0,45.2723,5,1,0,1,128.2367,8.0,0.519845
S04516,0,22.5837,0,0,0,0,78.3283,8.0,0.081658
S04517,0,24.3953,1,0,0,1,133.1957,8.0,0.114983
S04518,1,46.1423,5,0,1,1,120.3357,8.0,0.409028
S04519,0,37.417,2,1,0,0,74.2671,8.0,0.290203
S04520,1,47.4577,4,1,0,1,94.1276,8.0,0.395265
S04521,1,54.112,3,1,1,0,140.9644,8.0,0.58802
S04522,1,33.3433,1,0,0,0,118.0601,8.0,0.132201
S04523,0,30.1276,1,1,0,0,59.1898,8.0,0.216724
S04524,1,59.6058,4,1,1,0,127.6047,8.0,0.640061
S04525,0,37.2048,4,0,1,0,141.7247,8.0,0.428089
S04526,1,39.5912,3,0,1,1,116.2599,8.0,0.27043
S04527,0,34.3644,2,0,1,0,103.4836,8.0,0.246179
S04528,0,36.0555,6,0,0,0,100.0266,8.0,0.379931
S04529,0,38.3945,2,1,0,0,120.2289,8.0,0.350094
S04530,0,50.6954,4,1,1,1,151.1589,8.0,0.614662
S04531,0,44.8316,4,1,1,1,122.1939,8.0,0.57277
S04532,0,44.3082,7,0,0,0,167.1503,8.0,0.553025
S04533,1,60.6849,6,1,1,1,167.4718,8.0,0.762209
S04534,0,31.3769,1,1,0,1,95.2439,8.0,0.211062
S04535,1,46.3333,2,0,1,0,155.6475,8.0,0.308719
S04536,0,34.4981,2,0,1,0,121.3716,8.0,0.266634
S04537,1,47.2193,4,0,1,1,145.8765,8.0,0.374083
S04538,0,23.5073,1,0,0,0,72.91,8.0,0.104094
S04539,1,45.5693,3,1,0,1,116.7749,8.0,0.356784
S04540,1,54.7678,4,1,1,0,78.7698,8.0,0.570188
S04541,0,37.6767,3,1,0,1,123.6275,8.0,0.366274
S04542,1,55.768,5,1,1,1,129.4623,8.0,0.654024
S04543,0,33.7449,4,0,0,0,98.2117,8.0,0.249603
S04544,1,41.9306,2,0,1,0,98.3198,8.0,0.240474
S04545,0,30.3835,1,0,1,0,124.962,8.0,0.215814
S04546,0,33.5021,2,0,1,0,103.9134,8.0,0.246657
S04547,0,21.2421,0,0,0,0,99.2629,8.0,0.091586
S04548,0,35.6932,3,0,1,0,136.5279,8.0,0.349592
S04549,0,32.1353,1,0,1,0,110.1503,8.0,0.201154
S04550,0,36.6826,5,0,1,1,128.1895,8.0,0.420465
S04551,1,58.6947,5,1,1,1,139.2584,8.0,0.667201
S04552,1,59.9178,5,1,1,1,166.0578,8.0,0.701897
S04553,1,33.5918,2,0,0,1,85.9721,8.0,0.116689
S04554,0,38.0643,3,0,1,0,135.5651,8.0,0.34828
S04555,0,25.9493,1,0,0,1,138.8742,8.0,0.118496
S04556,0,46.8191,4,1,1,1,143.1229,8.0,0.603181
S04557,0,35.8683,2,0,1,0,133.3633,8.0,0.280937
S04558,0,23.7379,1,0,0,1,94.342,8.0,0.093304
S04559,0,26.5475,1,0,0,0,116.5723,8.0,0.13118
S04560,1,43.3421,2,1,0,0,93.9211,8.0,0.31508
S04561,1,60.4428,5,1,1,1,173.13,8.0,0.710699
S04562,0,48.6139,6,1,0,1,142.5738,8.0,0.614305
S04563,1,51.6745,4,1,0,1,119.4577,8.0,0.432109
S04564,0,23.7461,1,0,0,1,62.5327,8.0,0.078363
S04565,0,45.9149,3,1,1,1,169.3444,8.0,0.568582
S04566,0,28.9081,2,0,0,1,97.5306,8.0,0.124029
S04567,0,29.3278,0,0,1,0,97.405,8.0,0.147346
S04568,1,50.929,1,1,1,0,165.7576,8.0,0.476154
S04569,0,33.6132,5,0,0,1,99.3172,8.0,0.26036
S04570,1,53.4552,4,0,1,0,183.2044,8.0,0.489808
S04571,0,27.9918,2,0,0,0,57.5795,8.0,0.125152
S04572,1,42.0853,1,1,0,0,101.1703,8.0,0.262507
S04573,1,55.4722,4,1,1,0,101.9941,8.0,0.603953
S04574,0,45.6496,2,1,1,0,134.5004,8.0,0.504251
S04575,1,41.7103,2,0,1,0,132.3951,8.0,0.279765
S04576,0,39.2515,3,0,1,0,150.993,8.0,0.369575
S04577,0,25.8546,2,0,0,0,96.7688,8.0,0.153243
S04578,0,39.5921,3,0,1,0,139.0546,8.0,0.353047
S04579,1,44.2417,2,0,1,0,143.3468,8.0,0.293194
S04580,0,36.0776,1,1,0,0,140.9327,8.0,0.311224
S04581,0,33.8742,2,0,1,0,127.8772,8.0,0.274335
S04582,1,53.2409,5,1,0,1,126.9164,8.0,0.517867
S04583,0,25.908,3,0,0,1,131.7574,8.0,0.190085
S04584,0,42.0032,4,0,1,0,142.4604,8.0,0.42917
S04585,0,21.2391,1,0,0,1,111.8432,8.0,0.102575
S04586,0,35.0691,3,1,0,0,61.9753,8.0,0.338912
S04587,0,30.8212,2,0,1,1,126.1681,8.0,0.225658
S04588,1,59.3378,5,1,1,1,154.2947,8.0,0.686922
S04589,0,27.6742,0,0,1,1,122.7085,8.0,0.135433
S04590,1,47.4711,4,0,1,0,167.9268,8.0,0.466938
S04591,1,53.3673,3,1,1,1,99.7654,8.0,0.464707
S04592,1,52.8548,3,1,1,0,130.7586,8.0,0.57311
S04593,0,29.8862,2,0,0,0,135.118,8.0,0.185534
S04594,1,51.7809,2,1,1,1,147.0133,8.0,0.460602
S04595,1,43.7871,3,0,1,0,112.8647,8.0,0.318036
S04596,1,48.6598,4,1,0,1,137.4344,8.0,0.458746
S04597,1,60.9347,5,1,1,0,143.1701,8.0,0.724924
S04598,0,42.4048,2,1,1,1,95.2086,8.0,0.384912
S04599,1,57.1002,8,1,0,0,153.7939,8.0,0.799434
S04600,1,58.2818,5,1,1,0,179.2256,8.0,0.765909
S04601,1,42.6793,3,0,1,0,151.7347,8.0,0.370612
S04602,0,41.8953,2,1,0,0,143.0065,8.0,0.381789
S04603,1,48.9155,6,0,1,1,136.0545,8.0,0.506581
S04604,1,45.962,4,0,1,1,139.8294,8.0,0.365627
S04605,1,50.1348,6,0,1,1,139.4865,8.0,0.511728
S04606,1,54.1246,4,1,1,1,117.7905,8.0,0.566293
S04607,0,44.0131,1,1,1,0,99.3066,8.0,0.378914
S04608,0,24.9618,0,0,1,1,85.5975,8.0,0.11141
S04609,1,51.6912,1,1,1,1,138.0997,8.0,0.374865
S04610,1,56.8073,4,1,1,0,161.2204,8.0,0.685103
S04611,0,45.1503,5,1,0,1,132.7422,8.0,0.526588
S04612,0,41.0406,4,1,0,1,124.1376,8.0,0.439012
S04613,0,34.795,2,0,1,1,124.752,8.0,0.224177
S04614,0,27.2612,0,0,1,1,97.2611,8.0,0.118529
S04615,0,32.0624,3,0,0,0,90.9624,8.0,0.190892
S04616,1,53.4537,2,1,1,0,134.2186,8.0,0.503828
S04617,1,53.2017,5,1,0,0,128.8071,8.0,0.582451
S04618,0,36.2849,2,0,1,0,138.9623,8.0,0.287773
S04619,1,49.7661,5,0,1,1,134.6861,8.0,0.429992
S04620,0,29.9742,2,0,0,0,111.1369,8.0,0.164767
S04621,1,54.4934,4,1,1,1,135.6886,8.0,0.592457
S04622,0,37.7708,2,0,1,0,151.2654,8.0,0.303136
S04623,1,42.5274,2,0,1,1,164.0333,8.0,0.267803
S04624,1,42.6643,2,0,1,1,111.5962,8.0,0.210748
S04625,1,52.2109,3,1,0,1,146.7995,8.0,0.399103
S04626,0,31.9377,1,1,0,0,43.5214,8.0,0.20119
S04627,0,36.6048,3,0,1,0,122.4437,8.0,0.33063
S04628,0,52.0014,6,1,1,1,166.9268,8.0,0.761616
S04629,1,55.8072,4,1,1,1,153.1009,8.0,0.617419
S04630,1,60.5881,6,1,1,0,153.9649,8.0,0.791467
S04631,0,27.1883,3,0,0,1,128.1181,8.0,0.186746
S04632,0,26.8108,1,0,0,0,93.6271,8.0,0.11627
S04633,0,39.7076,3,0,1,0,127.2511,8.0,0.337044
S04634,1,61.5872,3,1,1,0,157.5573,8.0,0.611909
S04635,0,55.581,6,1,1,1,169.874,8.0,0.764812
S04636,1,49.5166,3,1,0,0,137.2273,8.0,0.446052
S04637,0,31.237,1,0,1,0,93.7642,8.0,0.185818
S04638,1,57.8586,5,1,1,1,134.6082,8.0,0.660977
S04639,0,39.4635,7,0,0,1,162.8946,8.0,0.484347
S04640,0,38.3663,3,0,1,0,146.6282,8.0,0.363494
S04641,1,46.6901,1,1,1,1,106.1056,8.0,0.331066
S04642,0,47.8685,4,1,1,0,138.4753,8.0,0.654946
S04643,0,40.1532,4,1,0,1,133.8028,8.0,0.45334
S04644,0,32.3248,4,0,1,1,96.8907,8.0,0.308177
S04645,0,29.405,1,0,1,1,112.6853,8.0,0.166049
S04646,0,27.0179,3,0,0,1,99.3926,8.0,0.16197
S04647,0,35.0337,3,1,0,1,123.0729,8.0,0.365502
S04648,0,25.8125,1,0,0,0,116.9722,8.0,0.131454
S04649,0,29.041,3,0,0,1,106.1284,8.0,0.167531
S04650,0,35.5096,1,0,1,0,126.7484,8.0,0.217634
S04651,1,57.4481,5,1,1,1,155.8914,8.0,0.688979
S04652,1,40.5064,2,1,0,0,63.6655,8.0,0.277277
S04653,1,50.1264,5,1,0,0,131.3049,8.0,0.586091
S04654,0,39.7628,3,0,1,1,141.0253,8.0,0.300725
S04655,0,37.0968,4,1,0,1,86.4316,8.0,0.384282
S04656,0,40.7234,4,0,1,0,168.1971,8.0,0.467342
S04657,1,49.1596,4,1,0,0,84.0845,8.0,0.441397
S04658,1,48.2294,3,1,0,0,113.0278,8.0,0.410516
S04659,0,44.8051,2,1,1,1,144.9665,8.0,0.457552
S04660,0,22.985,2,0,0,0,89.814,8.0,0.147906
S04661,1,54.0438,4,1,1,1,119.7864,8.0,0.569232
S04662,0,31.0589,3,0,1,1,101.4302,8.0,0.253238
S04663,1,43.0881,1,1,0,1,99.4698,8.0,0.215315
S04664,0,26.2644,1,0,0,0,97.8998,8.0,0.11893
S04665,0,29.8305,1,0,1,1,147.3523,8.0,0.196884
S04666,0,24.1678,1,0,0,1,94.8039,8.0,0.093538
S04667,1,53.549,2,1,1,0,168.9666,8.0,0.555718
S04668,1,56.3368,3,1,1,1,121.1996,8.0,0.496799
S04669,0,42.4463,5,1,0,1,96.5401,8.0,0.472338
S04670,0,37.6101,5,0,1,0,106.5294,8.0,0.449962
S04671,0,33.1102,1,0,1,0,150.6996,8.0,0.243092
S04672,1,48.3831,4,0,1,1,179.2163,8.0,0.421967
S04673,1,53.999,4,1,1,1,175.3474,8.0,0.648416
S04674,0,35.9388,2,1,0,1,120.3218,8.0,0.295656
S04675,1,54.323,5,1,0,1,165.3467,8.0,0.574951
S04676,1,47.6463,4,0,1,1,186.7857,8.0,0.433082
S04677,0,40.0868,4,0,1,0,162.6493,8.0,0.459066
S04678,1,53.1615,4,1,0,0,109.3518,8.0,0.47904
S04679,0,28.1653,3,0,0,0,71.9845,8.0,0.17392
S04680,0,27.0849,2,0,0,1,155.8677,8.0,0.167313
S04681,1,60.8176,5,1,1,0,178.5426,8.0,0.765174
S04682,0,23.7458,1,0,0,1,125.2005,8.0,0.11019
S04683,1,43.3877,2,1,0,1,103.686,8.0,0.275302
S04684,1,44.0509,2,1,1,1,64.8588,8.0,0.342799
S04685,0,30.1063,3,0,0,0,114.8276,8.0,0.213991
S04686,0,39.0637,3,1,0,0,116.8867,8.0,0.41613
S04687,1,34.6667,1,0,0,1,132.314,8.0,0.114445
S04688,0,42.9102,4,1,0,0,140.5678,8.0,0.525829
S04689,0,52.3249,5,1,1,1,154.8621,8.0,0.687654
S04690,0,50.0572,4,1,1,0,154.5208,8.0,0.676367
S04691,0,27.2344,1,0,0,0,105.2056,8.0,0.123601
S04692,0,49.7158,5,1,1,0,142.1918,8.0,0.723752
S04693,0,33.7235,1,1,0,1,95.6852,8.0,0.211503
S04694,0,35.0562,4,0,1,1,114.8782,8.0,0.33165
S04695,1,49.1613,5,1,0,1,142.428,8.0,0.541049
S04696,0,47.2929,4,1,1,0,142.645,8.0,0.660578
S04697,0,32.8158,1,0,1,1,110.3194,8.0,0.164093
S04698,1,47.9747,5,0,1,0,156.0448,8.0,0.524049
S04699,1,52.9751,5,1,0,0,114.9995,8.0,0.562176
S04700,1,53.7728,4,1,1,0,82.4537,8.0,0.575597
S04701,0,34.1692,2,0,1,0,129.8879,8.0,0.276744
S04702,0,27.3282,2,0,0,0,98.0211,8.0,0.154221
S04703,0,30.8986,4,0,0,0,114.5882,8.0,0.268456
S04704,0,33.3719,4,0,0,0,131.7085,8.0,0.289102
S04705,0,36.5448,2,1,0,1,103.3745,8.0,0.27493
S04706,1,55.0154,7,0,1,0,161.0648,8.0,0.674012
S04707,0,48.1607,4,1,1,0,136.592,8.0,0.652388
S04708,1,47.0129,5,0,1,1,163.3333,8.0,0.472528
S04709,0,32.7621,2,0,1,1,124.5695,8.0,0.223987
S04710,0,24.6525,0,0,0,0,90.954,8.0,0.087522
S04711,0,26.3074,1,0,0,1,112.9496,8.0,0.103187
S04712,1,53.9225,2,1,1,0,166.4726,8.0,0.55202
S04713,0,33.8567,2,0,1,0,150.2041,8.0,0.301793
S04714,0,36.5048,0,1,1,1,66.2138,8.0,0.223963
S04715,0,29.483,3,0,0,1,94.3806,8.0,0.157929
S04716,1,51.594,4,1,0,1,170.13,8.0,0.507694
S04717,1,43.4246,4,0,0,0,134.0401,8.0,0.291986
S04718,1,47.7066,4,1,0,1,118.5052,8.0,0.430707
S04719,0,23.4089,0,0,0,1,91.3888,8.0,0.069677
S04720,1,46.943,3,0,1,0,126.2499,8.0,0.335703
S04721,0,39.6891,4,0,1,0,173.6023,8.0,0.475423
S04722,1,46.9312,4,0,1,0,129.463,8.0,0.41018
S04723,0,39.354,4,1,0,1,70.9322,8.0,0.362528
S04724,0,25.5919,1,0,0,0,91.1469,8.0,0.11475
S04725,1,46.2189,4,0,1,0,128.7252,8.0,0.409109
S04726,0,24.6224,3,0,0,1,71.58,8.0,0.140575
S04727,1,46.9065,4,1,0,1,112.674,8.0,0.422149
S04728,0,32.7045,2,0,1,1,115.7685,8.0,0.214942
S04729,0,49.4966,4,1,1,0,157.4331,8.0,0.68018
S04730,1,50.4264,4,1,0,1,139.4414,8.0,0.461737
S04731,0,44.0833,3,1,1,0,98.0768,8.0,0.524595
S04732,0,30.8718,4,0,0,1,102.2642,8.0,0.209753
S04733,0,27.8378,2,0,0,1,103.7046,8.0,0.12811
S04734,0,40.1946,1,1,1,1,110.1529,8.0,0.336466
S04735,1,57.2774,5,1,1,0,113.7967,8.0,0.688428
S04736,0,40.3578,3,1,0,1,140.9513,8.0,0.390719
S04737,1,52.1294,6,0,1,0,144.1008,8.0,0.580446
S04738,0,30.0495,3,0,0,0,79.0334,8.0,0.180081
S04739,0,27.0655,2,0,0,1,123.6294,8.0,0.142067
S04740,1,50.3616,6,0,1,0,120.2724,8.0,0.545284
S04741,0,31.9865,1,0,1,0,118.0292,8.0,0.208858
S04742,0,25.1885,2,0,0,0,89.8072,8.0,0.147901
S04743,1,54.8473,3,1,1,1,153.9489,8.0,0.545795
S04744,0,36.9143,2,1,0,0,96.8468,8.0,0.318881
S04745,0,48.8939,4,1,1,1,111.8473,8.0,0.557515
S04746,1,62.3766,7,1,1,1,154.9572,8.0,0.800551
S04747,0,26.9363,1,0,0,0,94.6715,8.0,0.116915
S04748,1,47.224,2,1,0,0,131.1409,8.0,0.365133
S04749,1,53.7278,4,1,1,1,119.7742,8.0,0.569214
S04750,0,36.5558,2,1,0,1,116.018,8.0,0.290307
S04751,0,42.2354,2,1,1,0,104.393,8.0,0.459181
S04752,1,38.8541,1,0,1,0,98.1468,8.0,0.189829
S04753,0,34.802,5,0,0,1,120.8843,8.0,0.28604
S04754,0,41.5866,3,1,0,0,126.9042,8.0,0.430803
S04755,0,24.8304,2,0,0,1,82.0948,8.0,0.114312
S04756,1,61.8433,4,1,1,0,151.6759,8.0,0.672619
S04757,1,64.0128,7,1,1,0,141.5805,8.0,0.826279
S04758,0,41.3328,3,1,0,0,91.9572,8.0,0.380304
S04759,0,27.9413,1,0,1,0,51.0625,8.0,0.150124
S04760,0,45.4266,6,1,0,1,106.7979,8.0,0.56237
S04761,0,29.3449,1,1,0,1,49.3605,8.0,0.168845
S04762,0,28.7454,1,0,1,0,69.6707,8.0,0.164933
S04763,0,37.9955,5,0,1,1,117.5073,8.0,0.404932
S04764,0,38.8823,2,1,0,0,145.6637,8.0,0.385559
S04765,0,41.9461,5,0,1,0,147.3782,8.0,0.511065
S04766,1,63.2203,6,1,1,0,173.5577,8.0,0.810206
S04767,1,50.7968,3,1,1,1,125.594,8.0,0.503391
S04768,1,47.9142,4,0,1,1,147.5372,8.0,0.376419
S04769,0,48.4949,3,1,1,1,170.9338,8.0,0.570919
S04770,1,55.5048,4,1,1,1,136.5068,8.0,0.593642
S04771,0,29.1867,3,0,0,1,130.6128,8.0,0.18903
S04772,0,34.5768,4,0,1,1,110.8094,8.0,0.326261
S04773,0,34.1259,2,0,1,1,135.5733,8.0,0.235671
S04774,0,39.0761,3,1,0,0,113.875,8.0,0.411747
S04775,1,52.0157,1,1,1,0,129.6161,8.0,0.422553
S04776,0,44.4494,2,1,1,0,104.8822,8.0,0.45991
S04777,1,47.0596,3,0,1,0,136.2589,8.0,0.349225
S04778,0,46.3222,3,1,1,1,156.5304,8.0,0.549632
S04779,0,37.9741,3,1,0,0,84.7099,8.0,0.370111
S04780,1,65.3282,8,1,1,1,177.7906,8.0,0.861373
S04781,1,54.7475,4,1,0,0,153.8531,8.0,0.545652
S04782,0,25.5697,2,0,0,1,100.5848,8.0,0.126034
S04783,0,36.0944,1,1,0,1,110.0138,8.0,0.226196
S04784,0,51.8556,5,1,1,0,185.116,8.0,0.772186
S04785,0,33.1405,4,0,0,1,113.5162,8.0,0.221163
S04786,0,30.6645,3,0,0,0,59.5893,8.0,0.163493
S04787,0,39.8292,5,0,0,0,166.8317,8.0,0.403956
S04788,0,36.8682,3,0,1,1,135.7024,8.0,0.294052
S04789,0,37.2017,3,1,0,1,102.6928,8.0,0.337637
S04790,0,49.6037,4,1,1,0,135.132,8.0,0.650399
S04791,0,32.5279,5,0,0,1,95.7238,8.0,0.25623
S04792,1,48.2427,5,0,1,1,157.3658,8.0,0.463613
S04793,0,38.0267,0,1,1,0,97.4985,8.0,0.308955
S04794,0,35.0402,6,0,0,1,135.7703,8.0,0.371595
S04795,0,45.9032,6,0,1,0,177.9137,8.0,0.628896
S04796,1,52.8671,4,1,0,0,108.8422,8.0,0.478277
S04797,1,59.061,3,1,1,0,129.0487,8.0,0.570598
S04798,0,39.4662,3,1,0,1,133.8433,8.0,0.380615
S04799,0,37.616,2,1,0,0,92.7268,8.0,0.313536
S04800,0,30.4992,2,0,0,1,93.7371,8.0,0.121577
S04801,0,30.3166,0,0,1,1,139.9481,8.0,0.148008
S04802,0,29.1097,0,1,0,1,78.8965,8.0,0.152307
S04803,0,24.8588,1,0,0,0,85.9118,8.0,0.111597
S04804,1,44.5133,3,1,0,1,70.9774,8.0,0.296476
S04805,1,60.1194,7,1,1,1,142.0641,8.0,0.787912
S04806,1,57.2099,3,1,1,0,160.9367,8.0,0.616713
S04807,1,52.6859,3,1,1,1,142.7902,8.0,0.529152
S04808,0,30.4104,3,0,0,1,101.5801,8.0,0.163759
S04809,0,26.3634,0,0,1,1,98.3317,8.0,0.119202
S04810,0,30.2088,2,0,1,0,80.0235,8.0,0.220998
S04811,0,35.8724,1,0,1,0,109.0606,8.0,0.200105
S04812,0,37.2929,3,0,1,0,132.5001,8.0,0.344117
S04813,0,43.3926,2,1,1,0,109.7025,8.0,0.467101
S04814,0,36.8011,2,0,1,0,159.8864,8.0,0.314173
S04815,0,44.56,2,1,1,1,127.4163,8.0,0.431557
S04816,0,31.109,2,0,1,0,123.5057,8.0,0.269145
S04817,1,49.0698,5,0,1,1,142.5001,8.0,0.441519
S04818,0,29.4297,2,0,1,1,77.9935,8.0,0.179161
S04819,1,42.8,1,0,1,0,115.9503,8.0,0.206804
S04820,0,31.1071,2,0,1,1,160.4822,8.0,0.263645
S04821,0,34.1372,2,0,1,1,140.8004,8.0,0.241367
S04822,0,32.312,2,0,1,1,144.7023,8.0,0.24568
S04823,1,55.9495,4,1,1,0,100.682,8.0,0.602069
S04824,0,30.1879,2,0,1,1,96.6847,8.0,0.196251
S04825,0,46.1478,2,1,1,0,156.9559,8.0,0.537861
S04826,1,52.1641,5,1,0,1,158.685,8.0,0.565155
S04827,1,55.759,3,1,1,0,97.7657,8.0,0.52413
S04828,1,60.0942,6,1,1,1,155.2472,8.0,0.748661
S04829,1,48.1954,2,1,1,1,122.838,8.0,0.424831
S04830,0,41.533,5,1,0,1,137.1372,8.0,0.533157
S04831,0,37.3748,2,1,0,1,104.0812,8.0,0.275776
S04832,1,56.3752,6,1,0,1,144.6684,8.0,0.617278
S04833,0,27.5369,2,0,0,1,129.2094,8.0,0.146197
S04834,0,36.069,0,1,1,1,75.8691,8.0,0.234193
S04835,0,33.2613,3,0,1,1,141.7467,8.0,0.301636
S04836,0,33.6938,3,0,1,1,93.9448,8.0,0.244839
S04837,0,42.2557,1,1,1,0,125.3926,8.0,0.416382
S04838,0,23.3282,2,0,0,1,79.8566,8.0,0.11296
S04839,0,30.5984,3,0,1,0,115.9948,8.0,0.322123
S04840,0,39.5391,4,1,0,0,93.9421,8.0,0.456027
S04841,0,35.8556,3,0,1,1,121.1704,8.0,0.276282
S04842,0,35.3927,2,0,1,0,144.1923,8.0,0.294247
S04843,0,49.0855,3,1,1,1,167.4415,8.0,0.565779
S04844,0,33.4738,2,0,1,0,111.5422,8.0,0.255261
S04845,0,32.1139,3,0,1,0,91.1092,8.0,0.29042
S04846,1,38.2714,1,0,1,0,84.4449,8.0,0.177507
S04847,0,34.8626,2,0,1,1,139.2371,8.0,0.239654
S04848,1,56.438,5,1,1,1,124.4443,8.0,0.64718
S04849,1,39.6358,5,0,0,1,121.2609,8.0,0.286502
S04850,0,40.5438,1,1,1,1,103.9135,8.0,0.32816
S04851,0,32.1149,2,0,1,1,131.1412,8.0,0.230915
S04852,1,41.4763,5,0,0,1,120.7591,8.0,0.285887
S04853,0,34.004,2,0,1,0,105.1959,8.0,0.24809
S04854,0,30.2079,2,0,0,0,126.7162,8.0,0.178037
S04855,0,29.5997,0,0,1,1,115.8051,8.0,0.130656
S04856,0,54.464,6,1,1,1,132.5194,8.0,0.722143
S04857,0,42.8876,4,1,0,1,125.1574,8.0,0.440519
S04858,0,40.783,2,1,1,0,106.5352,8.0,0.462374
S04859,0,34.2762,4,0,0,0,135.8813,8.0,0.294275
S04860,0,39.3971,2,1,0,0,121.3197,8.0,0.351584
S04861,1,51.9427,5,1,0,1,148.2311,8.0,0.549682
S04862,0,33.3338,2,0,1,1,131.8847,8.0,0.231708
S04863,1,48.0965,4,1,0,0,83.5848,8.0,0.440658
S04864,0,27.9647,1,0,0,0,121.067,8.0,0.134284
S04865,0,28.8734,2,0,0,0,112.0168,8.0,0.165495
S04866,1,50.6471,1,1,1,1,140.2613,8.0,0.377909
S04867,1,40.4197,4,0,0,0,119.3102,8.0,0.274056
S04868,0,43.2815,4,1,0,0,125.4674,8.0,0.503201
S04869,0,34.046,2,1,0,0,77.8813,8.0,0.29469
S04870,0,35.9293,4,0,0,0,179.9855,8.0,0.352039
S04871,0,29.3298,4,0,0,1,116.6426,8.0,0.224411
S04872,0,35.4048,4,0,0,0,124.2398,8.0,0.27998
S04873,1,43.2008,2,1,0,1,119.5896,8.0,0.294742
S04874,0,30.6778,1,0,1,0,116.8836,8.0,0.207724
S04875,0,27.5859,2,0,0,1,141.9849,8.0,0.156027
S04876,0,29.9501,3,0,0,0,102.298,8.0,0.201618
S04877,0,25.6637,2,0,0,1,102.5578,8.0,0.127344
S04878,1,58.2155,5,1,1,1,143.8454,8.0,0.673283
S04879,0,28.8933,2,0,0,1,112.3537,8.0,0.134019
S04880,1,41.5881,2,0,1,0,106.6612,8.0,0.249734
S04881,0,27.1509,2,0,0,1,120.8106,8.0,0.140019
S04882,1,47.4634,3,1,0,1,126.1248,8.0,0.369759
S04883,1,41.9569,3,0,1,0,110.9173,8.0,0.315507
S04884,0,25.5635,0,0,0,0,97.0551,8.0,0.09049
S04885,1,56.5014,5,1,1,0,111.6162,8.0,0.685615
S04886,1,55.4049,4,1,1,1,147.2024,8.0,0.609025
S04887,1,45.9875,3,1,0,1,128.975,8.0,0.373753
S04888,0,38.2317,3,1,0,0,97.8688,8.0,0.388698
S04889,0,32.8724,1,1,0,1,107.0723,8.0,0.223122
S04890,0,22.3264,1,0,0,1,112.6074,8.0,0.102997
S04891,1,51.6354,3,1,1,1,88.1988,8.0,0.447493
S04892,1,42.0814,2,0,1,0,101.7803,8.0,0.244287
S04893,1,47.3805,3,1,0,1,133.3097,8.0,0.37986
S04894,1,56.8216,3,1,1,0,126.7514,8.0,0.567218
S04895,0,43.3958,2,1,1,1,118.3967,8.0,0.418333
S04896,0,28.1639,3,0,0,1,100.3236,8.0,0.162729
S04897,0,31.5122,3,0,0,0,104.3273,8.0,0.203585
S04898,0,29.0403,2,0,0,1,122.5861,8.0,0.141306
S04899,1,33.2876,2,0,0,1,106.5047,8.0,0.129999
S04900,0,51.4615,4,1,1,0,155.3404,8.0,0.677442
S04901,0,36.5094,3,0,1,0,111.0801,8.0,0.315718
S04902,1,59.0551,5,1,1,1,164.4176,8.0,0.699834
S04903,0,31.7546,2,0,1,0,123.9702,8.0,0.269693
S04904,0,27.9987,3,0,0,0,113.2339,8.0,0.212387
S04905,1,43.4225,2,1,0,1,111.7146,8.0,0.285016
S04906,0,31.9274,2,0,1,0,89.8309,8.0,0.231295
S04907,1,48.3001,3,0,1,0,143.1001,8.0,0.358611
S04908,0,38.4651,3,1,0,1,103.4219,8.0,0.338616
S04909,0,55.0223,6,1,1,1,153.0188,8.0,0.746137
S04910,1,43.1892,2,1,0,1,93.7177,8.0,0.263531
S04911,0,41.4754,3,1,1,1,113.4833,8.0,0.485229
S04912,0,36.8872,4,0,1,1,135.9239,8.0,0.360209
S04913,0,30.7256,3,0,0,0,122.8034,8.0,0.22215
S04914,1,51.4085,5,0,1,0,134.0715,8.0,0.491108
S04915,0,25.8158,1,0,0,0,87.7798,8.0,0.112713
S04916,0,27.157,2,0,0,0,68.1919,8.0,0.132291
S04917,0,35.7266,2,0,1,0,131.2704,8.0,0.278407
S04918,1,45.3949,4,1,0,1,97.982,8.0,0.400806
S04919,0,25.5165,2,0,0,0,133.873,8.0,0.184408
S04920,1,53.35,3,1,1,0,120.7071,8.0,0.558294
S04921,1,52.3161,3,1,0,0,154.9124,8.0,0.472397
S04922,0,54.8594,6,1,1,0,106.7034,8.0,0.740817
S04923,0,30.66,0,1,0,0,59.1176,8.0,0.170047
S04924,0,33.6057,2,0,1,1,99.6482,8.0,0.199071
S04925,0,37.4153,1,1,0,1,120.2752,8.0,0.237154
S04926,1,55.3924,7,0,1,1,173.7641,8.0,0.634735
S04927,1,47.6555,4,0,1,0,143.5325,8.0,0.430747
S04928,1,48.0138,5,0,1,0,128.4264,8.0,0.482647
S04929,0,33.4394,4,0,0,1,146.5982,8.0,0.257231
S04930,1,42.4169,2,1,0,1,64.9362,8.0,0.231407
S04931,1,48.4999,4,1,0,1,95.038,8.0,0.396571
S04932,0,35.316,3,0,1,1,131.0417,8.0,0.288281
S04933,0,28.9398,1,0,1,1,92.9834,8.0,0.150319
S04934,0,25.3447,2,0,0,0,98.0972,8.0,0.15428
S04935,1,33.3331,2,0,0,1,135.7023,8.0,0.151127
S04936,0,43.2651,4,1,0,0,149.7931,8.0,0.539606
S04937,0,28.2424,2,0,0,1,110.5246,8.0,0.132751
S04938,1,28.5664,1,0,0,1,97.5243,8.0,0.094932
S04939,0,29.3656,0,1,0,1,80.453,8.0,0.153517
S04940,1,65.3246,7,1,1,1,184.1106,8.0,0.827022
S04941,0,39.2654,2,1,0,0,116.2743,8.0,0.344715
S04942,1,39.0138,3,0,0,0,130.3871,8.0,0.230112
S04943,1,42.5645,1,0,1,0,133.2593,8.0,0.224359
S04944,0,36.3626,5,0,0,1,114.2348,8.0,0.277962
S04945,0,44.3343,5,1,0,0,128.3092,8.0,0.581724
S04946,0,32.7573,3,0,0,0,147.6413,8.0,0.248963
S04947,1,55.872,7,0,1,0,185.7334,8.0,0.705661
S04948,0,30.5731,0,0,1,0,104.7061,8.0,0.152935
S04949,0,30.484,2,0,1,1,112.2625,8.0,0.211414
S04950,0,41.198,2,1,0,1,171.3519,8.0,0.363111
S04951,1,59.9201,8,0,1,1,180.2566,8.0,0.709208
S04952,0,37.7294,1,1,1,1,75.0992,8.0,0.291233
S04953,0,36.3633,2,1,0,1,122.062,8.0,0.297835
S04954,0,31.3043,2,0,0,0,120.8629,8.0,0.172956
S04955,0,32.7216,2,0,1,0,88.1947,8.0,0.229554
S04956,0,39.0019,3,1,0,0,102.2336,8.0,0.394939
S04957,0,50.34,4,1,1,0,154.0076,8.0,0.675692
S04958,1,40.1707,1,0,1,0,111.2002,8.0,0.202168
S04959,0,30.6916,1,0,1,1,120.8013,8.0,0.172903
S04960,1,51.1729,4,0,1,0,146.0823,8.0,0.434502
S04961,0,48.2372,5,1,1,1,138.1738,8.0,0.665754
S04962,1,49.134,2,1,1,1,106.4558,8.0,0.401008
S04963,0,37.9336,2,1,0,0,121.6265,8.0,0.352004
S04964,1,46.1036,4,0,1,0,151.1935,8.0,0.442052
S04965,0,38.3977,3,1,0,0,114.7927,8.0,0.413081
S04966,1,46.5123,3,1,0,1,111.6694,8.0,0.349785
S04967,1,50.2549,3,1,0,0,140.2293,8.0,0.450507
S04968,0,29.1767,1,0,1,1,116.5147,8.0,0.169256
S04969,1,53.8584,4,1,0,0,114.5056,8.0,0.486761
S04970,0,28.6044,2,0,0,1,132.823,8.0,0.148924
S04971,0,29.1303,1,0,1,1,98.2938,8.0,0.154434
S04972,1,53.0124,4,1,1,1,125.2049,8.0,0.577185
S04973,0,40.6585,6,0,1,1,139.4491,8.0,0.511672
S04974,0,35.8736,4,0,1,1,115.4109,8.0,0.332359
S04975,1,57.1918,8,1,0,1,155.6983,8.0,0.758448
S04976,0,31.834,2,0,1,0,86.6828,8.0,0.227954
S04977,0,25.2575,1,0,0,0,97.5,8.0,0.118679
S04978,0,38.3155,4,0,0,0,150.5748,8.0,0.31291
S04979,0,31.3128,1,0,1,0,103.1972,8.0,0.194534
S04980,1,53.7509,4,1,1,0,115.6413,8.0,0.623363
S04981,0,35.068,3,0,0,0,126.0173,8.0,0.2255
S04982,0,33.6211,4,0,1,1,115.1592,8.0,0.332024
S04983,1,41.1673,1,0,1,0,121.6056,8.0,0.212426
S04984,1,63.9681,6,1,1,0,171.7796,8.0,0.80856
S04985,0,31.5844,3,0,1,1,109.5897,8.0,0.262607
S04986,0,31.7356,3,0,0,0,136.6696,8.0,0.236858
S04987,0,34.3522,1,1,0,0,95.9941,8.0,0.256539
S04988,1,43.9307,4,0,0,1,145.929,8.0,0.256465
S04989,1,46.3113,3,1,0,1,118.0836,8.0,0.358588
S04990,0,41.3312,4,0,1,0,124.8122,8.0,0.403446
S04991,0,26.5922,2,0,0,0,70.6163,8.0,0.13397
S04992,0,20.6668,1,0,0,1,68.3752,8.0,0.080932
S04993,0,26.4315,2,0,0,1,115.8277,8.0,0.136457
S04994,1,66.3671,8,1,1,1,174.6506,8.0,0.859108
S04995,0,32.5896,2,0,0,0,108.2954,8.0,0.162434
S04996,1,61.7266,6,1,1,0,157.5066,8.0,0.794952
S04997,1,40.2534,2,0,1,1,120.7071,8.0,0.219984
S04998,0,39.7065,3,0,1,1,171.989,8.0,0.341174
S04999,0,52.6186,7,1,0,1,169.985,8.0,0.717057
S05000,0,35.7794,4,0,0,0,141.8314,8.0,0.301743
S05001,0,27.8444,3,0,0,1,105.8669,8.0,0.167312
S05002,0,40.0512,2,1,0,1,126.1802,8.0,0.303028
S05003,0,33.9525,3,0,1,1,82.6307,8.0,0.232506
S05004,0,40.7959,5,0,1,1,193.4305,8.0,0.517638
S05005,0,25.5071,2,0,0,1,94.6618,8.0,0.122171
S05006,0,34.9585,3,0,1,1,134.3125,8.0,0.292324
S05007,0,39.9547,3,1,0,0,95.044,8.0,0.384679
S05008,1,38.7267,3,0,0,1,128.938,8.0,0.187495
S05009,0,37.91,1,1,1,1,101.2209,8.0,0.324608
S05010,0,27.0219,3,0,0,1,87.2001,8.0,0.152284
S05011,0,38.6825,3,1,0,1,114.3707,8.0,0.35348
S05012,1,40.3099,3,0,0,0,108.8394,8.0,0.20801
S05013,0,25.1994,1,0,0,0,106.1593,8.0,0.124222
S05014,0,39.3287,2,1,1,1,94.4049,8.0,0.383771
S05015,1,43.7945,4,0,1,1,113.3799,8.0,0.329661
S05016,0,44.3581,3,1,1,1,147.5477,8.0,0.536258
S05017,1,44.0544,1,1,1,1,87.2279,8.0,0.306479
S05018,1,55.2227,5,1,0,0,159.1912,8.0,0.626012
S05019,1,50.3964,5,0,1,1,152.9541,8.0,0.457037
S05020,0,21.8029,1,0,0,1,96.6334,8.0,0.094473
S05021,0,42.1856,3,1,1,1,111.3583,8.0,0.482045
S05022,0,37.9347,2,1,0,0,111.6008,8.0,0.338408
S05023,1,55.4466,4,1,1,1,153.2952,8.0,0.617694
S05024,1,58.3786,7,0,1,0,165.7615,8.0,0.680173
S05025,0,25.5191,0,0,1,1,104.3913,8.0,0.123072
S05026,0,32.9853,2,1,0,1,109.6638,8.0,0.282516
S05027,0,37.2013,2,1,0,1,121.5887,8.0,0.297242
S05028,1,55.8914,3,1,1,0,111.7983,8.0,0.545075
S05029,0,38.7682,2,1,1,1,101.4834,8.0,0.393864
S05030,0,25.5348,1,0,0,0,99.8098,8.0,0.120136
S05031,1,43.3936,3,0,1,1,116.4033,8.0,0.2706
S05032,0,19.3639,0,0,0,1,98.5053,8.0,0.072496
S05033,0,30.3547,1,0,1,1,149.3125,8.0,0.19875
S05034,0,43.8089,5,1,0,1,139.2595,8.0,0.536325
S05035,1,56.2969,3,1,1,0,122.0231,8.0,0.560241
S05036,0,28.6833,3,0,0,1,142.7913,8.0,0.200487
S05037,0,30.5579,2,0,1,1,84.1669,8.0,0.184674
S05038,0,38.3515,3,0,1,0,145.7289,8.0,0.362247
S05039,0,30.7452,3,0,0,1,105.8446,8.0,0.167293
S05040,1,44.4918,3,0,1,1,110.2985,8.0,0.263432
S05041,1,45.1674,5,0,0,0,155.6549,8.0,0.387918
S05042,0,31.8184,2,0,1,1,152.3304,8.0,0.25426
S05043,0,27.0885,0,0,1,1,118.8262,8.0,0.132729
S05044,0,24.4091,2,0,0,1,105.1438,8.0,0.129078
S05045,0,40.2416,5,1,0,1,128.7501,8.0,0.520613
S05046,0,28.1806,3,0,0,0,86.0701,8.0,0.186399
S05047,0,34.3902,2,0,1,1,130.3584,8.0,0.230082
S05048,1,54.9306,7,1,0,1,142.5854,8.0,0.682549
S05049,0,36.7144,3,1,0,1,118.8705,8.0,0.359675
S05050,0,35.5535,4,0,1,1,90.0509,8.0,0.299497
S05051,0,40.4707,4,1,0,1,108.5007,8.0,0.416053
S05052,1,49.8007,3,1,0,1,163.2098,8.0,0.422934
S05053,1,63.3011,6,1,1,0,157.7513,8.0,0.795192
S05054,0,46.6308,3,1,1,0,132.5986,8.0,0.575809
S05055,0,42.9178,6,0,1,0,169.2047,8.0,0.61662
S05056,0,41.3949,3,1,0,1,134.8222,8.0,0.382
S05057,0,30.7534,3,0,0,0,98.3608,8.0,0.197842
S05058,1,52.7755,3,1,1,1,101.1059,8.0,0.466708
S05059,0,37.9631,6,0,0,0,138.3076,8.0,0.435326
S05060,0,39.5292,2,1,0,0,135.4449,8.0,0.37114
S05061,1,62.1302,6,1,1,1,161.4901,8.0,0.755643
S05062,0,36.8305,3,0,1,0,109.5099,8.0,0.313687
S05063,0,29.5879,3,0,0,1,127.522,8.0,0.186204
S05064,1,45.518,2,1,0,0,158.7928,8.0,0.404381
S05065,0,34.4644,3,0,1,0,109.0837,8.0,0.313136
S05066,1,41.1112,2,0,1,0,87.9613,8.0,0.229306
S05067,1,54.1927,2,1,1,1,141.9422,8.0,0.453052
S05068,1,44.883,1,1,0,0,136.4079,8.0,0.305434
S05069,0,22.1151,0,0,0,0,104.3574,8.0,0.094161
S05070,0,28.008,2,0,0,1,120.8572,8.0,0.140052
S05071,0,33.3428,2,0,1,1,97.1438,8.0,0.196686
S05072,0,30.0177,2,0,0,0,86.9113,8.0,0.145725
S05073,0,21.736,1,0,0,1,83.252,8.0,0.087825
S05074,0,48.7121,5,1,0,0,151.196,8.0,0.614715
S05075,1,55.5631,7,0,1,1,180.6324,8.0,0.644235
S05076,1,52.6769,5,1,0,0,114.6955,8.0,0.561727
S05077,0,36.9254,3,1,0,1,107.8006,8.0,0.344524
S05078,0,35.6466,2,1,0,1,90.1623,8.0,0.259412
S05079,1,53.3541,3,1,1,1,127.4098,8.0,0.506114
S05080,0,28.5698,4,0,0,1,109.2741,8.0,0.21681
S05081,0,32.6685,1,1,0,1,114.7292,8.0,0.231186
S05082,1,61.3484,6,1,1,0,137.4234,8.0,0.774612
S05083,1,32.7514,0,0,0,0,114.8126,8.0,0.09965
S05084,0,36.9382,2,1,0,1,102.0141,8.0,0.273306
S05085,0,25.5354,3,0,0,0,93.08,8.0,0.192862
S05086,1,50.8358,5,1,0,1,133.0008,8.0,0.526975
S05087,0,29.4282,2,0,0,0,107.8057,8.0,0.162035
S05088,0,32.6809,2,0,1,1,92.7673,8.0,0.19257
S05089,0,33.5279,2,0,1,1,110.2593,8.0,0.209417
S05090,1,48.7673,6,0,0,1,194.7446,8.0,0.457222
S05091,0,41.1689,2,1,1,1,117.8356,8.0,0.417514
S05092,1,47.575,4,1,0,1,132.9227,8.0,0.452032
S05093,1,53.604,5,1,0,0,141.2607,8.0,0.600504
S05094,1,51.5885,5,1,0,1,134.7117,8.0,0.529533
S05095,0,39.0364,3,1,0,1,108.8144,8.0,0.345899
S05096,0,34.8061,2,0,1,1,134.123,8.0,0.234107
S05097,0,39.9149,3,1,0,1,103.5447,8.0,0.338781
S05098,0,33.9433,1,1,0,0,110.4008,8.0,0.273369
S05099,0,31.4396,2,0,1,0,91.493,8.0,0.233073
S05100,0,32.2292,1,0,1,1,134.6877,8.0,0.185145
S05101,0,41.7529,4,1,0,1,118.1178,8.0,0.430137
S05102,0,23.5728,1,0,0,0,74.3085,8.0,0.104879
S05103,1,54.9504,4,1,1,0,149.5365,8.0,0.669786
S05104,0,40.922,1,1,1,1,149.2861,8.0,0.390721
S05105,0,39.9374,3,1,0,1,131.5012,8.0,0.377307
S05106,0,26.3705,1,0,0,1,116.6363,8.0,0.105252
S05107,0,42.5045,4,1,0,0,97.1088,8.0,0.460744
S05108,0,21.7792,1,0,0,0,53.8927,8.0,0.093923
S05109,0,27.1849,2,0,0,1,118.7137,8.0,0.13851
S05110,0,23.5208,1,0,0,1,70.78,8.0,0.082012
S05111,1,42.3904,5,0,0,1,159.8862,8.0,0.336109
S05112,1,46.465,3,0,1,1,148.1367,8.0,0.309773
S05113,0,27.7565,3,0,0,0,116.0932,8.0,0.215271
S05114,1,60.5131,6,1,1,1,139.2486,8.0,0.730171
S05115,0,26.5929,2,0,0,0,88.8531,8.0,0.147181
S05116,0,23.4685,0,0,0,1,93.3459,8.0,0.070442
S05117,0,31.5611,2,0,1,1,116.8182,8.0,0.216007
S05118,1,57.8939,4,1,1,1,120.1216,8.0,0.569725
S05119,1,57.1581,5,1,1,1,112.6341,8.0,0.630836
S05120,1,54.2582,3,1,1,1,162.7625,8.0,0.558869
S05121,0,24.8183,2,0,0,1,69.5981,8.0,0.106938
S05122,1,43.7752,3,0,1,0,149.5212,8.0,0.36752
S05123,0,44.0788,5,1,0,0,125.2144,8.0,0.577199
S05124,0,33.3849,4,0,1,1,109.0239,8.0,0.323911
S05125,1,50.0058,4,1,0,1,94.5611,8.0,0.395887
S05126,0,38.7141,2,1,0,0,86.0178,8.0,0.304938
S05127,0,41.3906,4,0,1,1,173.65,8.0,0.413843
S05128,0,36.8409,3,0,1,1,120.9674,8.0,0.276039
S05129,1,61.8474,10,0,1,0,193.8483,8.0,0.860936
S05130,1,56.6542,4,1,1,1,137.8436,8.0,0.595575
S05131,1,58.9265,9,1,0,1,131.6834,8.0,0.785852
S05132,1,36.7844,3,0,0,0,110.4372,8.0,0.209594
S05133,1,51.8578,4,1,0,0,152.0881,8.0,0.543025
S05134,0,43.3079,2,1,1,1,112.1979,8.0,0.409311
S05135,1,49.613,2,1,1,1,133.0114,8.0,0.43981
S05136,0,31.3475,0,0,1,0,104.7316,8.0,0.152955
S05137,0,32.35,2,0,1,1,141.9828,8.0,0.242669
S05138,1,59.1392,3,1,1,0,146.0825,8.0,0.595439
S05139,1,44.8509,3,1,0,0,123.6715,8.0,0.426054
S05140,0,35.1637,3,0,1,1,123.5302,8.0,0.279122
S05141,0,51.2733,4,1,1,0,166.958,8.0,0.692482
S05142,1,45.9134,4,0,1,1,145.3856,8.0,0.373393
S05143,1,50.8796,3,1,1,0,126.398,8.0,0.566697
S05144,0,24.939,1,0,0,0,91.9927,8.0,0.115266
S05145,0,27.3366,1,0,1,1,49.3078,8.0,0.119818
S05146,1,39.8229,1,0,1,1,131.2209,8.0,0.182027
S05147,1,51.6309,3,1,1,1,107.6771,8.0,0.476533
S05148,0,43.2249,3,1,1,0,114.21,8.0,0.54866
S05149,0,43.2925,1,1,1,0,145.2952,8.0,0.445658
S05150,0,27.0154,3,0,0,1,99.4634,8.0,0.162027
S05151,0,36.9486,4,0,1,0,115.0996,8.0,0.389503
S05152,1,45.7626,2,1,0,0,105.8717,8.0,0.330756
S05153,0,40.1086,1,1,1,0,112.9514,8.0,0.398363
S05154,1,59.0149,6,1,1,0,135.3826,8.0,0.772467
S05155,0,41.5267,3,1,1,1,99.1298,8.0,0.463758
S05156,0,42.233,2,1,1,1,96.5401,8.0,0.386806
S05157,0,35.6597,0,1,1,1,89.7121,8.0,0.249416
S05158,0,32.1549,1,0,1,1,160.1756,8.0,0.209334
S05159,1,39.9703,3,0,0,0,80.2512,8.0,0.181162
S05160,0,49.1737,6,1,0,0,156.7423,8.0,0.690072
S05161,0,37.4026,4,0,1,1,143.2794,8.0,0.370441
S05162,0,24.1555,2,0,0,1,106.8686,8.0,0.130246
S05163,0,47.12,4,1,1,1,124.7417,8.0,0.576507
S05164,0,37.0154,3,0,1,0,129.8563,8.0,0.340546
S05165,0,35.0424,1,1,0,0,75.2145,8.0,0.233489
S05166,1,58.954,4,1,1,0,176.6618,8.0,0.70474
S05167,1,57.417,5,1,1,1,142.3485,8.0,0.671304
S05168,0,28.6751,1,0,0,0,114.2752,8.0,0.129617
S05169,0,36.646,3,0,1,0,121.771,8.0,0.329737
S05170,0,27.7317,0,0,1,1,119.1654,8.0,0.132963
S05171,0,43.0863,4,1,0,0,108.8417,8.0,0.478276
S05172,1,53.593,3,1,1,1,158.8158,8.0,0.553024
S05173,0,37.4671,3,0,1,0,140.0162,8.0,0.354366
S05174,0,24.8116,1,0,0,1,95.8475,8.0,0.094071
S05175,0,23.7132,1,0,0,0,75.7759,8.0,0.105709
S05176,0,33.4362,1,0,1,0,135.9872,8.0,0.22722
S05177,1,42.2878,4,0,0,0,131.2712,8.0,0.288563
S05178,1,38.9209,0,0,1,0,108.5205,8.0,0.155924
S05179,0,44.2881,3,1,1,0,114.1317,8.0,0.548544
S05180,1,62.6878,8,1,0,0,157.5186,8.0,0.802994
S05181,1,60.239,5,1,1,0,149.3281,8.0,0.732231
S05182,0,35.6156,3,0,1,1,151.5346,8.0,0.314149
S05183,1,57.6387,4,1,1,1,149.2616,8.0,0.611963
S05184,0,26.6997,1,0,0,0,127.2299,8.0,0.138641
S05185,0,27.1856,3,0,0,1,91.1287,8.0,0.155352
S05186,0,35.363,2,1,0,1,93.4045,8.0,0.263167
S05187,0,49.0802,7,0,1,1,164.4417,8.0,0.621672
S05188,0,40.0819,4,0,1,0,104.4872,8.0,0.374473
S05189,1,47.0767,5,0,1,1,95.1623,8.0,0.37308
S05190,1,49.5172,2,1,1,0,124.2087,8.0,0.488815
S05191,0,31.7721,3,0,0,0,106.3226,8.0,0.205533
S05192,1,49.2533,4,1,0,1,119.2181,8.0,0.431756
S05193,0,25.6207,1,0,0,1,103.5791,8.0,0.098099
S05194,1,31.5992,1,0,0,0,110.2153,8.0,0.126894
S05195,0,35.1828,2,0,1,1,149.9296,8.0,0.251539
S05196,0,35.4685,4,0,1,0,100.2029,8.0,0.368471
S05197,0,33.7575,2,0,1,1,127.988,8.0,0.227572
S05198,0,31.0319,3,0,0,1,107.7043,8.0,0.168854
S05199,1,60.6061,6,1,1,1,164.287,8.0,0.758729
S05200,0,35.8816,2,1,0,1,100.9264,8.0,0.272011
S05201,1,55.6434,3,1,1,0,118.3442,8.0,0.554795
S05202,0,26.282,1,0,0,1,118.5556,8.0,0.106342
S05203,1,45.7305,6,0,0,1,166.0894,8.0,0.414968
S05204,1,55.4349,4,1,1,0,137.8179,8.0,0.654054
S05205,0,31.3239,4,0,0,1,109.6179,8.0,0.21716
S05206,1,45.0242,3,0,1,1,128.1869,8.0,0.284779
S05207,0,29.2114,1,0,1,1,120.2977,8.0,0.172471
S05208,1,51.0311,3,1,0,0,137.8614,8.0,0.446992
S05209,0,31.1453,1,0,1,1,112.582,8.0,0.165964
S05210,0,43.2901,5,0,1,0,164.8171,8.0,0.537157
S05211,0,38.3602,3,1,0,1,116.5402,8.0,0.356461
S05212,1,55.6037,4,1,1,0,134.7264,8.0,0.649845
S05213,0,37.7087,4,0,1,1,126.5643,8.0,0.347371
S05214,0,32.361,1,1,0,1,92.116,8.0,0.207954
S05215,0,54.4304,5,1,1,0,143.5781,8.0,0.725412
S05216,1,56.8142,4,1,1,0,137.9112,8.0,0.654181
S05217,0,37.4784,3,1,0,1,138.2404,8.0,0.386853
S05218,0,36.0938,4,0,1,1,125.1856,8.0,0.345498
S05219,0,35.7067,3,0,1,0,160.8077,8.0,0.383397
S05220,1,38.6222,1,1,0,1,78.1556,8.0,0.194494
S05221,0,26.0834,2,0,0,0,84.7181,8.0,0.144094
S05222,0,33.6779,3,0,1,1,120.5482,8.0,0.275537
S05223,0,36.9938,3,1,0,1,92.3716,8.0,0.32393
S05224,1,47.9766,6,0,1,1,125.192,8.0,0.490289
S05225,0,48.4231,4,1,1,1,155.5285,8.0,0.620853
S05226,0,36.9957,1,1,1,0,79.9242,8.0,0.351955
S05227,0,40.585,2,1,1,1,131.8711,8.0,0.438125
S05228,1,53.2634,3,1,1,0,147.543,8.0,0.597548
S05229,0,50.2626,4,1,1,0,155.7952,8.0,0.678038
S05230,1,48.5908,3,1,0,0,150.0596,8.0,0.465146
S05231,1,52.9241,3,1,1,1,140.5976,8.0,0.525873
S05232,1,55.0179,4,1,1,1,167.6189,8.0,0.637773
S05233,0,37.4581,3,0,1,1,136.3408,8.0,0.294848
S05234,1,49.4156,3,1,0,0,108.7434,8.0,0.40431
S05235,1,44.7331,2,1,0,0,75.938,8.0,0.292273
S05236,0,33.0524,1,0,1,0,123.5391,8.0,0.214373
S05237,1,63.1214,6,1,1,0,166.1404,8.0,0.803267
S05238,1,47.8677,5,0,1,1,104.8541,8.0,0.386778
S05239,0,39.6278,5,0,1,1,114.5322,8.0,0.400638
S05240,1,44.4109,4,0,1,1,132.9955,8.0,0.35617
S05241,1,51.5351,1,1,1,1,147.3237,8.0,0.387921
S05242,1,34.5953,3,0,0,0,98.508,8.0,0.197982
S05243,1,48.8426,3,1,1,1,90.4303,8.0,0.450805
S05244,0,33.0964,2,0,1,0,119.6603,8.0,0.264631
S05245,1,56.977,3,1,1,1,165.9241,8.0,0.563541
S05246,0,42.0105,2,1,1,1,136.939,8.0,0.445624
S05247,1,46.9042,3,0,1,0,174.7359,8.0,0.403336
S05248,0,47.0489,7,0,1,1,186.751,8.0,0.652604
S05249,1,66.924,8,1,1,0,185.8805,8.0,0.893336
S05250,1,41.7961,1,0,1,0,131.5323,8.0,0.222561
S05251,0,29.792,3,0,0,1,136.6852,8.0,0.194679
S05252,0,38.4907,3,0,1,0,124.4252,8.0,0.333266
S05253,0,34.8716,4,0,0,1,168.1882,8.0,0.282748
S05254,1,58.513,4,1,1,1,157.5042,8.0,0.62364
S05255,0,36.8884,1,1,0,1,94.555,8.0,0.210374
S05256,1,47.8356,4,0,1,1,150.3769,8.0,0.380426
S05257,0,33.8657,3,0,1,1,95.5205,8.0,0.246591
S05258,1,55.7077,5,1,1,1,173.4023,8.0,0.711035
S05259,0,42.5746,4,1,0,0,101.7954,8.0,0.467738
S05260,1,43.5595,4,0,0,0,134.5679,8.0,0.292641
S05261,0,28.7471,1,0,1,1,90.2576,8.0,0.148242
S05262,1,58.2652,7,0,1,0,193.9161,8.0,0.715754
S05263,0,37.6844,2,1,0,1,106.9855,8.0,0.27927
S05264,1,32.7791,2,0,0,0,58.8014,8.0,0.125957
S05265,1,45.0466,2,0,1,0,136.9441,8.0,0.285297
S05266,0,50.436,7,1,0,0,142.4519,8.0,0.733941
S05267,0,38.3491,2,1,0,0,135.3333,8.0,0.370983
S05268,0,30.9924,0,1,0,0,88.8594,8.0,0.196732
S05269,0,33.9957,3,0,1,0,108.4519,8.0,0.312321
S05270,1,42.7161,2,0,1,0,147.0477,8.0,0.297817
S05271,0,29.6042,3,0,0,0,89.0889,8.0,0.189162
S05272,0,49.2322,5,1,1,1,179.7313,8.0,0.718774
S05273,1,39.3884,1,1,0,1,77.4815,8.0,0.193862
S05274,0,47.4978,3,1,1,1,143.9108,8.0,0.530827
S05275,0,47.0678,5,1,0,0,148.4395,8.0,0.610791
S05276,0,38.5033,3,0,1,1,159.9695,8.0,0.325155
S05277,0,27.8645,3,0,0,0,97.1414,8.0,0.196684
S05278,0,36.335,1,1,0,1,151.7694,8.0,0.273014
S05279,0,40.9938,5,1,0,1,99.5404,8.0,0.476827
S05280,0,47.3873,3,1,1,0,141.1728,8.0,0.588323
S05281,0,49.0236,5,1,1,0,129.7311,8.0,0.708557
S05282,1,43.4542,2,0,1,1,139.5806,8.0,0.24003
S05283,1,34.4709,1,0,0,1,112.8804,8.0,0.103149
S05284,1,54.885,3,1,1,0,105.2265,8.0,0.535281
S05285,0,31.6674,3,0,0,0,126.0633,8.0,0.225548
S05286,1,70.0141,8,1,1,1,202.0937,8.0,0.877886
S05287,0,38.8568,4,0,1,1,145.9533,8.0,0.374191
S05288,0,38.9564,1,1,0,0,125.3521,8.0,0.291546
S05289,0,40.8257,2,1,1,0,100.7424,8.0,0.453746
S05290,1,54.1043,3,1,1,0,111.4439,8.0,0.544547
S05291,0,23.0119,0,0,0,1,78.8396,8.0,0.064951
S05292,0,21.553,0,0,0,0,73.2483,8.0,0.079401
S05293,1,46.9744,4,0,1,0,120.7811,8.0,0.397639
S05294,1,50.0218,5,0,1,1,156.1928,8.0,0.461863
S05295,0,31.4748,1,1,0,0,80.745,8.0,0.23948
S05296,0,39.1822,2,1,0,1,127.2156,8.0,0.304342
S05297,1,55.4,5,1,0,0,166.6261,8.0,0.636396
S05298,0,34.2351,2,0,1,1,117.9944,8.0,0.217204
S05299,0,26.2841,3,0,0,1,76.1335,8.0,0.143909
S05300,1,46.0349,3,1,0,1,113.1066,8.0,0.351749
S05301,0,41.1942,5,0,1,0,135.8323,8.0,0.493749
S05302,1,60.8808,5,1,1,0,125.8789,8.0,0.703761
S05303,1,50.5401,6,0,1,1,144.2968,8.0,0.518936
S05304,1,53.5053,3,1,1,0,126.7297,8.0,0.567186
S05305,1,43.3123,3,0,1,0,88.1734,8.0,0.286803
S05306,0,24.4628,1,0,0,1,111.3673,8.0,0.102312
S05307,1,52.1774,6,1,0,1,111.6649,8.0,0.569544
S05308,1,54.4434,4,1,1,1,128.2528,8.0,0.581642
S05309,1,61.4259,5,1,1,0,168.2294,8.0,0.753873
S05310,1,43.7733,5,0,1,1,111.2217,8.0,0.395878
S05311,0,30.0994,3,0,0,1,123.1421,8.0,0.182254
S05312,0,24.5942,2,0,0,0,110.7799,8.0,0.164472
S05313,0,30.8432,1,0,1,0,113.3793,8.0,0.204285
S05314,1,58.1906,5,1,1,1,132.0573,8.0,0.657538
S05315,1,55.4676,3,1,1,0,137.7267,8.0,0.583306
S05316,0,27.3236,3,0,0,0,86.6717,8.0,0.186947
S05317,0,31.5917,2,0,0,0,98.5581,8.0,0.154641
S05318,1,48.2249,5,0,1,1,134.4503,8.0,0.429645
S05319,0,42.7686,4,1,0,0,138.806,8.0,0.523192
S05320,1,59.9922,5,1,1,0,161.3381,8.0,0.746121
S05321,1,37.4963,1,1,0,1,88.2982,8.0,0.204206
S05322,1,53.2651,4,1,1,1,168.644,8.0,0.639193
S05323,1,60.6852,8,1,0,0,165.6526,8.0,0.8106
S05324,0,43.1247,3,1,1,1,100.099,8.0,0.465205
S05325,0,33.4405,3,0,0,0,148.5264,8.0,0.249957
S05326,0,44.9139,5,1,0,1,115.2857,8.0,0.500429
S05327,0,36.4162,3,0,1,1,131.547,8.0,0.288903
S05328,1,47.2427,2,1,0,1,155.72,8.0,0.341711
S05329,0,26.0173,1,0,0,1,141.6889,8.0,0.120271
S05330,0,50.7828,4,1,1,0,154.1596,8.0,0.675892
S05331,0,30.1541,1,0,1,0,89.7127,8.0,0.182169
S05332,0,34.547,3,0,1,1,136.0329,8.0,0.294464
S05333,0,24.1887,1,0,0,1,88.6134,8.0,0.090436
S05334,1,50.1415,4,1,0,1,119.3458,8.0,0.431944
S05335,0,49.3672,4,1,1,1,138.1053,8.0,0.595953
S05336,0,33.6092,3,0,1,1,101.3549,8.0,0.253152
S05337,0,40.2241,1,1,1,0,107.0877,8.0,0.389961
S05338,0,30.6478,0,0,1,1,134.8736,8.0,0.14421
S05339,1,54.8031,3,1,1,1,147.6189,8.0,0.536364
S05340,1,44.3726,2,1,0,1,113.5015,8.0,0.287206
S05341,0,47.8713,3,1,1,1,135.8292,8.0,0.518735
S05342,0,45.4607,3,1,1,0,90.4256,8.0,0.513135
S05343,0,41.5078,2,1,1,1,102.0177,8.0,0.394629
S05344,0,44.1065,3,1,1,1,132.9995,8.0,0.514495
S05345,0,38.7053,4,1,0,1,116.7725,8.0,0.428159
S05346,0,38.1822,3,0,1,0,131.0687,8.0,0.342182
S05347,0,36.639,1,0,1,0,141.0497,8.0,0.232597
S05348,1,57.0535,3,1,1,0,169.5753,8.0,0.628889
S05349,1,50.3661,5,1,0,1,111.9951,8.0,0.495493
S05350,0,30.5642,4,0,0,1,125.6245,8.0,0.23393
S05351,0,39.8715,0,1,1,0,129.6232,8.0,0.351544
S05352,0,39.2327,5,0,1,1,162.636,8.0,0.471485
S05353,1,53.9198,4,1,0,0,132.3814,8.0,0.513569
S05354,1,54.5824,6,0,1,0,157.3005,8.0,0.599601
S05355,0,22.334,1,0,0,0,101.3551,8.0,0.12112
S05356,0,33.9751,2,1,0,1,102.9158,8.0,0.274381
S05357,1,55.3656,4,1,1,0,148.6143,8.0,0.668561
S05358,0,30.1121,0,0,1,1,124.2542,8.0,0.136523
S05359,1,40.8768,5,0,0,1,125.8637,8.0,0.29218
S05360,0,44.533,5,1,0,0,132.1032,8.0,0.587253
S05361,1,42.3885,0,1,0,0,141.868,8.0,0.251846
S05362,0,49.456,4,1,1,1,145.8265,8.0,0.607057
S05363,1,40.2249,4,0,0,0,143.326,8.0,0.303636
S05364,0,43.4271,4,1,0,1,110.5327,8.0,0.419018
S05365,0,36.7198,4,0,0,0,136.5958,8.0,0.295166
S05366,1,50.3835,4,1,0,1,121.0015,8.0,0.434383
S05367,0,40.6604,1,1,1,1,144.7951,8.0,0.384325
S05368,0,34.4069,1,0,1,1,145.5439,8.0,0.195174
S05369,0,28.1463,2,0,0,0,117.6316,8.0,0.1702
S05370,0,30.7617,2,0,1,1,93.4889,8.0,0.193244
S05371,0,40.0104,4,0,1,0,158.9667,8.0,0.453584
S05372,1,52.7743,3,1,1,1,132.5152,8.0,0.513769
S05373,1,41.6992,4,0,0,1,131.237,8.0,0.240018
S05374,0,37.2468,3,0,1,1,130.0374,8.0,0.287046
S05375,0,24.2197,1,0,0,1,75.3154,8.0,0.084084
S05376,1,54.8865,5,1,0,0,153.7056,8.0,0.618275
S05377,0,48.9498,4,1,1,0,131.7824,8.0,0.645815
S05378,0,36.6152,2,0,1,0,133.9649,8.0,0.281666
S05379,1,40.0834,1,0,1,1,116.9897,8.0,0.169657
S05380,1,53.7256,3,1,1,0,165.7974,8.0,0.623583
S05381,0,40.5358,4,0,1,0,169.8008,8.0,0.469738
S05382,1,52.7476,2,1,1,1,134.6609,8.0,0.44225
S05383,1,49.9016,2,1,1,1,99.3939,8.0,0.390875
S05384,1,39.2429,2,1,0,1,96.6098,8.0,0.266913
S05385,0,34.8115,4,0,0,1,161.4318,8.0,0.2746
S05386,0,35.8135,3,0,1,1,150.1052,8.0,0.312304
S05387,1,60.3902,4,1,1,1,171.6,8.0,0.643273
S05388,1,42.1422,3,0,1,0,70.0835,8.0,0.265125
S05389,1,41.5931,1,1,0,0,137.7361,8.0,0.307127
S05390,1,47.5791,5,1,0,1,103.5296,8.0,0.482801
S05391,1,49.6991,3,1,1,0,92.6542,8.0,0.516475
S05392,0,45.8204,3,1,1,0,132.8171,8.0,0.576129
S05393,0,24.0266,1,0,0,0,79.4288,8.0,0.107799
S05394,1,39.7989,2,0,1,0,88.8016,8.0,0.230199
S05395,1,62.7401,6,1,1,0,147.3979,8.0,0.784889
S05396,1,47.3196,2,1,0,0,113.0267,8.0,0.340326
S05397,1,54.4796,3,1,1,0,140.6213,8.0,0.587521
S05398,0,34.2438,1,1,0,1,107.8608,8.0,0.223943
S05399,1,40.0585,2,0,1,1,129.5455,8.0,0.229219
S05400,1,59.2776,5,1,1,1,152.0592,8.0,0.68403
S05401,1,38.455,2,0,0,0,125.9014,8.0,0.177323
S05402,0,35.8632,2,1,0,0,103.5315,8.0,0.327655
S05403,1,53.0604,4,1,1,1,118.3284,8.0,0.567086
S05404,0,38.343,4,0,1,1,166.0725,8.0,0.402859
S05405,0,33.5824,4,0,0,0,107.0274,8.0,0.259641
S05406,0,38.2925,3,0,1,1,161.274,8.0,0.326874
S05407,1,55.4556,6,1,0,1,128.1247,8.0,0.593571
S05408,0,38.0625,1,1,0,0,146.2417,8.0,0.318093
S05409,0,29.0135,2,0,1,1,98.2883,8.0,0.197773
S05410,0,21.0872,1,0,0,1,44.5958,8.0,0.070934
S05411,1,42.8932,3,0,1,1,129.9948,8.0,0.286993
S05412,0,29.1151,4,0,0,1,127.1639,8.0,0.235589
S05413,0,37.0667,3,1,0,1,91.0176,8.0,0.322153
S05414,0,29.0259,3,0,0,1,125.4862,8.0,0.18436
S05415,1,49.4506,4,1,0,0,94.972,8.0,0.45756
S05416,1,50.5645,4,1,0,1,111.3796,8.0,0.420256
S05417,0,37.1934,3,0,1,0,130.6509,8.0,0.341617
S05418,0,30.113,1,0,1,1,146.5539,8.0,0.196127
S05419,0,37.9811,3,1,0,0,111.2025,8.0,0.407868
S05420,0,38.6759,4,0,1,0,141.8426,8.0,0.428262
S05421,1,50.475,6,0,0,0,155.709,8.0,0.461142
S05422,0,34.2702,3,0,1,1,129.7455,8.0,0.286687
S05423,0,36.5006,5,0,0,0,154.851,8.0,0.386774
S05424,0,27.2852,3,0,0,1,97.8865,8.0,0.160747
S05425,0,31.6951,2,0,1,0,80.5428,8.0,0.221535
S05426,0,33.0773,2,0,1,1,112.5776,8.0,0.211729
S05427,1,45.8371,5,0,0,0,159.8547,8.0,0.393918
S05428,0,43.6563,5,1,0,1,111.6183,8.0,0.494928
S05429,1,35.8089,3,0,0,1,104.3547,8.0,0.166052
S05430,1,59.4215,4,1,1,0,143.6548,8.0,0.661935
S05431,0,27.2429,3,0,0,1,85.3585,8.0,0.150863
S05432,0,32.8653,2,0,1,1,109.1675,8.0,0.208334
S05433,1,57.3899,4,1,1,1,193.853,8.0,0.673293
S05434,1,54.0138,4,1,1,1,142.2038,8.0,0.60186
S05435,1,26.0679,0,0,0,1,61.4325,8.0,0.058889
S05436,1,38.5552,4,0,0,0,103.0975,8.0,0.255134
S05437,0,38.8233,4,0,1,0,105.976,8.0,0.376567
S05438,0,44.4627,3,1,1,1,109.4374,8.0,0.479168
S05439,0,41.4313,4,1,0,0,106.7411,8.0,0.475132
S05440,1,60.3,5,1,1,1,153.6442,8.0,0.686082
S05441,0,32.3672,2,0,1,1,138.0005,8.0,0.238305
S05442,0,26.0128,2,0,0,1,103.2152,8.0,0.127783
S05443,1,56.188,5,1,0,0,138.1457,8.0,0.596012
S05444,0,35.724,2,0,1,0,149.2938,8.0,0.300643
S05445,0,31.1805,1,1,0,0,41.3892,8.0,0.199142
S05446,1,37.5823,1,0,0,0,141.8673,8.0,0.149466
S05447,1,60.3836,6,1,1,1,156.5823,8.0,0.750165
S05448,0,33.4815,3,0,0,0,125.2663,8.0,0.224714
S05449,1,52.3328,3,1,1,1,123.8227,8.0,0.500734
S05450,0,35.1193,2,1,0,0,76.9557,8.0,0.293537
S05451,0,38.5226,1,1,1,1,107.3401,8.0,0.332709
S05452,1,45.051,1,1,0,0,100.578,8.0,0.26182
S05453,0,34.4018,2,0,1,0,112.6346,8.0,0.256509
S05454,0,37.4505,4,0,1,1,131.9111,8.0,0.354679
S05455,0,42.4331,4,1,0,1,135.8469,8.0,0.456381
S05456,0,26.8982,0,0,1,1,96.4948,8.0,0.11805
S05457,0,43.5045,4,1,0,0,161.291,8.0,0.556692
S05458,0,38.3366,1,1,1,1,134.3862,8.0,0.369658
S05459,0,40.3476,3,1,0,0,106.204,8.0,0.400646
S05460,1,41.0058,3,0,1,1,125.8303,8.0,0.281908
S05461,0,34.4494,2,0,1,1,145.6971,8.0,0.246788
S05462,1,52.8711,3,1,1,1,140.3613,8.0,0.52552
S05463,0,35.9097,3,0,1,1,97.965,8.0,0.249326
S05464,1,54.1642,3,1,1,1,139.8372,8.0,0.524736
S05465,0,38.4217,4,0,1,1,129.4985,8.0,0.351373
S05466,0,32.8967,1,0,1,0,93.0557,8.0,0.185176
S05467,0,24.7841,1,0,0,1,113.5237,8.0,0.103506
S05468,1,57.6857,4,1,1,0,152.5286,8.0,0.673745
S05469,0,34.8848,2,0,1,1,143.752,8.0,0.244625
S05470,1,45.2092,4,0,1,1,125.1898,8.0,0.345504
S05471,0,57.0842,6,1,1,0,140.4744,8.0,0.777792
S05472,0,42.5092,4,1,0,1,123.2031,8.0,0.437631
S05473,0,42.9645,2,1,1,0,117.3507,8.0,0.478539
S05474,0,39.47,3,1,0,0,128.0892,8.0,0.432548
S05475,0,36.5022,5,0,0,0,128.4915,8.0,0.349997
S05476,0,25.8965,2,0,0,1,114.97,8.0,0.135852
S05477,0,43.4628,3,1,1,1,147.2548,8.0,0.535821
S05478,1,52.0774,2,1,1,1,128.318,8.0,0.432884
S05479,0,26.7596,3,0,0,1,130.0449,8.0,0.188509
S05480,0,39.9574,5,1,0,0,107.2283,8.0,0.550668
S05481,0,42.8592,3,1,0,1,121.0103,8.0,0.362637
S05482,1,66.0605,7,1,1,1,198.97,8.0,0.839407
S05483,1,62.9102,6,1,1,0,151.4061,8.0,0.788921
S05484,0,31.0593,1,0,1,1,113.7317,8.0,0.166921
S05485,0,21.6796,1,0,0,1,101.0523,8.0,0.096766
S05486,0,27.2462,1,0,0,0,102.6585,8.0,0.121955
S05487,1,37.8116,2,0,0,0,112.859,8.0,0.166194
S05488,0,34.2465,3,0,0,0,113.3381,8.0,0.212492
S05489,0,27.3026,1,0,1,0,77.9777,8.0,0.171912
S05490,1,41.6974,1,1,0,0,87.0469,8.0,0.246435
S05491,1,53.0178,8,0,0,0,160.8056,8.0,0.616527
S05492,0,29.3254,2,0,1,1,117.8705,8.0,0.217078
S05493,0,33.1729,1,0,1,0,113.2494,8.0,0.204158
S05494,0,29.7234,2,0,0,0,104.1085,8.0,0.159045
S05495,0,30.545,3,0,0,0,132.9077,8.0,0.232802
S05496,1,49.5271,1,1,1,0,137.7994,8.0,0.434576
S05497,0,27.9749,2,0,0,0,111.3619,8.0,0.164953
S05498,0,45.2645,5,1,0,1,113.1523,8.0,0.497229
S05499,0,37.9684,1,1,1,1,128.258,8.0,0.361133
S05500,0,18.5458,0,0,0,1,76.8845,8.0,0.064242
S05501,0,28.7592,3,0,0,1,109.5687,8.0,0.170429
S05502,0,36.9405,3,0,1,1,101.2791,8.0,0.253066
S05503,0,34.3816,3,0,1,1,85.9629,8.0,0.236093
S05504,0,46.0452,4,1,0,0,136.3745,8.0,0.519552
S05505,1,42.7476,1,1,0,0,83.81,8.0,0.242846
S05506,0,32.8113,0,0,1,0,162.4809,8.0,0.20341
S05507,1,52.2265,5,1,0,0,128.3714,8.0,0.581815
S05508,1,49.4106,3,1,1,1,105.2082,8.0,0.472839
S05509,0,31.2341,3,0,0,0,142.3648,8.0,0.24309
S05510,0,30.1084,1,0,1,0,140.1249,8.0,0.231609
S05511,0,38.1936,3,0,1,0,143.5339,8.0,0.35921
S05512,1,53.7477,4,1,1,1,115.7549,8.0,0.563291
S05513,0,45.7536,4,1,0,1,139.3474,8.0,0.461597
S05514,0,37.5129,2,1,0,1,148.3567,8.0,0.331843
S05515,0,38.8743,4,0,1,0,102.6721,8.0,0.371925
S05516,1,52.6658,6,1,0,1,133.4001,8.0,0.601184
S05517,1,39.7019,2,0,1,1,102.8904,8.0,0.202191
S05518,0,26.8302,1,0,0,1,164.3107,8.0,0.135388
S05519,1,43.2117,2,0,1,1,125.5027,8.0,0.224961
S05520,1,57.8773,5,1,1,1,178.5635,8.0,0.717355
S05521,0,35.0387,2,1,0,1,85.8422,8.0,0.254463
S05522,1,62.8168,7,1,1,1,128.1244,8.0,0.773599
S05523,0,37.1258,3,0,1,1,153.177,8.0,0.316276
S05524,0,38.8685,3,1,0,0,96.4976,8.0,0.386745
S05525,1,46.0319,3,1,0,0,95.9356,8.0,0.385946
S05526,0,38.5793,3,1,0,1,125.461,8.0,0.368831
S05527,1,59.4724,4,1,1,1,137.7465,8.0,0.595435
S05528,0,32.1558,1,0,1,1,157.4508,8.0,0.206641
S05529,0,37.3093,6,0,0,0,113.078,8.0,0.398545
S05530,0,35.8661,4,0,0,1,136.7846,8.0,0.246143
S05531,0,24.6253,1,0,0,0,123.5077,8.0,0.135996
S05532,1,49.8595,5,0,1,0,129.3431,8.0,0.48402
S05533,0,29.1493,3,0,0,0,106.1619,8.0,0.205376
S05534,1,54.7628,6,0,1,0,201.3435,8.0,0.661069
S05535,0,36.0953,1,1,0,0,75.1369,8.0,0.233406
S05536,0,34.8877,1,1,0,0,101.0958,8.0,0.262421
S05537,0,43.6656,3,1,0,0,109.3972,8.0,0.405255
S05538,0,30.159,0,1,0,1,77.4642,8.0,0.151201
S05539,1,48.6579,3,1,0,0,128.4653,8.0,0.433102
S05540,1,50.9126,1,1,1,0,130.0358,8.0,0.423167
S05541,0,29.2002,4,0,0,1,121.5118,8.0,0.229537
S05542,1,51.6911,3,1,1,0,89.0301,8.0,0.511043
S05543,1,41.7603,3,0,1,0,114.4464,8.0,0.320098
S05544,0,32.5801,2,0,0,0,92.0775,8.0,0.149626
S05545,1,52.6044,3,1,1,1,115.5608,8.0,0.488343
S05546,0,42.1197,2,1,0,0,129.5305,8.0,0.362896
S05547,0,34.4429,3,0,1,1,110.0258,8.0,0.263114
S05548,1,47.6437,4,0,1,0,154.6618,8.0,0.44719
S05549,0,48.4456,3,1,1,0,188.3259,8.0,0.654743
S05550,0,27.187,1,0,0,0,83.3179,8.0,0.110064
S05551,0,22.4934,1,0,0,0,98.7353,8.0,0.119456
S05552,0,36.9216,4,0,1,1,100.22,8.0,0.312452
S05553,0,40.5113,5,0,1,1,165.046,8.0,0.47509
S05554,0,34.8876,5,0,0,0,115.2131,8.0,0.332096
S05555,0,35.666,2,1,0,1,92.8045,8.0,0.262469
S05556,1,59.7484,5,1,1,1,159.365,8.0,0.693427
S05557,1,54.2191,3,1,1,1,145.222,8.0,0.532786
S05558,0,50.6217,7,1,0,1,164.3947,8.0,0.710203
S05559,1,56.3095,4,1,1,1,134.1693,8.0,0.590254
S05560,1,50.7828,1,1,1,1,110.9382,8.0,0.337519
S05561,0,45.7952,3,1,1,0,153.2411,8.0,0.605741
S05562,1,53.9911,4,1,1,0,127.474,8.0,0.63988
S05563,1,51.8123,4,1,0,0,112.3194,8.0,0.483485
S05564,0,35.8144,3,0,1,1,119.0472,8.0,0.273743
S05565,0,38.9569,0,1,1,1,118.7333,8.0,0.283412
S05566,0,48.9338,4,1,1,0,140.8129,8.0,0.658109
S05567,0,30.0161,3,0,0,1,120.7192,8.0,0.180098
S05568,1,54.559,5,1,0,1,145.3259,8.0,0.545364
S05569,1,33.2505,1,0,0,0,101.6333,8.0,0.121298
S05570,0,36.9222,2,1,0,1,101.0138,8.0,0.272115
S05571,0,29.3748,2,0,0,0,128.9744,8.0,0.180029
S05572,0,37.5595,4,0,1,0,114.4971,8.0,0.388644
S05573,0,42.7635,3,1,0,0,136.1842,8.0,0.444506
S05574,0,25.9102,1,0,0,0,121.1045,8.0,0.13431
S05575,0,27.8136,2,0,0,0,110.2777,8.0,0.164059
S05576,1,57.3323,4,1,1,0,147.8595,8.0,0.667557
S05577,1,36.096,3,0,0,0,162.5148,8.0,0.26602
S05578,0,23.198,1,0,0,0,70.2027,8.0,0.102589
S05579,0,31.7762,1,0,1,0,109.4513,8.0,0.200481
S05580,0,31.2806,1,1,0,1,98.7489,8.0,0.214585
S05581,0,51.1379,5,1,1,0,98.9378,8.0,0.668991
S05582,1,49.3886,5,0,1,0,142.8887,8.0,0.504333
S05583,1,58.2527,6,1,0,0,127.3351,8.0,0.65113
S05584,1,48.7293,9,0,0,1,133.5026,8.0,0.589286
S05585,0,36.9938,3,1,0,1,85.3484,8.0,0.314771
S05586,0,40.5769,5,0,1,1,113.9834,8.0,0.399848
S05587,0,38.7093,4,0,1,1,141.8931,8.0,0.368504
S05588,0,36.9848,3,1,0,1,131.7416,8.0,0.377646
S05589,1,55.1436,4,1,1,1,100.9098,8.0,0.541271
S05590,1,51.512,2,1,1,0,97.5303,8.0,0.448974
S05591,1,55.6813,5,1,1,1,144.3993,8.0,0.674014
S05592,0,32.8996,2,0,1,1,113.6869,8.0,0.212842
S05593,0,29.6693,0,1,0,1,98.4221,8.0,0.168056
S05594,0,26.3535,2,0,0,1,96.5941,8.0,0.12342
S05595,1,49.8269,3,1,0,1,121.4402,8.0,0.363233
S05596,0,40.0674,5,0,1,0,130.34,8.0,0.485514
S05597,0,31.8833,1,0,1,0,103.9154,8.0,0.19521
S05598,1,47.3592,2,1,1,1,95.069,8.0,0.384714
S05599,0,32.5651,2,0,1,0,122.2815,8.0,0.267702
S05600,1,49.779,4,1,0,1,137.9918,8.0,0.459576
S05601,1,63.6126,7,1,1,0,172.8479,8.0,0.851585
S05602,0,31.7768,1,0,1,0,104.2036,8.0,0.195481
S05603,1,48.0452,2,1,1,1,108.9722,8.0,0.40464
S05604,0,27.7547,3,0,0,1,114.7545,8.0,0.174874
S05605,0,32.4559,1,0,1,0,89.4841,8.0,0.181964
S05606,1,46.0914,0,1,1,0,124.2929,8.0,0.344288
S05607,0,24.8747,1,0,0,0,98.3909,8.0,0.119239
S05608,1,50.7833,3,1,1,1,139.0658,8.0,0.523581
S05609,0,38.4329,2,1,0,0,92.7453,8.0,0.31356
S05610,0,39.9161,4,1,0,1,102.4944,8.0,0.407325
S05611,0,43.2489,8,0,0,0,138.8933,8.0,0.585006
S05612,0,26.2466,1,0,0,0,76.4105,8.0,0.106069
S05613,0,29.2136,3,0,0,0,132.5945,8.0,0.232467
S05614,0,27.9508,3,0,0,1,118.8265,8.0,0.178427
S05615,0,36.5103,1,1,0,0,142.6591,8.0,0.313449
S05616,0,45.1147,3,1,1,0,137.0537,8.0,0.582324
S05617,0,35.821,3,0,1,1,125.7122,8.0,0.281764
S05618,0,32.6432,1,0,1,0,179.2611,8.0,0.275991
S05619,1,56.8125,3,1,1,0,149.614,8.0,0.600532
S05620,0,32.6083,2,0,1,1,135.4363,8.0,0.235523
S05621,0,34.7396,3,0,1,1,129.6892,8.0,0.286618
S05622,1,64.404,6,1,1,0,201.5623,8.0,0.834709
S05623,0,27.2575,2,0,0,0,82.7034,8.0,0.14261
S05624,0,31.3924,4,0,0,0,80.9986,8.0,0.230763
S05625,0,29.9549,2,0,0,0,93.6986,8.0,0.150868
S05626,1,61.4677,4,1,1,0,206.7358,8.0,0.740855
S05627,1,58.3225,5,1,1,1,138.2297,8.0,0.665829
S05628,1,60.2018,5,1,1,1,136.298,8.0,0.663245
S05629,0,33.4051,0,1,0,0,98.2248,8.0,0.205764
S05630,1,47.6222,5,0,1,0,132.8268,8.0,0.489242
S05631,1,44.8767,3,1,0,1,71.6428,8.0,0.297309
S05632,1,46.156,4,0,1,1,131.4945,8.0,0.354107
S05633,0,44.2698,3,1,1,1,132.7402,8.0,0.514106
S05634,0,30.6008,2,0,1,1,138.3073,8.0,0.238639
S05635,0,41.8847,3,1,1,1,116.6138,8.0,0.489922
S05636,1,50.7141,4,1,0,1,119.8237,8.0,0.432647
S05637,0,40.9971,4,1,0,1,118.131,8.0,0.430156
S05638,0,24.5446,0,0,0,0,129.5213,8.0,0.107852
S05639,1,50.7374,1,1,1,1,135.3939,8.0,0.371068
S05640,0,33.8081,2,1,0,1,106.7942,8.0,0.279039
S05641,1,51.9853,3,1,1,0,112.5554,8.0,0.546201
S05642,0,45.5256,5,1,0,1,153.7563,8.0,0.557874
S05643,0,30.027,3,0,0,0,118.7496,8.0,0.217976
S05644,0,34.0831,1,1,0,0,113.8104,8.0,0.277452
S05645,0,59.7845,8,1,1,1,171.5665,8.0,0.856854
S05646,0,31.249,3,0,0,1,162.0549,8.0,0.219656
S05647,0,33.7236,4,0,1,1,81.7713,8.0,0.28918
S05648,1,58.5159,5,1,1,1,117.6337,8.0,0.637794
S05649,0,31.1659,1,1,0,1,72.5087,8.0,0.189241
S05650,1,52.3099,4,1,0,0,129.5275,8.0,0.50929
S05651,0,43.6736,5,1,0,1,133.024,8.0,0.52701
S05652,0,23.7604,1,0,0,1,92.7213,8.0,0.092484
S05653,0,31.1649,2,0,0,0,157.1785,8.0,0.206373
S05654,0,49.2433,4,1,1,0,130.5849,8.0,0.64417
S05655,1,39.4603,3,0,0,1,108.9497,8.0,0.169905
S05656,1,53.0378,5,1,0,0,131.0045,8.0,0.585654
S05657,1,47.2881,3,0,1,0,134.1825,8.0,0.346399
S05658,0,26.0808,0,0,1,1,63.9341,8.0,0.099178
S05659,1,38.9969,3,0,0,1,96.2538,8.0,0.15943
S05660,0,42.898,4,1,0,1,109.4973,8.0,0.417507
S05661,1,37.7065,1,0,1,1,129.316,8.0,0.180331
S05662,1,52.8802,6,1,0,1,118.0907,8.0,0.578969
S05663,1,51.7177,3,1,1,1,116.515,8.0,0.489774
S05664,0,40.9351,3,1,0,1,144.5261,8.0,0.395837
S05665,0,46.2062,6,1,0,1,138.8815,8.0,0.609043
S05666,0,25.2609,2,0,0,1,101.0733,8.0,0.126357
S05667,0,33.611,4,0,0,1,162.9372,8.0,0.276403
S05668,0,29.6938,3,0,0,0,75.5338,8.0,0.177001
S05669,1,66.0949,8,1,1,1,179.7958,8.0,0.862804
S05670,0,39.7536,1,1,1,1,124.2347,8.0,0.355582
S05671,0,37.9997,1,1,0,0,134.5517,8.0,0.303077
S05672,1,61.9535,5,1,1,0,170.7789,8.0,0.7567
S05673,0,44.0897,3,1,1,0,107.5383,8.0,0.53873
S05674,1,68.1989,7,1,1,0,176.5419,8.0,0.854365
S05675,0,35.143,3,0,0,0,139.6955,8.0,0.240156
S05676,0,48.0548,5,1,1,1,151.9127,8.0,0.68384
S05677,1,52.3471,3,1,1,0,117.9077,8.0,0.554148
S05678,0,32.1117,2,0,1,0,106.9284,8.0,0.250034
S05679,0,52.3239,5,1,1,1,163.7496,8.0,0.698991
S05680,1,47.532,1,1,1,0,138.1325,8.0,0.435067
S05681,1,60.5586,6,1,1,1,155.9951,8.0,0.749504
S05682,1,51.0672,5,0,1,1,166.7515,8.0,0.477642
S05683,0,24.429,1,0,0,0,112.324,8.0,0.128302
S05684,0,49.1045,6,1,0,0,151.5621,8.0,0.683385
S05685,0,46.9715,6,1,0,0,161.8881,8.0,0.696636
S05686,1,59.4671,5,1,1,0,147.5311,8.0,0.730111
S05687,1,76.0844,11,1,1,1,214.3124,8.0,0.950068
S05688,0,39.9022,4,1,0,1,113.5676,8.0,0.423458
S05689,1,43.5894,1,0,1,0,153.6047,8.0,0.246313
S05690,0,39.4107,4,1,0,1,134.9849,8.0,0.455099
S05691,0,32.095,2,0,1,0,88.7162,8.0,0.230108
S05692,1,38.9206,1,0,1,1,134.4116,8.0,0.184895
S05693,1,37.8926,2,0,0,0,128.7541,8.0,0.179834
S05694,0,25.1191,1,0,0,1,78.7946,8.0,0.085706
S05695,0,38.2109,5,0,0,1,150.5587,8.0,0.323738
S05696,1,58.3073,3,1,1,0,124.3315,8.0,0.56365
S05697,1,57.3413,5,1,0,1,138.4489,8.0,0.535115
S05698,1,56.068,5,1,0,1,177.026,8.0,0.59198
S05699,0,30.0439,4,0,0,1,98.3768,8.0,0.205913
S05700,1,48.9244,3,1,0,1,107.7721,8.0,0.344486
S05701,1,33.8551,2,0,0,1,108.2151,8.0,0.131164
S05702,1,54.483,4,1,1,1,106.1682,8.0,0.549094
S05703,0,34.9291,2,0,1,0,110.9687,8.0,0.254608
S05704,0,26.779,2,0,0,0,92.0309,8.0,0.149591
S05705,0,45.5331,3,1,1,1,114.0394,8.0,0.486063
S05706,0,43.3306,2,1,1,1,116.8184,8.0,0.416031
S05707,1,54.1399,3,1,1,0,103.3655,8.0,0.532502
S05708,1,59.2588,5,1,1,0,179.0053,8.0,0.765672
S05709,0,28.3683,1,0,1,0,88.8768,8.0,0.181423
S05710,1,60.1053,5,1,1,1,189.9985,8.0,0.731057
S05711,0,50.3888,3,1,1,0,167.2673,8.0,0.625651
S05712,1,53.2891,5,1,0,0,118.5032,8.0,0.567343
S05713,1,46.4319,4,0,1,0,155.1037,8.0,0.447846
S05714,0,44.4265,3,1,1,1,120.586,8.0,0.495879
S05715,1,48.0686,6,0,1,1,191.0096,8.0,0.588086
S05716,0,26.0076,2,0,0,0,52.5489,8.0,0.121884
S05717,0,38.8857,4,0,1,1,140.7938,8.0,0.36697
S05718,0,36.0866,2,0,1,0,149.2377,8.0,0.300572
S05719,0,27.8048,2,0,0,1,128.9659,8.0,0.146015
S05720,0,38.8996,0,1,1,0,90.5718,8.0,0.300153
S05721,0,40.8,1,1,1,1,128.4741,8.0,0.361432
S05722,0,36.1583,2,1,0,0,96.7947,8.0,0.318813
S05723,0,38.5565,4,0,1,0,134.5823,8.0,0.417631
S05724,1,49.1151,3,1,1,1,102.8071,8.0,0.469249
S05725,0,34.2647,2,0,1,0,134.4535,8.0,0.28226
S05726,1,49.3047,4,1,0,1,123.867,8.0,0.438612
S05727,1,65.6354,9,1,0,0,173.2485,8.0,0.858087
S05728,0,39.7294,2,1,1,1,143.147,8.0,0.454844
S05729,1,62.4787,6,1,1,1,165.4518,8.0,0.760006
S05730,0,43.3851,1,1,1,0,128.7572,8.0,0.421296
S05731,0,43.0633,1,1,1,0,145.5803,8.0,0.446081
S05732,0,35.7409,3,1,0,1,89.2103,8.0,0.31979
S05733,0,36.4294,4,0,0,0,131.0775,8.0,0.288325
S05734,1,48.6426,2,1,1,1,128.4706,8.0,0.433109
S05735,0,31.5844,2,0,1,1,105.8054,8.0,0.205027
S05736,1,57.3538,4,1,1,0,146.2279,8.0,0.665381
S05737,1,42.1944,4,0,0,1,127.1454,8.0,0.235569
S05738,0,36.0912,2,0,1,1,115.0274,8.0,0.214193
S05739,1,67.0916,7,1,1,0,175.1533,8.0,0.853325
S05740,0,35.4471,4,0,0,1,145.8499,8.0,0.256374
S05741,0,27.5125,1,0,0,0,70.8718,8.0,0.102959
S05742,0,34.9258,1,1,0,1,119.2962,8.0,0.236093
S05743,0,27.8485,2,0,0,1,121.5028,8.0,0.140519
S05744,0,56.9589,7,1,1,1,157.7623,8.0,0.803225
S05745,0,44.8773,2,1,1,1,150.2441,8.0,0.465421
S05746,1,54.7421,7,1,0,1,146.7636,8.0,0.687956
S05747,1,54.9985,4,1,0,0,137.8457,8.0,0.521755
S05748,1,52.0208,5,1,0,1,130.9084,8.0,0.523844
S05749,0,34.2365,3,1,0,1,85.9689,8.0,0.315574
S05750,0,45.6743,3,1,1,1,123.4805,8.0,0.500221
S05751,1,49.9824,4,1,0,0,131.9012,8.0,0.512849
S05752,0,42.7767,4,1,0,0,125.2673,8.0,0.502901
S05753,1,53.2593,5,1,0,0,156.4204,8.0,0.622112
S05754,1,51.1619,5,0,1,1,195.0215,8.0,0.520021
S05755,1,54.9788,3,1,1,1,126.0448,8.0,0.504067
S05756,1,46.3285,2,1,0,0,137.046,8.0,0.373385
S05757,0,39.9715,5,0,1,0,143.1794,8.0,0.504769
S05758,1,54.3452,4,1,1,0,104.8676,8.0,0.60807
S05759,1,40.1728,1,0,1,0,108.6579,8.0,0.199719
S05760,0,41.049,4,1,0,1,141.1719,8.0,0.464319
S05761,0,33.8291,2,0,1,0,114.3704,8.0,0.2585
S05762,1,49.3501,2,1,1,0,84.7444,8.0,0.430078
S05763,1,52.807,3,1,1,1,143.2145,8.0,0.529786
S05764,0,37.603,4,0,1,1,103.1359,8.0,0.316223
S05765,1,63.1192,7,1,1,1,151.9426,8.0,0.797647
S05766,0,36.5696,5,0,0,1,151.7774,8.0,0.325341
S05767,0,20.9438,1,0,0,1,80.1171,8.0,0.08633
S05768,0,43.1037,6,0,1,0,153.5796,8.0,0.594229
S05769,0,35.165,2,0,1,0,120.5532,8.0,0.265674
S05770,0,45.2604,4,1,0,0,112.3068,8.0,0.483466
S05771,0,46.9978,5,1,0,1,143.8265,8.0,0.543132
S05772,0,30.9409,1,0,1,1,109.2282,8.0,0.163197
S05773,1,59.5096,7,1,0,0,123.8904,8.0,0.711636
S05774,1,33.9542,2,0,0,0,110.4199,8.0,0.164176
S05775,0,35.1639,2,0,1,0,123.4089,8.0,0.269031
S05776,0,28.2529,2,0,0,0,96.4813,8.0,0.153019
S05777,0,43.9253,5,1,0,1,133.0225,8.0,0.527007
S05778,0,28.1671,1,0,0,1,144.7116,8.0,0.122203
S05779,1,57.8682,7,1,0,1,176.1307,8.0,0.724478
S05780,1,62.5255,4,1,1,0,161.5111,8.0,0.685479
S05781,1,38.1201,3,0,0,1,115.5776,8.0,0.175587
S05782,1,39.518,2,0,1,1,103.9561,8.0,0.203224
S05783,0,50.2227,3,1,1,0,158.3774,8.0,0.613077
S05784,0,39.1657,5,0,1,1,148.5708,8.0,0.450519
S05785,0,20.7423,0,0,0,0,93.0884,8.0,0.08855
S05786,0,41.9683,4,0,1,0,171.0125,8.0,0.47155
S05787,0,41.5501,5,0,1,1,158.4916,8.0,0.465293
S05788,1,57.902,4,1,1,0,151.7976,8.0,0.67278
S05789,0,38.6652,4,0,1,1,146.263,8.0,0.374626
S05790,1,50.454,4,1,0,1,167.0255,8.0,0.503038
S05791,1,39.9962,2,1,0,1,55.7866,8.0,0.221787
S05792,1,39.6617,1,0,1,0,131.0632,8.0,0.222074
S05793,0,24.5808,1,0,0,0,100.9406,8.0,0.120855
S05794,0,30.1255,3,0,0,0,99.2887,8.0,0.198727
S05795,1,61.3402,5,1,1,0,173.2227,8.0,0.75939
S05796,1,50.9457,3,1,1,0,104.0743,8.0,0.533561
S05797,0,33.9269,2,0,1,0,87.4433,8.0,0.228758
S05798,1,44.3018,3,0,1,0,107.2187,8.0,0.310735
S05799,0,30.8793,2,0,1,1,129.0185,8.0,0.228661
S05800,0,34.5985,4,0,0,0,120.9776,8.0,0.276051
S05801,0,39.7144,3,0,1,0,169.1156,8.0,0.395248
S05802,0,32.1437,3,0,0,0,114.1142,8.0,0.213272
S05803,0,33.4195,3,1,0,1,61.6739,8.0,0.284967
S05804,1,42.418,2,1,0,0,88.1845,8.0,0.3077
S05805,1,41.009,3,0,1,1,120.6129,8.0,0.275614
S05806,0,39.0744,6,0,0,0,124.6602,8.0,0.415314
S05807,1,46.7949,1,1,1,1,107.9821,8.0,0.333564
S05808,0,27.9145,0,0,1,0,99.7972,8.0,0.149158
S05809,1,46.4138,0,1,1,0,131.5417,8.0,0.354172
S05810,0,28.0353,2,0,0,1,131.9546,8.0,0.148265
S05811,0,30.659,2,0,1,0,100.0402,8.0,0.242365
S05812,1,52.3829,1,1,1,0,122.7401,8.0,0.41252
S05813,1,57.5786,8,0,1,0,143.699,8.0,0.715489
S05814,0,29.1436,2,0,0,0,105.354,8.0,0.160047
S05815,1,55.7074,3,1,1,0,151.5752,8.0,0.603352
S05816,0,46.484,3,1,1,1,146.2912,8.0,0.534382
S05817,0,36.4025,3,0,1,0,140.1335,8.0,0.354527
S05818,1,48.7882,4,1,0,1,108.5605,8.0,0.416141
S05819,0,36.4741,4,0,1,1,134.5474,8.0,0.358308
S05820,0,36.1056,6,0,0,0,110.1645,8.0,0.394362
S05821,0,47.1284,3,1,1,0,102.1635,8.0,0.530707
S05822,0,45.626,4,1,1,1,126.1317,8.0,0.578542
S05823,0,34.8864,2,1,0,0,87.1087,8.0,0.306327
S05824,0,46.0254,3,1,1,0,121.2397,8.0,0.559082
S05825,0,26.1662,1,0,0,0,115.6542,8.0,0.130553
S05826,1,45.0591,4,0,0,0,152.8417,8.0,0.315841
S05827,1,39.3605,4,0,0,1,107.0226,8.0,0.214525
S05828,1,53.6792,2,1,1,0,115.4652,8.0,0.475717
S05829,1,60.3498,6,1,1,1,136.3576,8.0,0.72674
S05830,0,32.8004,1,0,1,0,115.4949,8.0,0.206356
S05831,0,24.5777,1,0,0,1,114.9271,8.0,0.10429
S05832,0,31.4053,4,0,0,1,133.4613,8.0,0.242461
S05833,0,37.451,2,0,1,0,144.6631,8.0,0.294834
S05834,0,32.0319,2,0,1,1,110.5275,8.0,0.209683
S05835,0,40.7256,3,1,0,1,139.9666,8.0,0.389313
S05836,0,40.9415,1,1,1,0,116.2337,8.0,0.403092
S05837,1,47.206,4,1,0,1,113.0747,8.0,0.422736
S05838,1,41.7389,2,0,1,0,125.5985,8.0,0.271622
S05839,1,50.4945,8,0,0,1,137.1403,8.0,0.520699
S05840,0,28.6955,1,1,0,1,31.3144,8.0,0.154189
S05841,1,49.7068,5,1,0,1,131.0397,8.0,0.524041
S05842,1,52.9232,3,1,1,0,110.1905,8.0,0.542682
S05843,1,46.3585,5,0,1,1,160.4337,8.0,0.468194
S05844,0,49.819,8,1,0,0,122.1947,8.0,0.767307
S05845,1,58.825,5,1,1,1,131.4464,8.0,0.656713
S05846,0,43.9908,4,1,0,1,123.5489,8.0,0.438142
S05847,0,36.7301,2,1,0,1,106.486,8.0,0.278667
S05848,1,47.4622,3,0,1,0,167.2366,8.0,0.392556
S05849,0,40.0238,4,0,1,1,157.0031,8.0,0.389841
S05850,1,49.8617,3,1,0,0,107.2884,8.0,0.402209
S05851,1,49.6813,4,1,0,0,103.7215,8.0,0.470616
S05852,0,34.0992,1,0,1,0,142.8224,8.0,0.234501
S05853,1,49.2289,2,1,1,1,116.4504,8.0,0.415494
S05854,0,35.5687,2,0,1,1,154.8571,8.0,0.257146
S05855,0,36.5178,4,0,1,1,137.3264,8.0,0.362151
S05856,0,49.582,7,0,1,1,195.0129,8.0,0.663756
S05857,0,29.3984,3,0,0,1,137.2404,8.0,0.195202
S05858,1,65.3423,6,1,1,0,152.9638,8.0,0.790474
S05859,0,24.7222,1,0,0,1,100.9967,8.0,0.096737
S05860,0,25.6187,2,0,0,0,111.5446,8.0,0.165104
S05861,0,28.1302,2,0,0,0,110.868,8.0,0.164545
S05862,1,49.3338,2,1,1,1,142.7224,8.0,0.454212
S05863,0,38.4692,5,0,0,0,143.0479,8.0,0.370118
S05864,1,55.4339,3,1,1,1,117.2618,8.0,0.490894
S05865,0,23.7723,1,0,0,0,67.4839,8.0,0.101097
S05866,1,54.6267,4,1,1,1,134.2246,8.0,0.590334
S05867,1,52.7842,6,1,0,0,145.6591,8.0,0.675672
S05868,0,33.7284,3,1,0,1,61.0102,8.0,0.284156
S05869,1,46.1866,2,1,0,0,137.9037,8.0,0.374589
S05870,0,25.2747,2,0,0,1,106.0874,8.0,0.129716
S05871,1,49.3387,6,0,1,1,129.8648,8.0,0.497297
S05872,1,55.1193,3,1,1,0,147.0041,8.0,0.59677
S05873,0,27.6114,2,0,0,0,101.9212,8.0,0.157298
S05874,0,30.6503,2,0,0,0,155.5266,8.0,0.204754
S05875,0,39.0598,2,1,0,0,104.9299,8.0,0.329506
S05876,0,33.713,4,0,0,1,170.1631,8.0,0.285157
S05877,1,45.179,3,0,1,1,145.5444,8.0,0.306457
S05878,0,33.3859,0,1,0,0,86.5936,8.0,0.194593
S05879,1,49.0188,0,1,1,0,142.8041,8.0,0.369777
S05880,0,32.5553,2,0,1,1,131.1189,8.0,0.230891
S05881,1,49.206,1,1,1,0,106.6331,8.0,0.389313
S05882,1,57.2753,8,0,1,0,146.0895,8.0,0.7184
S05883,0,33.7486,3,1,0,1,98.8308,8.0,0.332474
S05884,0,46.7275,3,1,1,0,118.339,8.0,0.554788
S05885,0,29.8382,3,0,0,1,110.9451,8.0,0.1716
S05886,0,26.9907,0,0,1,1,112.4495,8.0,0.128386
S05887,0,34.3803,1,1,0,1,139.1007,8.0,0.25819
S05888,1,61.7735,7,1,0,0,160.657,8.0,0.754719
S05889,1,59.0614,4,1,1,1,146.065,8.0,0.607399
S05890,0,45.6274,3,1,1,0,134.2598,8.0,0.578242
S05891,0,42.8347,6,1,0,0,80.604,8.0,0.585071
S05892,1,41.5718,3,0,1,0,113.2064,8.0,0.318481
S05893,0,27.4811,0,1,0,1,61.9821,8.0,0.139661
S05894,0,38.3918,3,1,0,1,131.6176,8.0,0.377472
S05895,0,44.6245,3,1,1,1,148.0784,8.0,0.53705
S05896,1,52.5897,4,1,0,1,156.7086,8.0,0.487565
S05897,1,39.9604,2,0,1,0,127.1528,8.0,0.273471
S05898,0,35.6908,2,0,1,1,124.1961,8.0,0.223598
S05899,1,55.5168,4,1,1,1,143.3361,8.0,0.603487
S05900,0,34.3636,1,1,0,1,94.8856,8.0,0.210704
S05901,0,25.1896,1,0,0,1,143.2111,8.0,0.121241
S05902,1,53.281,4,1,1,1,122.9108,8.0,0.573823
S05903,0,48.8144,3,1,1,1,140.1881,8.0,0.525261
S05904,0,35.4305,1,0,1,1,159.2511,8.0,0.208417
S05905,0,43.141,5,1,0,1,139.1835,8.0,0.536212
S05906,0,40.7924,1,1,1,1,102.7392,8.0,0.326608
S05907,0,38.701,4,0,1,0,118.3608,8.0,0.394166
S05908,0,21.0846,1,0,0,1,61.6333,8.0,0.077974
S05909,0,30.9201,2,0,1,1,89.1299,8.0,0.189199
S05910,0,39.1935,3,1,0,0,117.4093,8.0,0.416892
S05911,0,21.3904,1,0,0,0,68.2688,8.0,0.101526
S05912,1,45.8917,3,0,1,1,177.0422,8.0,0.348022
S05913,0,32.4808,3,0,1,1,130.9788,8.0,0.288203
S05914,1,52.6251,6,1,0,0,144.9239,8.0,0.674705
S05915,1,42.3702,3,0,1,1,137.5353,8.0,0.29634
S05916,0,34.5632,1,0,1,0,143.6297,8.0,0.235372
S05917,0,32.7577,3,0,1,1,108.9925,8.0,0.261914
S05918,1,46.4963,2,1,0,0,112.8894,8.0,0.340141
S05919,0,27.8079,3,0,0,1,104.2671,8.0,0.165979
S05920,1,50.7697,4,0,1,0,145.3678,8.0,0.433449
S05921,0,39.5822,3,0,1,0,149.9306,8.0,0.368091
S05922,1,52.8903,3,1,1,1,163.4741,8.0,0.559922
S05923,0,42.1507,3,1,0,0,83.087,8.0,0.367844
S05924,1,43.6003,5,0,0,0,148.9956,8.0,0.378475
S05925,0,32.463,2,0,0,0,133.7889,8.0,0.184332
S05926,1,52.551,5,0,1,0,155.0647,8.0,0.522582
S05927,0,34.8762,2,1,0,0,65.5778,8.0,0.279583
S05928,1,42.32,5,0,0,0,118.8879,8.0,0.337004
S05929,0,23.8479,2,0,0,1,100.6781,8.0,0.126096
S05930,0,40.9284,2,1,1,1,139.3702,8.0,0.449231
S05931,0,42.8934,5,0,1,0,160.2272,8.0,0.530304
S05932,0,48.0775,5,1,1,1,124.883,8.0,0.647781
S05933,0,31.5159,2,0,1,1,121.2752,8.0,0.22057
S05934,0,19.5284,0,0,0,1,65.3899,8.0,0.060219
S05935,1,58.5355,4,1,1,0,136.7273,8.0,0.652572
S05936,0,46.0506,4,1,1,0,125.0145,8.0,0.636473
S05937,1,46.1998,4,0,1,1,154.7401,8.0,0.386616
S05938,0,32.3392,1,0,1,0,104.9668,8.0,0.196203
S05939,1,57.103,7,1,0,1,158.3625,8.0,0.702697
S05940,1,54.8706,4,1,1,1,124.6401,8.0,0.576358
S05941,1,50.0374,4,1,0,1,125.0682,8.0,0.440387
S05942,0,33.577,1,1,0,0,82.5617,8.0,0.241471
S05943,1,47.552,3,1,0,0,79.9789,8.0,0.363518
S05944,1,50.8328,3,1,1,1,130.0812,8.0,0.51012
S05945,0,48.2738,4,1,1,0,122.1633,8.0,0.632505
S05946,0,33.4769,2,0,1,0,132.1477,8.0,0.279466
S05947,0,35.4673,3,0,1,1,131.4645,8.0,0.288801
S05948,0,31.7243,3,0,0,1,152.3867,8.0,0.209875
S05949,0,38.3525,2,1,0,0,88.3724,8.0,0.30794
S05950,0,36.4564,1,1,0,1,137.0721,8.0,0.255866
S05951,0,49.1255,4,1,1,0,142.5466,8.0,0.660445
S05952,0,39.2172,0,1,1,0,125.2439,8.0,0.345577
S05953,0,35.53,3,0,1,1,128.1476,8.0,0.284731
S05954,0,24.3451,1,0,0,0,77.532,8.0,0.106709
S05955,0,23.8957,0,0,0,0,85.9282,8.0,0.085143
S05956,0,43.2582,4,0,1,0,164.0657,8.0,0.461177
S05957,1,54.4478,3,1,1,1,141.5389,8.0,0.527281
S05958,0,36.0205,6,0,0,0,144.9896,8.0,0.445205
S05959,0,18.5269,0,0,0,1,82.2522,8.0,0.066206
S05960,1,48.1034,3,1,0,0,147.9598,8.0,0.462013
S05961,1,56.2616,4,1,1,1,160.6604,8.0,0.628074
S05962,1,46.7411,2,1,0,0,139.9125,8.0,0.377417
S05963,0,47.3295,3,1,1,0,115.3615,8.0,0.550371
S05964,1,56.6649,5,1,0,0,154.4489,8.0,0.619327
S05965,1,49.8904,3,1,1,1,122.3233,8.0,0.498485
S05966,1,53.5385,3,1,1,0,130.4869,8.0,0.572711
S05967,0,26.1541,2,0,0,1,57.9026,8.0,0.100418
S05968,0,49.1596,4,1,1,1,139.0393,8.0,0.597302
S05969,0,34.5932,3,1,0,1,102.7643,8.0,0.337733
S05970,1,48.5708,2,1,1,0,109.8376,8.0,0.467303
S05971,1,41.2645,1,0,1,0,118.3841,8.0,0.20921
S05972,0,21.8759,1,0,0,1,90.8441,8.0,0.091543
S05973,1,55.0994,3,1,1,0,126.1851,8.0,0.566383
S05974,0,36.4159,4,0,1,1,137.4811,8.0,0.362365
S05975,1,58.3639,4,1,1,0,122.7064,8.0,0.633262
S05976,0,37.9925,3,0,1,0,152.1115,8.0,0.37114
S05977,1,52.5948,3,1,1,1,131.8755,8.0,0.51281
S05978,0,25.473,0,0,1,0,91.0739,8.0,0.142637
S05979,1,56.6879,4,1,1,0,132.4403,8.0,0.646718
S05980,0,45.0918,3,1,1,1,110.695,8.0,0.481052
S05981,0,28.3572,1,0,1,1,74.262,8.0,0.136528
S05982,0,47.9333,6,1,0,1,119.5895,8.0,0.58116
S05983,0,25.7703,2,0,0,1,109.0269,8.0,0.13172
S05984,1,58.003,5,1,1,1,149.4129,8.0,0.680588
S05985,0,32.2115,0,0,1,0,96.2495,8.0,0.146477
S05986,1,52.4888,2,1,1,1,153.011,8.0,0.469554
S05987,1,48.3349,6,0,0,1,167.0502,8.0,0.416369
S05988,0,31.4777,2,0,0,0,111.2647,8.0,0.164873
S05989,1,47.1919,6,0,0,0,128.6145,8.0,0.421087
S05990,0,25.4355,1,0,0,1,132.6503,8.0,0.11465
S05991,0,33.7156,1,1,0,1,79.16,8.0,0.19544
S05992,1,57.5044,4,1,1,0,142.0914,8.0,0.659833
S05993,0,45.8492,3,1,1,1,107.4332,8.0,0.476168
S05994,0,29.4894,3,0,0,1,106.0009,8.0,0.167424
S05995,1,51.1379,3,1,1,0,99.7119,8.0,0.527041
S05996,1,54.9147,5,1,0,1,142.6838,8.0,0.541431
S05997,1,46.4261,3,1,0,1,142.8294,8.0,0.393405
S05998,0,43.1947,1,1,1,0,135.3778,8.0,0.43101
S05999,1,47.0806,4,0,1,1,138.8803,8.0,0.364307
S06000,1,39.8422,1,0,1,1,119.4997,8.0,0.171789
