market_id,week,group,treated_market,post,eligible_control,organic_clicks,paid_clicks,total_clicks,spend,revenue,paid_revenue,true_incremental_clicks,substitution_clicks
M001,1,treated,1,0,1,996.8252,0.0,996.8252,0.0,1993.6503,0.0,0.0,0.0
M001,2,treated,1,0,1,1010.728,0.0,1010.728,0.0,2021.4561,0.0,0.0,0.0
M001,3,treated,1,0,1,1022.5923,0.0,1022.5923,0.0,2045.1847,0.0,0.0,0.0
M001,4,treated,1,0,1,1031.808,0.0,1031.808,0.0,2063.6159,0.0,0.0,0.0
M001,5,treated,1,0,1,1038.183,0.0,1038.183,0.0,2076.366,0.0,0.0,0.0
M001,6,treated,1,0,1,1041.974,0.0,1041.974,0.0,2083.9479,0.0,0.0,0.0
M001,7,treated,1,0,1,1043.8454,0.0,1043.8454,0.0,2087.6908,0.0,0.0,0.0
M001,8,treated,1,0,1,1044.7649,0.0,1044.7649,0.0,2089.5298,0.0,0.0,0.0
M001,9,treated,1,0,1,1045.8503,0.0,1045.8503,0.0,2091.7005,0.0,0.0,0.0
M001,10,treated,1,0,1,1048.1932,0.0,1048.1932,0.0,2096.3864,0.0,0.0,0.0
M001,11,treated,1,0,1,1052.6868,0.0,1052.6868,0.0,2105.3736,0.0,0.0,0.0
M001,12,treated,1,0,1,1059.8847,0.0,1059.8847,0.0,2119.7693,0.0,0.0,0.0
M001,13,treated,1,1,1,934.9134,180.0,1114.9134,112.5,2229.8269,360.0,45.0,135.0
M001,14,treated,1,1,1,947.4528,180.0,1127.4528,112.5,2254.9057,360.0,45.0,135.0
M001,15,treated,1,1,1,961.7861,180.0,1141.7861,112.5,2283.5723,360.0,45.0,135.0
M001,16,treated,1,1,1,976.9135,180.0,1156.9135,112.5,2313.827,360.0,45.0,135.0
M001,17,treated,1,1,1,991.7097,180.0,1171.7097,112.5,2343.4193,360.0,45.0,135.0
M001,18,treated,1,1,1,1005.1016,180.0,1185.1016,112.5,2370.2033,360.0,45.0,135.0
M001,19,treated,1,1,1,1016.2382,180.0,1196.2382,112.5,2392.4764,360.0,45.0,135.0
M001,20,treated,1,1,1,1024.6241,180.0,1204.6241,112.5,2409.2482,360.0,45.0,135.0
M002,1,treated,1,0,1,1040.1717,0.0,1040.1717,0.0,2080.3433,0.0,0.0,0.0
M002,2,treated,1,0,1,1054.0745,0.0,1054.0745,0.0,2108.1491,0.0,0.0,0.0
M002,3,treated,1,0,1,1065.9388,0.0,1065.9388,0.0,2131.8777,0.0,0.0,0.0
M002,4,treated,1,0,1,1075.1545,0.0,1075.1545,0.0,2150.3089,0.0,0.0,0.0
M002,5,treated,1,0,1,1081.5295,0.0,1081.5295,0.0,2163.059,0.0,0.0,0.0
M002,6,treated,1,0,1,1085.3205,0.0,1085.3205,0.0,2170.6409,0.0,0.0,0.0
M002,7,treated,1,0,1,1087.1919,0.0,1087.1919,0.0,2174.3838,0.0,0.0,0.0
M002,8,treated,1,0,1,1088.1114,0.0,1088.1114,0.0,2176.2228,0.0,0.0,0.0
M002,9,treated,1,0,1,1089.1968,0.0,1089.1968,0.0,2178.3935,0.0,0.0,0.0
M002,10,treated,1,0,1,1091.5397,0.0,1091.5397,0.0,2183.0794,0.0,0.0,0.0
M002,11,treated,1,0,1,1096.0333,0.0,1096.0333,0.0,2192.0666,0.0,0.0,0.0
M002,12,treated,1,0,1,1103.2312,0.0,1103.2312,0.0,2206.4623,0.0,0.0,0.0
M002,13,treated,1,1,1,978.26,180.0,1158.26,112.5,2316.5199,360.0,45.0,135.0
M002,14,treated,1,1,1,990.7993,180.0,1170.7993,112.5,2341.5987,360.0,45.0,135.0
M002,15,treated,1,1,1,1005.1327,180.0,1185.1327,112.5,2370.2653,360.0,45.0,135.0
M002,16,treated,1,1,1,1020.26,180.0,1200.26,112.5,2400.52,360.0,45.0,135.0
M002,17,treated,1,1,1,1035.0562,180.0,1215.0562,112.5,2430.1123,360.0,45.0,135.0
M002,18,treated,1,1,1,1048.4482,180.0,1228.4482,112.5,2456.8963,360.0,45.0,135.0
M002,19,treated,1,1,1,1059.5847,180.0,1239.5847,112.5,2479.1694,360.0,45.0,135.0
M002,20,treated,1,1,1,1067.9706,180.0,1247.9706,112.5,2495.9412,360.0,45.0,135.0
M003,1,treated,1,0,1,927.2296,0.0,927.2296,0.0,1854.4592,0.0,0.0,0.0
M003,2,treated,1,0,1,941.1325,0.0,941.1325,0.0,1882.2649,0.0,0.0,0.0
M003,3,treated,1,0,1,952.9968,0.0,952.9968,0.0,1905.9935,0.0,0.0,0.0
M003,4,treated,1,0,1,962.2124,0.0,962.2124,0.0,1924.4248,0.0,0.0,0.0
M003,5,treated,1,0,1,968.5874,0.0,968.5874,0.0,1937.1748,0.0,0.0,0.0
M003,6,treated,1,0,1,972.3784,0.0,972.3784,0.0,1944.7568,0.0,0.0,0.0
M003,7,treated,1,0,1,974.2498,0.0,974.2498,0.0,1948.4997,0.0,0.0,0.0
M003,8,treated,1,0,1,975.1693,0.0,975.1693,0.0,1950.3387,0.0,0.0,0.0
M003,9,treated,1,0,1,976.2547,0.0,976.2547,0.0,1952.5094,0.0,0.0,0.0
M003,10,treated,1,0,1,978.5976,0.0,978.5976,0.0,1957.1952,0.0,0.0,0.0
M003,11,treated,1,0,1,983.0912,0.0,983.0912,0.0,1966.1824,0.0,0.0,0.0
M003,12,treated,1,0,1,990.2891,0.0,990.2891,0.0,1980.5782,0.0,0.0,0.0
M003,13,treated,1,1,1,865.3179,180.0,1045.3179,112.5,2090.6358,360.0,45.0,135.0
M003,14,treated,1,1,1,877.8573,180.0,1057.8573,112.5,2115.7145,360.0,45.0,135.0
M003,15,treated,1,1,1,892.1906,180.0,1072.1906,112.5,2144.3812,360.0,45.0,135.0
M003,16,treated,1,1,1,907.3179,180.0,1087.3179,112.5,2174.6359,360.0,45.0,135.0
M003,17,treated,1,1,1,922.1141,180.0,1102.1141,112.5,2204.2282,360.0,45.0,135.0
M003,18,treated,1,1,1,935.5061,180.0,1115.5061,112.5,2231.0122,360.0,45.0,135.0
M003,19,treated,1,1,1,946.6426,180.0,1126.6426,112.5,2253.2852,360.0,45.0,135.0
M003,20,treated,1,1,1,955.0285,180.0,1135.0285,112.5,2270.057,360.0,45.0,135.0
M004,1,treated,1,0,1,905.2091,0.0,905.2091,0.0,1810.4183,0.0,0.0,0.0
M004,2,treated,1,0,1,919.112,0.0,919.112,0.0,1838.224,0.0,0.0,0.0
M004,3,treated,1,0,1,930.9763,0.0,930.9763,0.0,1861.9526,0.0,0.0,0.0
M004,4,treated,1,0,1,940.1919,0.0,940.1919,0.0,1880.3838,0.0,0.0,0.0
M004,5,treated,1,0,1,946.567,0.0,946.567,0.0,1893.1339,0.0,0.0,0.0
M004,6,treated,1,0,1,950.3579,0.0,950.3579,0.0,1900.7159,0.0,0.0,0.0
M004,7,treated,1,0,1,952.2294,0.0,952.2294,0.0,1904.4588,0.0,0.0,0.0
M004,8,treated,1,0,1,953.1489,0.0,953.1489,0.0,1906.2977,0.0,0.0,0.0
M004,9,treated,1,0,1,954.2342,0.0,954.2342,0.0,1908.4685,0.0,0.0,0.0
M004,10,treated,1,0,1,956.5772,0.0,956.5772,0.0,1913.1543,0.0,0.0,0.0
M004,11,treated,1,0,1,961.0708,0.0,961.0708,0.0,1922.1415,0.0,0.0,0.0
M004,12,treated,1,0,1,968.2686,0.0,968.2686,0.0,1936.5373,0.0,0.0,0.0
M004,13,treated,1,1,1,843.2974,180.0,1023.2974,112.5,2046.5948,360.0,45.0,135.0
M004,14,treated,1,1,1,855.8368,180.0,1035.8368,112.5,2071.6736,360.0,45.0,135.0
M004,15,treated,1,1,1,870.1701,180.0,1050.1701,112.5,2100.3402,360.0,45.0,135.0
M004,16,treated,1,1,1,885.2975,180.0,1065.2975,112.5,2130.595,360.0,45.0,135.0
M004,17,treated,1,1,1,900.0936,180.0,1080.0936,112.5,2160.1873,360.0,45.0,135.0
M004,18,treated,1,1,1,913.4856,180.0,1093.4856,112.5,2186.9712,360.0,45.0,135.0
M004,19,treated,1,1,1,924.6222,180.0,1104.6222,112.5,2209.2443,360.0,45.0,135.0
M004,20,treated,1,1,1,933.008,180.0,1113.008,112.5,2226.0161,360.0,45.0,135.0
M005,1,treated,1,0,1,768.6916,0.0,768.6916,0.0,1537.3833,0.0,0.0,0.0
M005,2,treated,1,0,1,782.5945,0.0,782.5945,0.0,1565.189,0.0,0.0,0.0
M005,3,treated,1,0,1,794.4588,0.0,794.4588,0.0,1588.9176,0.0,0.0,0.0
M005,4,treated,1,0,1,803.6744,0.0,803.6744,0.0,1607.3489,0.0,0.0,0.0
M005,5,treated,1,0,1,810.0495,0.0,810.0495,0.0,1620.0989,0.0,0.0,0.0
M005,6,treated,1,0,1,813.8404,0.0,813.8404,0.0,1627.6809,0.0,0.0,0.0
M005,7,treated,1,0,1,815.7119,0.0,815.7119,0.0,1631.4238,0.0,0.0,0.0
M005,8,treated,1,0,1,816.6314,0.0,816.6314,0.0,1633.2627,0.0,0.0,0.0
M005,9,treated,1,0,1,817.7167,0.0,817.7167,0.0,1635.4335,0.0,0.0,0.0
M005,10,treated,1,0,1,820.0597,0.0,820.0597,0.0,1640.1193,0.0,0.0,0.0
M005,11,treated,1,0,1,824.5533,0.0,824.5533,0.0,1649.1065,0.0,0.0,0.0
M005,12,treated,1,0,1,831.7511,0.0,831.7511,0.0,1663.5023,0.0,0.0,0.0
M005,13,treated,1,1,1,706.7799,180.0,886.7799,112.5,1773.5598,360.0,45.0,135.0
M005,14,treated,1,1,1,719.3193,180.0,899.3193,112.5,1798.6386,360.0,45.0,135.0
M005,15,treated,1,1,1,733.6526,180.0,913.6526,112.5,1827.3052,360.0,45.0,135.0
M005,16,treated,1,1,1,748.78,180.0,928.78,112.5,1857.56,360.0,45.0,135.0
M005,17,treated,1,1,1,763.5761,180.0,943.5761,112.5,1887.1523,360.0,45.0,135.0
M005,18,treated,1,1,1,776.9681,180.0,956.9681,112.5,1913.9362,360.0,45.0,135.0
M005,19,treated,1,1,1,788.1047,180.0,968.1047,112.5,1936.2093,360.0,45.0,135.0
M005,20,treated,1,1,1,796.4906,180.0,976.4906,112.5,1952.9811,360.0,45.0,135.0
M006,1,treated,1,0,1,904.5401,0.0,904.5401,0.0,1809.0801,0.0,0.0,0.0
M006,2,treated,1,0,1,918.443,0.0,918.443,0.0,1836.8859,0.0,0.0,0.0
M006,3,treated,1,0,1,930.3072,0.0,930.3072,0.0,1860.6145,0.0,0.0,0.0
M006,4,treated,1,0,1,939.5229,0.0,939.5229,0.0,1879.0457,0.0,0.0,0.0
M006,5,treated,1,0,1,945.8979,0.0,945.8979,0.0,1891.7958,0.0,0.0,0.0
M006,6,treated,1,0,1,949.6889,0.0,949.6889,0.0,1899.3778,0.0,0.0,0.0
M006,7,treated,1,0,1,951.5603,0.0,951.5603,0.0,1903.1207,0.0,0.0,0.0
M006,8,treated,1,0,1,952.4798,0.0,952.4798,0.0,1904.9596,0.0,0.0,0.0
M006,9,treated,1,0,1,953.5652,0.0,953.5652,0.0,1907.1303,0.0,0.0,0.0
M006,10,treated,1,0,1,955.9081,0.0,955.9081,0.0,1911.8162,0.0,0.0,0.0
M006,11,treated,1,0,1,960.4017,0.0,960.4017,0.0,1920.8034,0.0,0.0,0.0
M006,12,treated,1,0,1,967.5996,0.0,967.5996,0.0,1935.1992,0.0,0.0,0.0
M006,13,treated,1,1,1,842.6284,180.0,1022.6284,112.5,2045.2567,360.0,45.0,135.0
M006,14,treated,1,1,1,855.1677,180.0,1035.1677,112.5,2070.3355,360.0,45.0,135.0
M006,15,treated,1,1,1,869.5011,180.0,1049.5011,112.5,2099.0021,360.0,45.0,135.0
M006,16,treated,1,1,1,884.6284,180.0,1064.6284,112.5,2129.2569,360.0,45.0,135.0
M006,17,treated,1,1,1,899.4246,180.0,1079.4246,112.5,2158.8492,360.0,45.0,135.0
M006,18,treated,1,1,1,912.8166,180.0,1092.8166,112.5,2185.6331,360.0,45.0,135.0
M006,19,treated,1,1,1,923.9531,180.0,1103.9531,112.5,2207.9062,360.0,45.0,135.0
M006,20,treated,1,1,1,932.339,180.0,1112.339,112.5,2224.678,360.0,45.0,135.0
M007,1,treated,1,0,1,1021.1127,0.0,1021.1127,0.0,2042.2253,0.0,0.0,0.0
M007,2,treated,1,0,1,1035.0155,0.0,1035.0155,0.0,2070.0311,0.0,0.0,0.0
M007,3,treated,1,0,1,1046.8798,0.0,1046.8798,0.0,2093.7597,0.0,0.0,0.0
M007,4,treated,1,0,1,1056.0955,0.0,1056.0955,0.0,2112.1909,0.0,0.0,0.0
M007,5,treated,1,0,1,1062.4705,0.0,1062.4705,0.0,2124.941,0.0,0.0,0.0
M007,6,treated,1,0,1,1066.2615,0.0,1066.2615,0.0,2132.5229,0.0,0.0,0.0
M007,7,treated,1,0,1,1068.1329,0.0,1068.1329,0.0,2136.2658,0.0,0.0,0.0
M007,8,treated,1,0,1,1069.0524,0.0,1069.0524,0.0,2138.1048,0.0,0.0,0.0
M007,9,treated,1,0,1,1070.1378,0.0,1070.1378,0.0,2140.2755,0.0,0.0,0.0
M007,10,treated,1,0,1,1072.4807,0.0,1072.4807,0.0,2144.9614,0.0,0.0,0.0
M007,11,treated,1,0,1,1076.9743,0.0,1076.9743,0.0,2153.9486,0.0,0.0,0.0
M007,12,treated,1,0,1,1084.1722,0.0,1084.1722,0.0,2168.3443,0.0,0.0,0.0
M007,13,treated,1,1,1,959.2009,180.0,1139.2009,112.5,2278.4019,360.0,45.0,135.0
M007,14,treated,1,1,1,971.7403,180.0,1151.7403,112.5,2303.4807,360.0,45.0,135.0
M007,15,treated,1,1,1,986.0736,180.0,1166.0736,112.5,2332.1473,360.0,45.0,135.0
M007,16,treated,1,1,1,1001.201,180.0,1181.201,112.5,2362.402,360.0,45.0,135.0
M007,17,treated,1,1,1,1015.9972,180.0,1195.9972,112.5,2391.9943,360.0,45.0,135.0
M007,18,treated,1,1,1,1029.3891,180.0,1209.3891,112.5,2418.7783,360.0,45.0,135.0
M007,19,treated,1,1,1,1040.5257,180.0,1220.5257,112.5,2441.0514,360.0,45.0,135.0
M007,20,treated,1,1,1,1048.9116,180.0,1228.9116,112.5,2457.8232,360.0,45.0,135.0
M008,1,treated,1,0,1,971.2743,0.0,971.2743,0.0,1942.5487,0.0,0.0,0.0
M008,2,treated,1,0,1,985.1772,0.0,985.1772,0.0,1970.3544,0.0,0.0,0.0
M008,3,treated,1,0,1,997.0415,0.0,997.0415,0.0,1994.083,0.0,0.0,0.0
M008,4,treated,1,0,1,1006.2571,0.0,1006.2571,0.0,2012.5142,0.0,0.0,0.0
M008,5,treated,1,0,1,1012.6322,0.0,1012.6322,0.0,2025.2643,0.0,0.0,0.0
M008,6,treated,1,0,1,1016.4231,0.0,1016.4231,0.0,2032.8463,0.0,0.0,0.0
M008,7,treated,1,0,1,1018.2946,0.0,1018.2946,0.0,2036.5892,0.0,0.0,0.0
M008,8,treated,1,0,1,1019.2141,0.0,1019.2141,0.0,2038.4281,0.0,0.0,0.0
M008,9,treated,1,0,1,1020.2994,0.0,1020.2994,0.0,2040.5989,0.0,0.0,0.0
M008,10,treated,1,0,1,1022.6424,0.0,1022.6424,0.0,2045.2847,0.0,0.0,0.0
M008,11,treated,1,0,1,1027.136,0.0,1027.136,0.0,2054.2719,0.0,0.0,0.0
M008,12,treated,1,0,1,1034.3338,0.0,1034.3338,0.0,2068.6677,0.0,0.0,0.0
M008,13,treated,1,1,1,909.3626,180.0,1089.3626,112.5,2178.7252,360.0,45.0,135.0
M008,14,treated,1,1,1,921.902,180.0,1101.902,112.5,2203.804,360.0,45.0,135.0
M008,15,treated,1,1,1,936.2353,180.0,1116.2353,112.5,2232.4706,360.0,45.0,135.0
M008,16,treated,1,1,1,951.3627,180.0,1131.3627,112.5,2262.7254,360.0,45.0,135.0
M008,17,treated,1,1,1,966.1588,180.0,1146.1588,112.5,2292.3177,360.0,45.0,135.0
M008,18,treated,1,1,1,979.5508,180.0,1159.5508,112.5,2319.1016,360.0,45.0,135.0
M008,19,treated,1,1,1,990.6874,180.0,1170.6874,112.5,2341.3747,360.0,45.0,135.0
M008,20,treated,1,1,1,999.0732,180.0,1179.0732,112.5,2358.1465,360.0,45.0,135.0
M009,1,treated,1,0,1,1028.7441,0.0,1028.7441,0.0,2057.4881,0.0,0.0,0.0
M009,2,treated,1,0,1,1042.6469,0.0,1042.6469,0.0,2085.2939,0.0,0.0,0.0
M009,3,treated,1,0,1,1054.5112,0.0,1054.5112,0.0,2109.0225,0.0,0.0,0.0
M009,4,treated,1,0,1,1063.7268,0.0,1063.7268,0.0,2127.4537,0.0,0.0,0.0
M009,5,treated,1,0,1,1070.1019,0.0,1070.1019,0.0,2140.2038,0.0,0.0,0.0
M009,6,treated,1,0,1,1073.8929,0.0,1073.8929,0.0,2147.7857,0.0,0.0,0.0
M009,7,treated,1,0,1,1075.7643,0.0,1075.7643,0.0,2151.5286,0.0,0.0,0.0
M009,8,treated,1,0,1,1076.6838,0.0,1076.6838,0.0,2153.3676,0.0,0.0,0.0
M009,9,treated,1,0,1,1077.7692,0.0,1077.7692,0.0,2155.5383,0.0,0.0,0.0
M009,10,treated,1,0,1,1080.1121,0.0,1080.1121,0.0,2160.2242,0.0,0.0,0.0
M009,11,treated,1,0,1,1084.6057,0.0,1084.6057,0.0,2169.2114,0.0,0.0,0.0
M009,12,treated,1,0,1,1091.8036,0.0,1091.8036,0.0,2183.6071,0.0,0.0,0.0
M009,13,treated,1,1,1,966.8323,180.0,1146.8323,112.5,2293.6647,360.0,45.0,135.0
M009,14,treated,1,1,1,979.3717,180.0,1159.3717,112.5,2318.7434,360.0,45.0,135.0
M009,15,treated,1,1,1,993.705,180.0,1173.705,112.5,2347.4101,360.0,45.0,135.0
M009,16,treated,1,1,1,1008.8324,180.0,1188.8324,112.5,2377.6648,360.0,45.0,135.0
M009,17,treated,1,1,1,1023.6286,180.0,1203.6286,112.5,2407.2571,360.0,45.0,135.0
M009,18,treated,1,1,1,1037.0205,180.0,1217.0205,112.5,2434.0411,360.0,45.0,135.0
M009,19,treated,1,1,1,1048.1571,180.0,1228.1571,112.5,2456.3142,360.0,45.0,135.0
M009,20,treated,1,1,1,1056.543,180.0,1236.543,112.5,2473.0859,360.0,45.0,135.0
M010,1,treated,1,0,1,996.987,0.0,996.987,0.0,1993.9739,0.0,0.0,0.0
M010,2,treated,1,0,1,1010.8898,0.0,1010.8898,0.0,2021.7797,0.0,0.0,0.0
M010,3,treated,1,0,1,1022.7541,0.0,1022.7541,0.0,2045.5083,0.0,0.0,0.0
M010,4,treated,1,0,1,1031.9698,0.0,1031.9698,0.0,2063.9395,0.0,0.0,0.0
M010,5,treated,1,0,1,1038.3448,0.0,1038.3448,0.0,2076.6896,0.0,0.0,0.0
M010,6,treated,1,0,1,1042.1358,0.0,1042.1358,0.0,2084.2715,0.0,0.0,0.0
M010,7,treated,1,0,1,1044.0072,0.0,1044.0072,0.0,2088.0144,0.0,0.0,0.0
M010,8,treated,1,0,1,1044.9267,0.0,1044.9267,0.0,2089.8534,0.0,0.0,0.0
M010,9,treated,1,0,1,1046.0121,0.0,1046.0121,0.0,2092.0241,0.0,0.0,0.0
M010,10,treated,1,0,1,1048.355,0.0,1048.355,0.0,2096.71,0.0,0.0,0.0
M010,11,treated,1,0,1,1052.8486,0.0,1052.8486,0.0,2105.6972,0.0,0.0,0.0
M010,12,treated,1,0,1,1060.0465,0.0,1060.0465,0.0,2120.0929,0.0,0.0,0.0
M010,13,treated,1,1,1,935.0753,180.0,1115.0753,112.5,2230.1505,360.0,45.0,135.0
M010,14,treated,1,1,1,947.6146,180.0,1127.6146,112.5,2255.2293,360.0,45.0,135.0
M010,15,treated,1,1,1,961.948,180.0,1141.948,112.5,2283.8959,360.0,45.0,135.0
M010,16,treated,1,1,1,977.0753,180.0,1157.0753,112.5,2314.1506,360.0,45.0,135.0
M010,17,treated,1,1,1,991.8715,180.0,1171.8715,112.5,2343.7429,360.0,45.0,135.0
M010,18,treated,1,1,1,1005.2635,180.0,1185.2635,112.5,2370.5269,360.0,45.0,135.0
M010,19,treated,1,1,1,1016.4,180.0,1196.4,112.5,2392.8,360.0,45.0,135.0
M010,20,treated,1,1,1,1024.7859,180.0,1204.7859,112.5,2409.5718,360.0,45.0,135.0
M011,1,treated,1,0,1,852.6239,0.0,852.6239,0.0,1705.2479,0.0,0.0,0.0
M011,2,treated,1,0,1,866.5268,0.0,866.5268,0.0,1733.0536,0.0,0.0,0.0
M011,3,treated,1,0,1,878.3911,0.0,878.3911,0.0,1756.7822,0.0,0.0,0.0
M011,4,treated,1,0,1,887.6067,0.0,887.6067,0.0,1775.2135,0.0,0.0,0.0
M011,5,treated,1,0,1,893.9818,0.0,893.9818,0.0,1787.9635,0.0,0.0,0.0
M011,6,treated,1,0,1,897.7727,0.0,897.7727,0.0,1795.5455,0.0,0.0,0.0
M011,7,treated,1,0,1,899.6442,0.0,899.6442,0.0,1799.2884,0.0,0.0,0.0
M011,8,treated,1,0,1,900.5637,0.0,900.5637,0.0,1801.1273,0.0,0.0,0.0
M011,9,treated,1,0,1,901.649,0.0,901.649,0.0,1803.2981,0.0,0.0,0.0
M011,10,treated,1,0,1,903.992,0.0,903.992,0.0,1807.9839,0.0,0.0,0.0
M011,11,treated,1,0,1,908.4856,0.0,908.4856,0.0,1816.9711,0.0,0.0,0.0
M011,12,treated,1,0,1,915.6834,0.0,915.6834,0.0,1831.3669,0.0,0.0,0.0
M011,13,treated,1,1,1,790.7122,180.0,970.7122,112.5,1941.4244,360.0,45.0,135.0
M011,14,treated,1,1,1,803.2516,180.0,983.2516,112.5,1966.5032,360.0,45.0,135.0
M011,15,treated,1,1,1,817.5849,180.0,997.5849,112.5,1995.1698,360.0,45.0,135.0
M011,16,treated,1,1,1,832.7123,180.0,1012.7123,112.5,2025.4246,360.0,45.0,135.0
M011,17,treated,1,1,1,847.5084,180.0,1027.5084,112.5,2055.0169,360.0,45.0,135.0
M011,18,treated,1,1,1,860.9004,180.0,1040.9004,112.5,2081.8008,360.0,45.0,135.0
M011,19,treated,1,1,1,872.037,180.0,1052.037,112.5,2104.0739,360.0,45.0,135.0
M011,20,treated,1,1,1,880.4228,180.0,1060.4228,112.5,2120.8457,360.0,45.0,135.0
M012,1,treated,1,0,1,1017.3958,0.0,1017.3958,0.0,2034.7916,0.0,0.0,0.0
M012,2,treated,1,0,1,1031.2987,0.0,1031.2987,0.0,2062.5973,0.0,0.0,0.0
M012,3,treated,1,0,1,1043.163,0.0,1043.163,0.0,2086.3259,0.0,0.0,0.0
M012,4,treated,1,0,1,1052.3786,0.0,1052.3786,0.0,2104.7572,0.0,0.0,0.0
M012,5,treated,1,0,1,1058.7536,0.0,1058.7536,0.0,2117.5072,0.0,0.0,0.0
M012,6,treated,1,0,1,1062.5446,0.0,1062.5446,0.0,2125.0892,0.0,0.0,0.0
M012,7,treated,1,0,1,1064.416,0.0,1064.416,0.0,2128.8321,0.0,0.0,0.0
M012,8,treated,1,0,1,1065.3355,0.0,1065.3355,0.0,2130.671,0.0,0.0,0.0
M012,9,treated,1,0,1,1066.4209,0.0,1066.4209,0.0,2132.8418,0.0,0.0,0.0
M012,10,treated,1,0,1,1068.7638,0.0,1068.7638,0.0,2137.5276,0.0,0.0,0.0
M012,11,treated,1,0,1,1073.2574,0.0,1073.2574,0.0,2146.5148,0.0,0.0,0.0
M012,12,treated,1,0,1,1080.4553,0.0,1080.4553,0.0,2160.9106,0.0,0.0,0.0
M012,13,treated,1,1,1,955.4841,180.0,1135.4841,112.5,2270.9681,360.0,45.0,135.0
M012,14,treated,1,1,1,968.0235,180.0,1148.0235,112.5,2296.0469,360.0,45.0,135.0
M012,15,treated,1,1,1,982.3568,180.0,1162.3568,112.5,2324.7136,360.0,45.0,135.0
M012,16,treated,1,1,1,997.4841,180.0,1177.4841,112.5,2354.9683,360.0,45.0,135.0
M012,17,treated,1,1,1,1012.2803,180.0,1192.2803,112.5,2384.5606,360.0,45.0,135.0
M012,18,treated,1,1,1,1025.6723,180.0,1205.6723,112.5,2411.3446,360.0,45.0,135.0
M012,19,treated,1,1,1,1036.8088,180.0,1216.8088,112.5,2433.6176,360.0,45.0,135.0
M012,20,treated,1,1,1,1045.1947,180.0,1225.1947,112.5,2450.3894,360.0,45.0,135.0
M013,1,treated,1,0,1,844.8687,0.0,844.8687,0.0,1689.7374,0.0,0.0,0.0
M013,2,treated,1,0,1,858.7716,0.0,858.7716,0.0,1717.5432,0.0,0.0,0.0
M013,3,treated,1,0,1,870.6359,0.0,870.6359,0.0,1741.2718,0.0,0.0,0.0
M013,4,treated,1,0,1,879.8515,0.0,879.8515,0.0,1759.703,0.0,0.0,0.0
M013,5,treated,1,0,1,886.2265,0.0,886.2265,0.0,1772.4531,0.0,0.0,0.0
M013,6,treated,1,0,1,890.0175,0.0,890.0175,0.0,1780.035,0.0,0.0,0.0
M013,7,treated,1,0,1,891.889,0.0,891.889,0.0,1783.7779,0.0,0.0,0.0
M013,8,treated,1,0,1,892.8084,0.0,892.8084,0.0,1785.6169,0.0,0.0,0.0
M013,9,treated,1,0,1,893.8938,0.0,893.8938,0.0,1787.7876,0.0,0.0,0.0
M013,10,treated,1,0,1,896.2367,0.0,896.2367,0.0,1792.4735,0.0,0.0,0.0
M013,11,treated,1,0,1,900.7303,0.0,900.7303,0.0,1801.4607,0.0,0.0,0.0
M013,12,treated,1,0,1,907.9282,0.0,907.9282,0.0,1815.8564,0.0,0.0,0.0
M013,13,treated,1,1,1,782.957,180.0,962.957,112.5,1925.914,360.0,45.0,135.0
M013,14,treated,1,1,1,795.4964,180.0,975.4964,112.5,1950.9928,360.0,45.0,135.0
M013,15,treated,1,1,1,809.8297,180.0,989.8297,112.5,1979.6594,360.0,45.0,135.0
M013,16,treated,1,1,1,824.9571,180.0,1004.9571,112.5,2009.9141,360.0,45.0,135.0
M013,17,treated,1,1,1,839.7532,180.0,1019.7532,112.5,2039.5064,360.0,45.0,135.0
M013,18,treated,1,1,1,853.1452,180.0,1033.1452,112.5,2066.2904,360.0,45.0,135.0
M013,19,treated,1,1,1,864.2817,180.0,1044.2817,112.5,2088.5635,360.0,45.0,135.0
M013,20,treated,1,1,1,872.6676,180.0,1052.6676,112.5,2105.3353,360.0,45.0,135.0
M014,1,treated,1,0,1,1166.7331,0.0,1166.7331,0.0,2333.4661,0.0,0.0,0.0
M014,2,treated,1,0,1,1180.6359,0.0,1180.6359,0.0,2361.2719,0.0,0.0,0.0
M014,3,treated,1,0,1,1192.5002,0.0,1192.5002,0.0,2385.0005,0.0,0.0,0.0
M014,4,treated,1,0,1,1201.7159,0.0,1201.7159,0.0,2403.4317,0.0,0.0,0.0
M014,5,treated,1,0,1,1208.0909,0.0,1208.0909,0.0,2416.1818,0.0,0.0,0.0
M014,6,treated,1,0,1,1211.8819,0.0,1211.8819,0.0,2423.7637,0.0,0.0,0.0
M014,7,treated,1,0,1,1213.7533,0.0,1213.7533,0.0,2427.5066,0.0,0.0,0.0
M014,8,treated,1,0,1,1214.6728,0.0,1214.6728,0.0,2429.3456,0.0,0.0,0.0
M014,9,treated,1,0,1,1215.7582,0.0,1215.7582,0.0,2431.5163,0.0,0.0,0.0
M014,10,treated,1,0,1,1218.1011,0.0,1218.1011,0.0,2436.2022,0.0,0.0,0.0
M014,11,treated,1,0,1,1222.5947,0.0,1222.5947,0.0,2445.1894,0.0,0.0,0.0
M014,12,treated,1,0,1,1229.7926,0.0,1229.7926,0.0,2459.5851,0.0,0.0,0.0
M014,13,treated,1,1,1,1104.8213,180.0,1284.8213,112.5,2569.6427,360.0,45.0,135.0
M014,14,treated,1,1,1,1117.3607,180.0,1297.3607,112.5,2594.7215,360.0,45.0,135.0
M014,15,treated,1,1,1,1131.6941,180.0,1311.6941,112.5,2623.3881,360.0,45.0,135.0
M014,16,treated,1,1,1,1146.8214,180.0,1326.8214,112.5,2653.6428,360.0,45.0,135.0
M014,17,treated,1,1,1,1161.6176,180.0,1341.6176,112.5,2683.2351,360.0,45.0,135.0
M014,18,treated,1,1,1,1175.0096,180.0,1355.0096,112.5,2710.0191,360.0,45.0,135.0
M014,19,treated,1,1,1,1186.1461,180.0,1366.1461,112.5,2732.2922,360.0,45.0,135.0
M014,20,treated,1,1,1,1194.532,180.0,1374.532,112.5,2749.064,360.0,45.0,135.0
M015,1,treated,1,0,1,964.1149,0.0,964.1149,0.0,1928.2299,0.0,0.0,0.0
M015,2,treated,1,0,1,978.0178,0.0,978.0178,0.0,1956.0356,0.0,0.0,0.0
M015,3,treated,1,0,1,989.8821,0.0,989.8821,0.0,1979.7642,0.0,0.0,0.0
M015,4,treated,1,0,1,999.0977,0.0,999.0977,0.0,1998.1954,0.0,0.0,0.0
M015,5,treated,1,0,1,1005.4728,0.0,1005.4728,0.0,2010.9455,0.0,0.0,0.0
M015,6,treated,1,0,1,1009.2637,0.0,1009.2637,0.0,2018.5275,0.0,0.0,0.0
M015,7,treated,1,0,1,1011.1352,0.0,1011.1352,0.0,2022.2704,0.0,0.0,0.0
M015,8,treated,1,0,1,1012.0547,0.0,1012.0547,0.0,2024.1093,0.0,0.0,0.0
M015,9,treated,1,0,1,1013.14,0.0,1013.14,0.0,2026.2801,0.0,0.0,0.0
M015,10,treated,1,0,1,1015.483,0.0,1015.483,0.0,2030.9659,0.0,0.0,0.0
M015,11,treated,1,0,1,1019.9766,0.0,1019.9766,0.0,2039.9531,0.0,0.0,0.0
M015,12,treated,1,0,1,1027.1744,0.0,1027.1744,0.0,2054.3489,0.0,0.0,0.0
M015,13,treated,1,1,1,902.2032,180.0,1082.2032,112.5,2164.4064,360.0,45.0,135.0
M015,14,treated,1,1,1,914.7426,180.0,1094.7426,112.5,2189.4852,360.0,45.0,135.0
M015,15,treated,1,1,1,929.0759,180.0,1109.0759,112.5,2218.1518,360.0,45.0,135.0
M015,16,treated,1,1,1,944.2033,180.0,1124.2033,112.5,2248.4066,360.0,45.0,135.0
M015,17,treated,1,1,1,958.9994,180.0,1138.9994,112.5,2277.9989,360.0,45.0,135.0
M015,18,treated,1,1,1,972.3914,180.0,1152.3914,112.5,2304.7828,360.0,45.0,135.0
M015,19,treated,1,1,1,983.528,180.0,1163.528,112.5,2327.0559,360.0,45.0,135.0
M015,20,treated,1,1,1,991.9138,180.0,1171.9138,112.5,2343.8277,360.0,45.0,135.0
M016,1,treated,1,0,1,901.1815,0.0,901.1815,0.0,1802.363,0.0,0.0,0.0
M016,2,treated,1,0,1,915.0844,0.0,915.0844,0.0,1830.1688,0.0,0.0,0.0
M016,3,treated,1,0,1,926.9487,0.0,926.9487,0.0,1853.8973,0.0,0.0,0.0
M016,4,treated,1,0,1,936.1643,0.0,936.1643,0.0,1872.3286,0.0,0.0,0.0
M016,5,treated,1,0,1,942.5393,0.0,942.5393,0.0,1885.0786,0.0,0.0,0.0
M016,6,treated,1,0,1,946.3303,0.0,946.3303,0.0,1892.6606,0.0,0.0,0.0
M016,7,treated,1,0,1,948.2018,0.0,948.2018,0.0,1896.4035,0.0,0.0,0.0
M016,8,treated,1,0,1,949.1212,0.0,949.1212,0.0,1898.2425,0.0,0.0,0.0
M016,9,treated,1,0,1,950.2066,0.0,950.2066,0.0,1900.4132,0.0,0.0,0.0
M016,10,treated,1,0,1,952.5495,0.0,952.5495,0.0,1905.099,0.0,0.0,0.0
M016,11,treated,1,0,1,957.0431,0.0,957.0431,0.0,1914.0863,0.0,0.0,0.0
M016,12,treated,1,0,1,964.241,0.0,964.241,0.0,1928.482,0.0,0.0,0.0
M016,13,treated,1,1,1,839.2698,180.0,1019.2698,112.5,2038.5396,360.0,45.0,135.0
M016,14,treated,1,1,1,851.8092,180.0,1031.8092,112.5,2063.6183,360.0,45.0,135.0
M016,15,treated,1,1,1,866.1425,180.0,1046.1425,112.5,2092.285,360.0,45.0,135.0
M016,16,treated,1,1,1,881.2699,180.0,1061.2699,112.5,2122.5397,360.0,45.0,135.0
M016,17,treated,1,1,1,896.066,180.0,1076.066,112.5,2152.132,360.0,45.0,135.0
M016,18,treated,1,1,1,909.458,180.0,1089.458,112.5,2178.916,360.0,45.0,135.0
M016,19,treated,1,1,1,920.5945,180.0,1100.5945,112.5,2201.189,360.0,45.0,135.0
M016,20,treated,1,1,1,928.9804,180.0,1108.9804,112.5,2217.9608,360.0,45.0,135.0
M017,1,treated,1,0,1,1069.8116,0.0,1069.8116,0.0,2139.6232,0.0,0.0,0.0
M017,2,treated,1,0,1,1083.7145,0.0,1083.7145,0.0,2167.4289,0.0,0.0,0.0
M017,3,treated,1,0,1,1095.5787,0.0,1095.5787,0.0,2191.1575,0.0,0.0,0.0
M017,4,treated,1,0,1,1104.7944,0.0,1104.7944,0.0,2209.5887,0.0,0.0,0.0
M017,5,treated,1,0,1,1111.1694,0.0,1111.1694,0.0,2222.3388,0.0,0.0,0.0
M017,6,treated,1,0,1,1114.9604,0.0,1114.9604,0.0,2229.9208,0.0,0.0,0.0
M017,7,treated,1,0,1,1116.8318,0.0,1116.8318,0.0,2233.6637,0.0,0.0,0.0
M017,8,treated,1,0,1,1117.7513,0.0,1117.7513,0.0,2235.5026,0.0,0.0,0.0
M017,9,treated,1,0,1,1118.8367,0.0,1118.8367,0.0,2237.6734,0.0,0.0,0.0
M017,10,treated,1,0,1,1121.1796,0.0,1121.1796,0.0,2242.3592,0.0,0.0,0.0
M017,11,treated,1,0,1,1125.6732,0.0,1125.6732,0.0,2251.3464,0.0,0.0,0.0
M017,12,treated,1,0,1,1132.8711,0.0,1132.8711,0.0,2265.7422,0.0,0.0,0.0
M017,13,treated,1,1,1,1007.8999,180.0,1187.8999,112.5,2375.7997,360.0,45.0,135.0
M017,14,treated,1,1,1,1020.4392,180.0,1200.4392,112.5,2400.8785,360.0,45.0,135.0
M017,15,treated,1,1,1,1034.7726,180.0,1214.7726,112.5,2429.5451,360.0,45.0,135.0
M017,16,treated,1,1,1,1049.8999,180.0,1229.8999,112.5,2459.7999,360.0,45.0,135.0
M017,17,treated,1,1,1,1064.6961,180.0,1244.6961,112.5,2489.3922,360.0,45.0,135.0
M017,18,treated,1,1,1,1078.0881,180.0,1258.0881,112.5,2516.1761,360.0,45.0,135.0
M017,19,treated,1,1,1,1089.2246,180.0,1269.2246,112.5,2538.4492,360.0,45.0,135.0
M017,20,treated,1,1,1,1097.6105,180.0,1277.6105,112.5,2555.221,360.0,45.0,135.0
M018,1,treated,1,0,1,1141.9437,0.0,1141.9437,0.0,2283.8873,0.0,0.0,0.0
M018,2,treated,1,0,1,1155.8465,0.0,1155.8465,0.0,2311.6931,0.0,0.0,0.0
M018,3,treated,1,0,1,1167.7108,0.0,1167.7108,0.0,2335.4217,0.0,0.0,0.0
M018,4,treated,1,0,1,1176.9265,0.0,1176.9265,0.0,2353.8529,0.0,0.0,0.0
M018,5,treated,1,0,1,1183.3015,0.0,1183.3015,0.0,2366.603,0.0,0.0,0.0
M018,6,treated,1,0,1,1187.0925,0.0,1187.0925,0.0,2374.1849,0.0,0.0,0.0
M018,7,treated,1,0,1,1188.9639,0.0,1188.9639,0.0,2377.9278,0.0,0.0,0.0
M018,8,treated,1,0,1,1189.8834,0.0,1189.8834,0.0,2379.7668,0.0,0.0,0.0
M018,9,treated,1,0,1,1190.9688,0.0,1190.9688,0.0,2381.9375,0.0,0.0,0.0
M018,10,treated,1,0,1,1193.3117,0.0,1193.3117,0.0,2386.6234,0.0,0.0,0.0
M018,11,treated,1,0,1,1197.8053,0.0,1197.8053,0.0,2395.6106,0.0,0.0,0.0
M018,12,treated,1,0,1,1205.0032,0.0,1205.0032,0.0,2410.0063,0.0,0.0,0.0
M018,13,treated,1,1,1,1080.0319,180.0,1260.0319,112.5,2520.0639,360.0,45.0,135.0
M018,14,treated,1,1,1,1092.5713,180.0,1272.5713,112.5,2545.1427,360.0,45.0,135.0
M018,15,treated,1,1,1,1106.9046,180.0,1286.9046,112.5,2573.8093,360.0,45.0,135.0
M018,16,treated,1,1,1,1122.032,180.0,1302.032,112.5,2604.064,360.0,45.0,135.0
M018,17,treated,1,1,1,1136.8282,180.0,1316.8282,112.5,2633.6563,360.0,45.0,135.0
M018,18,treated,1,1,1,1150.2201,180.0,1330.2201,112.5,2660.4403,360.0,45.0,135.0
M018,19,treated,1,1,1,1161.3567,180.0,1341.3567,112.5,2682.7134,360.0,45.0,135.0
M018,20,treated,1,1,1,1169.7426,180.0,1349.7426,112.5,2699.4852,360.0,45.0,135.0
M019,1,treated,1,0,1,875.5535,0.0,875.5535,0.0,1751.1069,0.0,0.0,0.0
M019,2,treated,1,0,1,889.4563,0.0,889.4563,0.0,1778.9127,0.0,0.0,0.0
M019,3,treated,1,0,1,901.3206,0.0,901.3206,0.0,1802.6413,0.0,0.0,0.0
M019,4,treated,1,0,1,910.5363,0.0,910.5363,0.0,1821.0725,0.0,0.0,0.0
M019,5,treated,1,0,1,916.9113,0.0,916.9113,0.0,1833.8226,0.0,0.0,0.0
M019,6,treated,1,0,1,920.7023,0.0,920.7023,0.0,1841.4045,0.0,0.0,0.0
M019,7,treated,1,0,1,922.5737,0.0,922.5737,0.0,1845.1474,0.0,0.0,0.0
M019,8,treated,1,0,1,923.4932,0.0,923.4932,0.0,1846.9864,0.0,0.0,0.0
M019,9,treated,1,0,1,924.5786,0.0,924.5786,0.0,1849.1571,0.0,0.0,0.0
M019,10,treated,1,0,1,926.9215,0.0,926.9215,0.0,1853.843,0.0,0.0,0.0
M019,11,treated,1,0,1,931.4151,0.0,931.4151,0.0,1862.8302,0.0,0.0,0.0
M019,12,treated,1,0,1,938.613,0.0,938.613,0.0,1877.2259,0.0,0.0,0.0
M019,13,treated,1,1,1,813.6417,180.0,993.6417,112.5,1987.2835,360.0,45.0,135.0
M019,14,treated,1,1,1,826.1811,180.0,1006.1811,112.5,2012.3623,360.0,45.0,135.0
M019,15,treated,1,1,1,840.5144,180.0,1020.5144,112.5,2041.0289,360.0,45.0,135.0
M019,16,treated,1,1,1,855.6418,180.0,1035.6418,112.5,2071.2836,360.0,45.0,135.0
M019,17,treated,1,1,1,870.438,180.0,1050.438,112.5,2100.8759,360.0,45.0,135.0
M019,18,treated,1,1,1,883.8299,180.0,1063.8299,112.5,2127.6599,360.0,45.0,135.0
M019,19,treated,1,1,1,894.9665,180.0,1074.9665,112.5,2149.933,360.0,45.0,135.0
M019,20,treated,1,1,1,903.3524,180.0,1083.3524,112.5,2166.7047,360.0,45.0,135.0
M020,1,treated,1,0,1,953.7725,0.0,953.7725,0.0,1907.5451,0.0,0.0,0.0
M020,2,treated,1,0,1,967.6754,0.0,967.6754,0.0,1935.3509,0.0,0.0,0.0
M020,3,treated,1,0,1,979.5397,0.0,979.5397,0.0,1959.0794,0.0,0.0,0.0
M020,4,treated,1,0,1,988.7553,0.0,988.7553,0.0,1977.5107,0.0,0.0,0.0
M020,5,treated,1,0,1,995.1304,0.0,995.1304,0.0,1990.2607,0.0,0.0,0.0
M020,6,treated,1,0,1,998.9214,0.0,998.9214,0.0,1997.8427,0.0,0.0,0.0
M020,7,treated,1,0,1,1000.7928,0.0,1000.7928,0.0,2001.5856,0.0,0.0,0.0
M020,8,treated,1,0,1,1001.7123,0.0,1001.7123,0.0,2003.4246,0.0,0.0,0.0
M020,9,treated,1,0,1,1002.7976,0.0,1002.7976,0.0,2005.5953,0.0,0.0,0.0
M020,10,treated,1,0,1,1005.1406,0.0,1005.1406,0.0,2010.2811,0.0,0.0,0.0
M020,11,treated,1,0,1,1009.6342,0.0,1009.6342,0.0,2019.2684,0.0,0.0,0.0
M020,12,treated,1,0,1,1016.8321,0.0,1016.8321,0.0,2033.6641,0.0,0.0,0.0
M020,13,treated,1,1,1,891.8608,180.0,1071.8608,112.5,2143.7217,360.0,45.0,135.0
M020,14,treated,1,1,1,904.4002,180.0,1084.4002,112.5,2168.8004,360.0,45.0,135.0
M020,15,treated,1,1,1,918.7335,180.0,1098.7335,112.5,2197.4671,360.0,45.0,135.0
M020,16,treated,1,1,1,933.8609,180.0,1113.8609,112.5,2227.7218,360.0,45.0,135.0
M020,17,treated,1,1,1,948.6571,180.0,1128.6571,112.5,2257.3141,360.0,45.0,135.0
M020,18,treated,1,1,1,962.049,180.0,1142.049,112.5,2284.0981,360.0,45.0,135.0
M020,19,treated,1,1,1,973.1856,180.0,1153.1856,112.5,2306.3711,360.0,45.0,135.0
M020,20,treated,1,1,1,981.5715,180.0,1161.5715,112.5,2323.1429,360.0,45.0,135.0
M021,1,treated,1,0,1,1033.1424,0.0,1033.1424,0.0,2066.2848,0.0,0.0,0.0
M021,2,treated,1,0,1,1047.0453,0.0,1047.0453,0.0,2094.0905,0.0,0.0,0.0
M021,3,treated,1,0,1,1058.9096,0.0,1058.9096,0.0,2117.8191,0.0,0.0,0.0
M021,4,treated,1,0,1,1068.1252,0.0,1068.1252,0.0,2136.2504,0.0,0.0,0.0
M021,5,treated,1,0,1,1074.5002,0.0,1074.5002,0.0,2149.0004,0.0,0.0,0.0
M021,6,treated,1,0,1,1078.2912,0.0,1078.2912,0.0,2156.5824,0.0,0.0,0.0
M021,7,treated,1,0,1,1080.1626,0.0,1080.1626,0.0,2160.3253,0.0,0.0,0.0
M021,8,treated,1,0,1,1081.0821,0.0,1081.0821,0.0,2162.1642,0.0,0.0,0.0
M021,9,treated,1,0,1,1082.1675,0.0,1082.1675,0.0,2164.335,0.0,0.0,0.0
M021,10,treated,1,0,1,1084.5104,0.0,1084.5104,0.0,2169.0208,0.0,0.0,0.0
M021,11,treated,1,0,1,1089.004,0.0,1089.004,0.0,2178.008,0.0,0.0,0.0
M021,12,treated,1,0,1,1096.2019,0.0,1096.2019,0.0,2192.4038,0.0,0.0,0.0
M021,13,treated,1,1,1,971.2307,180.0,1151.2307,112.5,2302.4614,360.0,45.0,135.0
M021,14,treated,1,1,1,983.7701,180.0,1163.7701,112.5,2327.5401,360.0,45.0,135.0
M021,15,treated,1,1,1,998.1034,180.0,1178.1034,112.5,2356.2068,360.0,45.0,135.0
M021,16,treated,1,1,1,1013.2307,180.0,1193.2307,112.5,2386.4615,360.0,45.0,135.0
M021,17,treated,1,1,1,1028.0269,180.0,1208.0269,112.5,2416.0538,360.0,45.0,135.0
M021,18,treated,1,1,1,1041.4189,180.0,1221.4189,112.5,2442.8378,360.0,45.0,135.0
M021,19,treated,1,1,1,1052.5554,180.0,1232.5554,112.5,2465.1108,360.0,45.0,135.0
M021,20,treated,1,1,1,1060.9413,180.0,1240.9413,112.5,2481.8826,360.0,45.0,135.0
M022,1,treated,1,0,1,955.2513,0.0,955.2513,0.0,1910.5027,0.0,0.0,0.0
M022,2,treated,1,0,1,969.1542,0.0,969.1542,0.0,1938.3084,0.0,0.0,0.0
M022,3,treated,1,0,1,981.0185,0.0,981.0185,0.0,1962.037,0.0,0.0,0.0
M022,4,treated,1,0,1,990.2341,0.0,990.2341,0.0,1980.4683,0.0,0.0,0.0
M022,5,treated,1,0,1,996.6092,0.0,996.6092,0.0,1993.2183,0.0,0.0,0.0
M022,6,treated,1,0,1,1000.4001,0.0,1000.4001,0.0,2000.8003,0.0,0.0,0.0
M022,7,treated,1,0,1,1002.2716,0.0,1002.2716,0.0,2004.5432,0.0,0.0,0.0
M022,8,treated,1,0,1,1003.1911,0.0,1003.1911,0.0,2006.3822,0.0,0.0,0.0
M022,9,treated,1,0,1,1004.2764,0.0,1004.2764,0.0,2008.5529,0.0,0.0,0.0
M022,10,treated,1,0,1,1006.6194,0.0,1006.6194,0.0,2013.2387,0.0,0.0,0.0
M022,11,treated,1,0,1,1011.113,0.0,1011.113,0.0,2022.2259,0.0,0.0,0.0
M022,12,treated,1,0,1,1018.3108,0.0,1018.3108,0.0,2036.6217,0.0,0.0,0.0
M022,13,treated,1,1,1,893.3396,180.0,1073.3396,112.5,2146.6793,360.0,45.0,135.0
M022,14,treated,1,1,1,905.879,180.0,1085.879,112.5,2171.758,360.0,45.0,135.0
M022,15,treated,1,1,1,920.2123,180.0,1100.2123,112.5,2200.4247,360.0,45.0,135.0
M022,16,treated,1,1,1,935.3397,180.0,1115.3397,112.5,2230.6794,360.0,45.0,135.0
M022,17,treated,1,1,1,950.1359,180.0,1130.1359,112.5,2260.2717,360.0,45.0,135.0
M022,18,treated,1,1,1,963.5278,180.0,1143.5278,112.5,2287.0557,360.0,45.0,135.0
M022,19,treated,1,1,1,974.6644,180.0,1154.6644,112.5,2309.3287,360.0,45.0,135.0
M022,20,treated,1,1,1,983.0503,180.0,1163.0503,112.5,2326.1005,360.0,45.0,135.0
M023,1,treated,1,0,1,794.5289,0.0,794.5289,0.0,1589.0578,0.0,0.0,0.0
M023,2,treated,1,0,1,808.4318,0.0,808.4318,0.0,1616.8635,0.0,0.0,0.0
M023,3,treated,1,0,1,820.2961,0.0,820.2961,0.0,1640.5921,0.0,0.0,0.0
M023,4,treated,1,0,1,829.5117,0.0,829.5117,0.0,1659.0233,0.0,0.0,0.0
M023,5,treated,1,0,1,835.8867,0.0,835.8867,0.0,1671.7734,0.0,0.0,0.0
M023,6,treated,1,0,1,839.6777,0.0,839.6777,0.0,1679.3554,0.0,0.0,0.0
M023,7,treated,1,0,1,841.5491,0.0,841.5491,0.0,1683.0983,0.0,0.0,0.0
M023,8,treated,1,0,1,842.4686,0.0,842.4686,0.0,1684.9372,0.0,0.0,0.0
M023,9,treated,1,0,1,843.554,0.0,843.554,0.0,1687.108,0.0,0.0,0.0
M023,10,treated,1,0,1,845.8969,0.0,845.8969,0.0,1691.7938,0.0,0.0,0.0
M023,11,treated,1,0,1,850.3905,0.0,850.3905,0.0,1700.781,0.0,0.0,0.0
M023,12,treated,1,0,1,857.5884,0.0,857.5884,0.0,1715.1768,0.0,0.0,0.0
M023,13,treated,1,1,1,732.6172,180.0,912.6172,112.5,1825.2343,360.0,45.0,135.0
M023,14,treated,1,1,1,745.1565,180.0,925.1565,112.5,1850.3131,360.0,45.0,135.0
M023,15,treated,1,1,1,759.4899,180.0,939.4899,112.5,1878.9797,360.0,45.0,135.0
M023,16,treated,1,1,1,774.6172,180.0,954.6172,112.5,1909.2345,360.0,45.0,135.0
M023,17,treated,1,1,1,789.4134,180.0,969.4134,112.5,1938.8268,360.0,45.0,135.0
M023,18,treated,1,1,1,802.8054,180.0,982.8054,112.5,1965.6107,360.0,45.0,135.0
M023,19,treated,1,1,1,813.9419,180.0,993.9419,112.5,1987.8838,360.0,45.0,135.0
M023,20,treated,1,1,1,822.3278,180.0,1002.3278,112.5,2004.6556,360.0,45.0,135.0
M024,1,treated,1,0,1,801.6264,0.0,801.6264,0.0,1603.2528,0.0,0.0,0.0
M024,2,treated,1,0,1,815.5293,0.0,815.5293,0.0,1631.0586,0.0,0.0,0.0
M024,3,treated,1,0,1,827.3936,0.0,827.3936,0.0,1654.7872,0.0,0.0,0.0
M024,4,treated,1,0,1,836.6092,0.0,836.6092,0.0,1673.2184,0.0,0.0,0.0
M024,5,treated,1,0,1,842.9842,0.0,842.9842,0.0,1685.9685,0.0,0.0,0.0
M024,6,treated,1,0,1,846.7752,0.0,846.7752,0.0,1693.5504,0.0,0.0,0.0
M024,7,treated,1,0,1,848.6467,0.0,848.6467,0.0,1697.2933,0.0,0.0,0.0
M024,8,treated,1,0,1,849.5661,0.0,849.5661,0.0,1699.1323,0.0,0.0,0.0
M024,9,treated,1,0,1,850.6515,0.0,850.6515,0.0,1701.303,0.0,0.0,0.0
M024,10,treated,1,0,1,852.9944,0.0,852.9944,0.0,1705.9889,0.0,0.0,0.0
M024,11,treated,1,0,1,857.488,0.0,857.488,0.0,1714.9761,0.0,0.0,0.0
M024,12,treated,1,0,1,864.6859,0.0,864.6859,0.0,1729.3718,0.0,0.0,0.0
M024,13,treated,1,1,1,739.7147,180.0,919.7147,112.5,1839.4294,360.0,45.0,135.0
M024,14,treated,1,1,1,752.2541,180.0,932.2541,112.5,1864.5082,360.0,45.0,135.0
M024,15,treated,1,1,1,766.5874,180.0,946.5874,112.5,1893.1748,360.0,45.0,135.0
M024,16,treated,1,1,1,781.7148,180.0,961.7148,112.5,1923.4295,360.0,45.0,135.0
M024,17,treated,1,1,1,796.5109,180.0,976.5109,112.5,1953.0218,360.0,45.0,135.0
M024,18,treated,1,1,1,809.9029,180.0,989.9029,112.5,1979.8058,360.0,45.0,135.0
M024,19,treated,1,1,1,821.0394,180.0,1001.0394,112.5,2002.0789,360.0,45.0,135.0
M024,20,treated,1,1,1,829.4253,180.0,1009.4253,112.5,2018.8506,360.0,45.0,135.0
M025,1,treated,1,0,1,1110.0435,0.0,1110.0435,0.0,2220.0869,0.0,0.0,0.0
M025,2,treated,1,0,1,1123.9463,0.0,1123.9463,0.0,2247.8927,0.0,0.0,0.0
M025,3,treated,1,0,1,1135.8106,0.0,1135.8106,0.0,2271.6213,0.0,0.0,0.0
M025,4,treated,1,0,1,1145.0263,0.0,1145.0263,0.0,2290.0525,0.0,0.0,0.0
M025,5,treated,1,0,1,1151.4013,0.0,1151.4013,0.0,2302.8026,0.0,0.0,0.0
M025,6,treated,1,0,1,1155.1923,0.0,1155.1923,0.0,2310.3846,0.0,0.0,0.0
M025,7,treated,1,0,1,1157.0637,0.0,1157.0637,0.0,2314.1275,0.0,0.0,0.0
M025,8,treated,1,0,1,1157.9832,0.0,1157.9832,0.0,2315.9664,0.0,0.0,0.0
M025,9,treated,1,0,1,1159.0686,0.0,1159.0686,0.0,2318.1371,0.0,0.0,0.0
M025,10,treated,1,0,1,1161.4115,0.0,1161.4115,0.0,2322.823,0.0,0.0,0.0
M025,11,treated,1,0,1,1165.9051,0.0,1165.9051,0.0,2331.8102,0.0,0.0,0.0
M025,12,treated,1,0,1,1173.103,0.0,1173.103,0.0,2346.206,0.0,0.0,0.0
M025,13,treated,1,1,1,1048.1318,180.0,1228.1318,112.5,2456.2635,360.0,45.0,135.0
M025,14,treated,1,1,1,1060.6711,180.0,1240.6711,112.5,2481.3423,360.0,45.0,135.0
M025,15,treated,1,1,1,1075.0045,180.0,1255.0045,112.5,2510.0089,360.0,45.0,135.0
M025,16,treated,1,1,1,1090.1318,180.0,1270.1318,112.5,2540.2636,360.0,45.0,135.0
M025,17,treated,1,1,1,1104.928,180.0,1284.928,112.5,2569.856,360.0,45.0,135.0
M025,18,treated,1,1,1,1118.32,180.0,1298.32,112.5,2596.6399,360.0,45.0,135.0
M025,19,treated,1,1,1,1129.4565,180.0,1309.4565,112.5,2618.913,360.0,45.0,135.0
M025,20,treated,1,1,1,1137.8424,180.0,1317.8424,112.5,2635.6848,360.0,45.0,135.0
M026,1,treated,1,0,1,921.7134,0.0,921.7134,0.0,1843.4268,0.0,0.0,0.0
M026,2,treated,1,0,1,935.6163,0.0,935.6163,0.0,1871.2325,0.0,0.0,0.0
M026,3,treated,1,0,1,947.4806,0.0,947.4806,0.0,1894.9611,0.0,0.0,0.0
M026,4,treated,1,0,1,956.6962,0.0,956.6962,0.0,1913.3924,0.0,0.0,0.0
M026,5,treated,1,0,1,963.0712,0.0,963.0712,0.0,1926.1424,0.0,0.0,0.0
M026,6,treated,1,0,1,966.8622,0.0,966.8622,0.0,1933.7244,0.0,0.0,0.0
M026,7,treated,1,0,1,968.7336,0.0,968.7336,0.0,1937.4673,0.0,0.0,0.0
M026,8,treated,1,0,1,969.6531,0.0,969.6531,0.0,1939.3062,0.0,0.0,0.0
M026,9,treated,1,0,1,970.7385,0.0,970.7385,0.0,1941.477,0.0,0.0,0.0
M026,10,treated,1,0,1,973.0814,0.0,973.0814,0.0,1946.1628,0.0,0.0,0.0
M026,11,treated,1,0,1,977.575,0.0,977.575,0.0,1955.15,0.0,0.0,0.0
M026,12,treated,1,0,1,984.7729,0.0,984.7729,0.0,1969.5458,0.0,0.0,0.0
M026,13,treated,1,1,1,859.8017,180.0,1039.8017,112.5,2079.6033,360.0,45.0,135.0
M026,14,treated,1,1,1,872.3411,180.0,1052.3411,112.5,2104.6821,360.0,45.0,135.0
M026,15,treated,1,1,1,886.6744,180.0,1066.6744,112.5,2133.3487,360.0,45.0,135.0
M026,16,treated,1,1,1,901.8017,180.0,1081.8017,112.5,2163.6035,360.0,45.0,135.0
M026,17,treated,1,1,1,916.5979,180.0,1096.5979,112.5,2193.1958,360.0,45.0,135.0
M026,18,treated,1,1,1,929.9899,180.0,1109.9899,112.5,2219.9797,360.0,45.0,135.0
M026,19,treated,1,1,1,941.1264,180.0,1121.1264,112.5,2242.2528,360.0,45.0,135.0
M026,20,treated,1,1,1,949.5123,180.0,1129.5123,112.5,2259.0246,360.0,45.0,135.0
M027,1,treated,1,0,1,950.7184,0.0,950.7184,0.0,1901.4369,0.0,0.0,0.0
M027,2,treated,1,0,1,964.6213,0.0,964.6213,0.0,1929.2426,0.0,0.0,0.0
M027,3,treated,1,0,1,976.4856,0.0,976.4856,0.0,1952.9712,0.0,0.0,0.0
M027,4,treated,1,0,1,985.7012,0.0,985.7012,0.0,1971.4025,0.0,0.0,0.0
M027,5,treated,1,0,1,992.0763,0.0,992.0763,0.0,1984.1525,0.0,0.0,0.0
M027,6,treated,1,0,1,995.8672,0.0,995.8672,0.0,1991.7345,0.0,0.0,0.0
M027,7,treated,1,0,1,997.7387,0.0,997.7387,0.0,1995.4774,0.0,0.0,0.0
M027,8,treated,1,0,1,998.6582,0.0,998.6582,0.0,1997.3163,0.0,0.0,0.0
M027,9,treated,1,0,1,999.7435,0.0,999.7435,0.0,1999.4871,0.0,0.0,0.0
M027,10,treated,1,0,1,1002.0865,0.0,1002.0865,0.0,2004.1729,0.0,0.0,0.0
M027,11,treated,1,0,1,1006.5801,0.0,1006.5801,0.0,2013.1601,0.0,0.0,0.0
M027,12,treated,1,0,1,1013.7779,0.0,1013.7779,0.0,2027.5559,0.0,0.0,0.0
M027,13,treated,1,1,1,888.8067,180.0,1068.8067,112.5,2137.6134,360.0,45.0,135.0
M027,14,treated,1,1,1,901.3461,180.0,1081.3461,112.5,2162.6922,360.0,45.0,135.0
M027,15,treated,1,1,1,915.6794,180.0,1095.6794,112.5,2191.3589,360.0,45.0,135.0
M027,16,treated,1,1,1,930.8068,180.0,1110.8068,112.5,2221.6136,360.0,45.0,135.0
M027,17,treated,1,1,1,945.6029,180.0,1125.6029,112.5,2251.2059,360.0,45.0,135.0
M027,18,treated,1,1,1,958.9949,180.0,1138.9949,112.5,2277.9899,360.0,45.0,135.0
M027,19,treated,1,1,1,970.1315,180.0,1150.1315,112.5,2300.2629,360.0,45.0,135.0
M027,20,treated,1,1,1,978.5174,180.0,1158.5174,112.5,2317.0347,360.0,45.0,135.0
M028,1,treated,1,0,1,1084.7339,0.0,1084.7339,0.0,2169.4678,0.0,0.0,0.0
M028,2,treated,1,0,1,1098.6368,0.0,1098.6368,0.0,2197.2736,0.0,0.0,0.0
M028,3,treated,1,0,1,1110.5011,0.0,1110.5011,0.0,2221.0022,0.0,0.0,0.0
M028,4,treated,1,0,1,1119.7167,0.0,1119.7167,0.0,2239.4334,0.0,0.0,0.0
M028,5,treated,1,0,1,1126.0917,0.0,1126.0917,0.0,2252.1835,0.0,0.0,0.0
M028,6,treated,1,0,1,1129.8827,0.0,1129.8827,0.0,2259.7654,0.0,0.0,0.0
M028,7,treated,1,0,1,1131.7542,0.0,1131.7542,0.0,2263.5083,0.0,0.0,0.0
M028,8,treated,1,0,1,1132.6737,0.0,1132.6737,0.0,2265.3473,0.0,0.0,0.0
M028,9,treated,1,0,1,1133.759,0.0,1133.759,0.0,2267.518,0.0,0.0,0.0
M028,10,treated,1,0,1,1136.1019,0.0,1136.1019,0.0,2272.2039,0.0,0.0,0.0
M028,11,treated,1,0,1,1140.5955,0.0,1140.5955,0.0,2281.1911,0.0,0.0,0.0
M028,12,treated,1,0,1,1147.7934,0.0,1147.7934,0.0,2295.5868,0.0,0.0,0.0
M028,13,treated,1,1,1,1022.8222,180.0,1202.8222,112.5,2405.6444,360.0,45.0,135.0
M028,14,treated,1,1,1,1035.3616,180.0,1215.3616,112.5,2430.7232,360.0,45.0,135.0
M028,15,treated,1,1,1,1049.6949,180.0,1229.6949,112.5,2459.3898,360.0,45.0,135.0
M028,16,treated,1,1,1,1064.8223,180.0,1244.8223,112.5,2489.6445,360.0,45.0,135.0
M028,17,treated,1,1,1,1079.6184,180.0,1259.6184,112.5,2519.2369,360.0,45.0,135.0
M028,18,treated,1,1,1,1093.0104,180.0,1273.0104,112.5,2546.0208,360.0,45.0,135.0
M028,19,treated,1,1,1,1104.1469,180.0,1284.1469,112.5,2568.2939,360.0,45.0,135.0
M028,20,treated,1,1,1,1112.5328,180.0,1292.5328,112.5,2585.0657,360.0,45.0,135.0
M029,1,treated,1,0,1,1083.1899,0.0,1083.1899,0.0,2166.3797,0.0,0.0,0.0
M029,2,treated,1,0,1,1097.0927,0.0,1097.0927,0.0,2194.1855,0.0,0.0,0.0
M029,3,treated,1,0,1,1108.957,0.0,1108.957,0.0,2217.9141,0.0,0.0,0.0
M029,4,treated,1,0,1,1118.1727,0.0,1118.1727,0.0,2236.3453,0.0,0.0,0.0
M029,5,treated,1,0,1,1124.5477,0.0,1124.5477,0.0,2249.0954,0.0,0.0,0.0
M029,6,treated,1,0,1,1128.3387,0.0,1128.3387,0.0,2256.6774,0.0,0.0,0.0
M029,7,treated,1,0,1,1130.2101,0.0,1130.2101,0.0,2260.4202,0.0,0.0,0.0
M029,8,treated,1,0,1,1131.1296,0.0,1131.1296,0.0,2262.2592,0.0,0.0,0.0
M029,9,treated,1,0,1,1132.215,0.0,1132.215,0.0,2264.4299,0.0,0.0,0.0
M029,10,treated,1,0,1,1134.5579,0.0,1134.5579,0.0,2269.1158,0.0,0.0,0.0
M029,11,treated,1,0,1,1139.0515,0.0,1139.0515,0.0,2278.103,0.0,0.0,0.0
M029,12,treated,1,0,1,1146.2494,0.0,1146.2494,0.0,2292.4987,0.0,0.0,0.0
M029,13,treated,1,1,1,1021.2782,180.0,1201.2782,112.5,2402.5563,360.0,45.0,135.0
M029,14,treated,1,1,1,1033.8175,180.0,1213.8175,112.5,2427.6351,360.0,45.0,135.0
M029,15,treated,1,1,1,1048.1509,180.0,1228.1509,112.5,2456.3017,360.0,45.0,135.0
M029,16,treated,1,1,1,1063.2782,180.0,1243.2782,112.5,2486.5564,360.0,45.0,135.0
M029,17,treated,1,1,1,1078.0744,180.0,1258.0744,112.5,2516.1488,360.0,45.0,135.0
M029,18,treated,1,1,1,1091.4664,180.0,1271.4664,112.5,2542.9327,360.0,45.0,135.0
M029,19,treated,1,1,1,1102.6029,180.0,1282.6029,112.5,2565.2058,360.0,45.0,135.0
M029,20,treated,1,1,1,1110.9888,180.0,1290.9888,112.5,2581.9776,360.0,45.0,135.0
M030,1,treated,1,0,1,1081.0605,0.0,1081.0605,0.0,2162.1209,0.0,0.0,0.0
M030,2,treated,1,0,1,1094.9634,0.0,1094.9634,0.0,2189.9267,0.0,0.0,0.0
M030,3,treated,1,0,1,1106.8276,0.0,1106.8276,0.0,2213.6553,0.0,0.0,0.0
M030,4,treated,1,0,1,1116.0433,0.0,1116.0433,0.0,2232.0865,0.0,0.0,0.0
M030,5,treated,1,0,1,1122.4183,0.0,1122.4183,0.0,2244.8366,0.0,0.0,0.0
M030,6,treated,1,0,1,1126.2093,0.0,1126.2093,0.0,2252.4186,0.0,0.0,0.0
M030,7,treated,1,0,1,1128.0807,0.0,1128.0807,0.0,2256.1615,0.0,0.0,0.0
M030,8,treated,1,0,1,1129.0002,0.0,1129.0002,0.0,2258.0004,0.0,0.0,0.0
M030,9,treated,1,0,1,1130.0856,0.0,1130.0856,0.0,2260.1712,0.0,0.0,0.0
M030,10,treated,1,0,1,1132.4285,0.0,1132.4285,0.0,2264.857,0.0,0.0,0.0
M030,11,treated,1,0,1,1136.9221,0.0,1136.9221,0.0,2273.8442,0.0,0.0,0.0
M030,12,treated,1,0,1,1144.12,0.0,1144.12,0.0,2288.24,0.0,0.0,0.0
M030,13,treated,1,1,1,1019.1488,180.0,1199.1488,112.5,2398.2975,360.0,45.0,135.0
M030,14,treated,1,1,1,1031.6881,180.0,1211.6881,112.5,2423.3763,360.0,45.0,135.0
M030,15,treated,1,1,1,1046.0215,180.0,1226.0215,112.5,2452.0429,360.0,45.0,135.0
M030,16,treated,1,1,1,1061.1488,180.0,1241.1488,112.5,2482.2977,360.0,45.0,135.0
M030,17,treated,1,1,1,1075.945,180.0,1255.945,112.5,2511.89,360.0,45.0,135.0
M030,18,treated,1,1,1,1089.337,180.0,1269.337,112.5,2538.6739,360.0,45.0,135.0
M030,19,treated,1,1,1,1100.4735,180.0,1280.4735,112.5,2560.947,360.0,45.0,135.0
M030,20,treated,1,1,1,1108.8594,180.0,1288.8594,112.5,2577.7188,360.0,45.0,135.0
M031,1,treated,1,0,1,800.4415,0.0,800.4415,0.0,1600.8829,0.0,0.0,0.0
M031,2,treated,1,0,1,814.3443,0.0,814.3443,0.0,1628.6887,0.0,0.0,0.0
M031,3,treated,1,0,1,826.2086,0.0,826.2086,0.0,1652.4173,0.0,0.0,0.0
M031,4,treated,1,0,1,835.4243,0.0,835.4243,0.0,1670.8485,0.0,0.0,0.0
M031,5,treated,1,0,1,841.7993,0.0,841.7993,0.0,1683.5986,0.0,0.0,0.0
M031,6,treated,1,0,1,845.5903,0.0,845.5903,0.0,1691.1805,0.0,0.0,0.0
M031,7,treated,1,0,1,847.4617,0.0,847.4617,0.0,1694.9234,0.0,0.0,0.0
M031,8,treated,1,0,1,848.3812,0.0,848.3812,0.0,1696.7624,0.0,0.0,0.0
M031,9,treated,1,0,1,849.4666,0.0,849.4666,0.0,1698.9331,0.0,0.0,0.0
M031,10,treated,1,0,1,851.8095,0.0,851.8095,0.0,1703.619,0.0,0.0,0.0
M031,11,treated,1,0,1,856.3031,0.0,856.3031,0.0,1712.6062,0.0,0.0,0.0
M031,12,treated,1,0,1,863.501,0.0,863.501,0.0,1727.0019,0.0,0.0,0.0
M031,13,treated,1,1,1,738.5298,180.0,918.5298,112.5,1837.0595,360.0,45.0,135.0
M031,14,treated,1,1,1,751.0691,180.0,931.0691,112.5,1862.1383,360.0,45.0,135.0
M031,15,treated,1,1,1,765.4025,180.0,945.4025,112.5,1890.8049,360.0,45.0,135.0
M031,16,treated,1,1,1,780.5298,180.0,960.5298,112.5,1921.0596,360.0,45.0,135.0
M031,17,treated,1,1,1,795.326,180.0,975.326,112.5,1950.6519,360.0,45.0,135.0
M031,18,treated,1,1,1,808.718,180.0,988.718,112.5,1977.4359,360.0,45.0,135.0
M031,19,treated,1,1,1,819.8545,180.0,999.8545,112.5,1999.709,360.0,45.0,135.0
M031,20,treated,1,1,1,828.2404,180.0,1008.2404,112.5,2016.4808,360.0,45.0,135.0
M032,1,treated,1,0,1,974.2305,0.0,974.2305,0.0,1948.461,0.0,0.0,0.0
M032,2,treated,1,0,1,988.1334,0.0,988.1334,0.0,1976.2668,0.0,0.0,0.0
M032,3,treated,1,0,1,999.9977,0.0,999.9977,0.0,1999.9953,0.0,0.0,0.0
M032,4,treated,1,0,1,1009.2133,0.0,1009.2133,0.0,2018.4266,0.0,0.0,0.0
M032,5,treated,1,0,1,1015.5883,0.0,1015.5883,0.0,2031.1766,0.0,0.0,0.0
M032,6,treated,1,0,1,1019.3793,0.0,1019.3793,0.0,2038.7586,0.0,0.0,0.0
M032,7,treated,1,0,1,1021.2508,0.0,1021.2508,0.0,2042.5015,0.0,0.0,0.0
M032,8,treated,1,0,1,1022.1702,0.0,1022.1702,0.0,2044.3405,0.0,0.0,0.0
M032,9,treated,1,0,1,1023.2556,0.0,1023.2556,0.0,2046.5112,0.0,0.0,0.0
M032,10,treated,1,0,1,1025.5985,0.0,1025.5985,0.0,2051.1971,0.0,0.0,0.0
M032,11,treated,1,0,1,1030.0921,0.0,1030.0921,0.0,2060.1843,0.0,0.0,0.0
M032,12,treated,1,0,1,1037.29,0.0,1037.29,0.0,2074.58,0.0,0.0,0.0
M032,13,treated,1,1,1,912.3188,180.0,1092.3188,112.5,2184.6376,360.0,45.0,135.0
M032,14,treated,1,1,1,924.8582,180.0,1104.8582,112.5,2209.7163,360.0,45.0,135.0
M032,15,treated,1,1,1,939.1915,180.0,1119.1915,112.5,2238.383,360.0,45.0,135.0
M032,16,treated,1,1,1,954.3189,180.0,1134.3189,112.5,2268.6377,360.0,45.0,135.0
M032,17,treated,1,1,1,969.115,180.0,1149.115,112.5,2298.23,360.0,45.0,135.0
M032,18,treated,1,1,1,982.507,180.0,1162.507,112.5,2325.014,360.0,45.0,135.0
M032,19,treated,1,1,1,993.6435,180.0,1173.6435,112.5,2347.287,360.0,45.0,135.0
M032,20,treated,1,1,1,1002.0294,180.0,1182.0294,112.5,2364.0588,360.0,45.0,135.0
M033,1,treated,1,0,1,948.1321,0.0,948.1321,0.0,1896.2641,0.0,0.0,0.0
M033,2,treated,1,0,1,962.0349,0.0,962.0349,0.0,1924.0699,0.0,0.0,0.0
M033,3,treated,1,0,1,973.8992,0.0,973.8992,0.0,1947.7985,0.0,0.0,0.0
M033,4,treated,1,0,1,983.1148,0.0,983.1148,0.0,1966.2297,0.0,0.0,0.0
M033,5,treated,1,0,1,989.4899,0.0,989.4899,0.0,1978.9798,0.0,0.0,0.0
M033,6,treated,1,0,1,993.2809,0.0,993.2809,0.0,1986.5617,0.0,0.0,0.0
M033,7,treated,1,0,1,995.1523,0.0,995.1523,0.0,1990.3046,0.0,0.0,0.0
M033,8,treated,1,0,1,996.0718,0.0,996.0718,0.0,1992.1436,0.0,0.0,0.0
M033,9,treated,1,0,1,997.1572,0.0,997.1572,0.0,1994.3143,0.0,0.0,0.0
M033,10,treated,1,0,1,999.5001,0.0,999.5001,0.0,1999.0002,0.0,0.0,0.0
M033,11,treated,1,0,1,1003.9937,0.0,1003.9937,0.0,2007.9874,0.0,0.0,0.0
M033,12,treated,1,0,1,1011.1916,0.0,1011.1916,0.0,2022.3831,0.0,0.0,0.0
M033,13,treated,1,1,1,886.2203,180.0,1066.2203,112.5,2132.4407,360.0,45.0,135.0
M033,14,treated,1,1,1,898.7597,180.0,1078.7597,112.5,2157.5194,360.0,45.0,135.0
M033,15,treated,1,1,1,913.093,180.0,1093.093,112.5,2186.1861,360.0,45.0,135.0
M033,16,treated,1,1,1,928.2204,180.0,1108.2204,112.5,2216.4408,360.0,45.0,135.0
M033,17,treated,1,1,1,943.0166,180.0,1123.0166,112.5,2246.0331,360.0,45.0,135.0
M033,18,treated,1,1,1,956.4085,180.0,1136.4085,112.5,2272.8171,360.0,45.0,135.0
M033,19,treated,1,1,1,967.5451,180.0,1147.5451,112.5,2295.0902,360.0,45.0,135.0
M033,20,treated,1,1,1,975.931,180.0,1155.931,112.5,2311.8619,360.0,45.0,135.0
M034,1,treated,1,0,1,897.659,0.0,897.659,0.0,1795.3179,0.0,0.0,0.0
M034,2,treated,1,0,1,911.5618,0.0,911.5618,0.0,1823.1237,0.0,0.0,0.0
M034,3,treated,1,0,1,923.4261,0.0,923.4261,0.0,1846.8523,0.0,0.0,0.0
M034,4,treated,1,0,1,932.6418,0.0,932.6418,0.0,1865.2835,0.0,0.0,0.0
M034,5,treated,1,0,1,939.0168,0.0,939.0168,0.0,1878.0336,0.0,0.0,0.0
M034,6,treated,1,0,1,942.8078,0.0,942.8078,0.0,1885.6155,0.0,0.0,0.0
M034,7,treated,1,0,1,944.6792,0.0,944.6792,0.0,1889.3584,0.0,0.0,0.0
M034,8,treated,1,0,1,945.5987,0.0,945.5987,0.0,1891.1974,0.0,0.0,0.0
M034,9,treated,1,0,1,946.6841,0.0,946.6841,0.0,1893.3681,0.0,0.0,0.0
M034,10,treated,1,0,1,949.027,0.0,949.027,0.0,1898.054,0.0,0.0,0.0
M034,11,treated,1,0,1,953.5206,0.0,953.5206,0.0,1907.0412,0.0,0.0,0.0
M034,12,treated,1,0,1,960.7185,0.0,960.7185,0.0,1921.4369,0.0,0.0,0.0
M034,13,treated,1,1,1,835.7473,180.0,1015.7473,112.5,2031.4945,360.0,45.0,135.0
M034,14,treated,1,1,1,848.2866,180.0,1028.2866,112.5,2056.5733,360.0,45.0,135.0
M034,15,treated,1,1,1,862.62,180.0,1042.62,112.5,2085.2399,360.0,45.0,135.0
M034,16,treated,1,1,1,877.7473,180.0,1057.7473,112.5,2115.4946,360.0,45.0,135.0
M034,17,treated,1,1,1,892.5435,180.0,1072.5435,112.5,2145.087,360.0,45.0,135.0
M034,18,treated,1,1,1,905.9355,180.0,1085.9355,112.5,2171.8709,360.0,45.0,135.0
M034,19,treated,1,1,1,917.072,180.0,1097.072,112.5,2194.144,360.0,45.0,135.0
M034,20,treated,1,1,1,925.4579,180.0,1105.4579,112.5,2210.9158,360.0,45.0,135.0
M035,1,treated,1,0,1,992.6554,0.0,992.6554,0.0,1985.3109,0.0,0.0,0.0
M035,2,treated,1,0,1,1006.5583,0.0,1006.5583,0.0,2013.1166,0.0,0.0,0.0
M035,3,treated,1,0,1,1018.4226,0.0,1018.4226,0.0,2036.8452,0.0,0.0,0.0
M035,4,treated,1,0,1,1027.6382,0.0,1027.6382,0.0,2055.2764,0.0,0.0,0.0
M035,5,treated,1,0,1,1034.0133,0.0,1034.0133,0.0,2068.0265,0.0,0.0,0.0
M035,6,treated,1,0,1,1037.8042,0.0,1037.8042,0.0,2075.6085,0.0,0.0,0.0
M035,7,treated,1,0,1,1039.6757,0.0,1039.6757,0.0,2079.3514,0.0,0.0,0.0
M035,8,treated,1,0,1,1040.5952,0.0,1040.5952,0.0,2081.1903,0.0,0.0,0.0
M035,9,treated,1,0,1,1041.6805,0.0,1041.6805,0.0,2083.3611,0.0,0.0,0.0
M035,10,treated,1,0,1,1044.0235,0.0,1044.0235,0.0,2088.0469,0.0,0.0,0.0
M035,11,treated,1,0,1,1048.5171,0.0,1048.5171,0.0,2097.0341,0.0,0.0,0.0
M035,12,treated,1,0,1,1055.7149,0.0,1055.7149,0.0,2111.4299,0.0,0.0,0.0
M035,13,treated,1,1,1,930.7437,180.0,1110.7437,112.5,2221.4874,360.0,45.0,135.0
M035,14,treated,1,1,1,943.2831,180.0,1123.2831,112.5,2246.5662,360.0,45.0,135.0
M035,15,treated,1,1,1,957.6164,180.0,1137.6164,112.5,2275.2328,360.0,45.0,135.0
M035,16,treated,1,1,1,972.7438,180.0,1152.7438,112.5,2305.4876,360.0,45.0,135.0
M035,17,treated,1,1,1,987.5399,180.0,1167.5399,112.5,2335.0799,360.0,45.0,135.0
M035,18,treated,1,1,1,1000.9319,180.0,1180.9319,112.5,2361.8638,360.0,45.0,135.0
M035,19,treated,1,1,1,1012.0685,180.0,1192.0685,112.5,2384.1369,360.0,45.0,135.0
M035,20,treated,1,1,1,1020.4543,180.0,1200.4543,112.5,2400.9087,360.0,45.0,135.0
M036,1,treated,1,0,1,1008.9792,0.0,1008.9792,0.0,2017.9583,0.0,0.0,0.0
M036,2,treated,1,0,1,1022.882,0.0,1022.882,0.0,2045.7641,0.0,0.0,0.0
M036,3,treated,1,0,1,1034.7463,0.0,1034.7463,0.0,2069.4927,0.0,0.0,0.0
M036,4,treated,1,0,1,1043.9619,0.0,1043.9619,0.0,2087.9239,0.0,0.0,0.0
M036,5,treated,1,0,1,1050.337,0.0,1050.337,0.0,2100.674,0.0,0.0,0.0
M036,6,treated,1,0,1,1054.128,0.0,1054.128,0.0,2108.2559,0.0,0.0,0.0
M036,7,treated,1,0,1,1055.9994,0.0,1055.9994,0.0,2111.9988,0.0,0.0,0.0
M036,8,treated,1,0,1,1056.9189,0.0,1056.9189,0.0,2113.8378,0.0,0.0,0.0
M036,9,treated,1,0,1,1058.0043,0.0,1058.0043,0.0,2116.0085,0.0,0.0,0.0
M036,10,treated,1,0,1,1060.3472,0.0,1060.3472,0.0,2120.6944,0.0,0.0,0.0
M036,11,treated,1,0,1,1064.8408,0.0,1064.8408,0.0,2129.6816,0.0,0.0,0.0
M036,12,treated,1,0,1,1072.0387,0.0,1072.0387,0.0,2144.0773,0.0,0.0,0.0
M036,13,treated,1,1,1,947.0674,180.0,1127.0674,112.5,2254.1349,360.0,45.0,135.0
M036,14,treated,1,1,1,959.6068,180.0,1139.6068,112.5,2279.2136,360.0,45.0,135.0
M036,15,treated,1,1,1,973.9401,180.0,1153.9401,112.5,2307.8803,360.0,45.0,135.0
M036,16,treated,1,1,1,989.0675,180.0,1169.0675,112.5,2338.135,360.0,45.0,135.0
M036,17,treated,1,1,1,1003.8637,180.0,1183.8637,112.5,2367.7273,360.0,45.0,135.0
M036,18,treated,1,1,1,1017.2556,180.0,1197.2556,112.5,2394.5113,360.0,45.0,135.0
M036,19,treated,1,1,1,1028.3922,180.0,1208.3922,112.5,2416.7844,360.0,45.0,135.0
M036,20,treated,1,1,1,1036.7781,180.0,1216.7781,112.5,2433.5561,360.0,45.0,135.0
M037,1,treated,1,0,1,1088.4685,0.0,1088.4685,0.0,2176.9371,0.0,0.0,0.0
M037,2,treated,1,0,1,1102.3714,0.0,1102.3714,0.0,2204.7428,0.0,0.0,0.0
M037,3,treated,1,0,1,1114.2357,0.0,1114.2357,0.0,2228.4714,0.0,0.0,0.0
M037,4,treated,1,0,1,1123.4513,0.0,1123.4513,0.0,2246.9027,0.0,0.0,0.0
M037,5,treated,1,0,1,1129.8264,0.0,1129.8264,0.0,2259.6527,0.0,0.0,0.0
M037,6,treated,1,0,1,1133.6173,0.0,1133.6173,0.0,2267.2347,0.0,0.0,0.0
M037,7,treated,1,0,1,1135.4888,0.0,1135.4888,0.0,2270.9776,0.0,0.0,0.0
M037,8,treated,1,0,1,1136.4083,0.0,1136.4083,0.0,2272.8166,0.0,0.0,0.0
M037,9,treated,1,0,1,1137.4936,0.0,1137.4936,0.0,2274.9873,0.0,0.0,0.0
M037,10,treated,1,0,1,1139.8366,0.0,1139.8366,0.0,2279.6731,0.0,0.0,0.0
M037,11,treated,1,0,1,1144.3302,0.0,1144.3302,0.0,2288.6603,0.0,0.0,0.0
M037,12,treated,1,0,1,1151.528,0.0,1151.528,0.0,2303.0561,0.0,0.0,0.0
M037,13,treated,1,1,1,1026.5568,180.0,1206.5568,112.5,2413.1137,360.0,45.0,135.0
M037,14,treated,1,1,1,1039.0962,180.0,1219.0962,112.5,2438.1924,360.0,45.0,135.0
M037,15,treated,1,1,1,1053.4295,180.0,1233.4295,112.5,2466.8591,360.0,45.0,135.0
M037,16,treated,1,1,1,1068.5569,180.0,1248.5569,112.5,2497.1138,360.0,45.0,135.0
M037,17,treated,1,1,1,1083.3531,180.0,1263.3531,112.5,2526.7061,360.0,45.0,135.0
M037,18,treated,1,1,1,1096.745,180.0,1276.745,112.5,2553.4901,360.0,45.0,135.0
M037,19,treated,1,1,1,1107.8816,180.0,1287.8816,112.5,2575.7631,360.0,45.0,135.0
M037,20,treated,1,1,1,1116.2675,180.0,1296.2675,112.5,2592.5349,360.0,45.0,135.0
M038,1,treated,1,0,1,949.3534,0.0,949.3534,0.0,1898.7067,0.0,0.0,0.0
M038,2,treated,1,0,1,963.2562,0.0,963.2562,0.0,1926.5125,0.0,0.0,0.0
M038,3,treated,1,0,1,975.1205,0.0,975.1205,0.0,1950.2411,0.0,0.0,0.0
M038,4,treated,1,0,1,984.3362,0.0,984.3362,0.0,1968.6723,0.0,0.0,0.0
M038,5,treated,1,0,1,990.7112,0.0,990.7112,0.0,1981.4224,0.0,0.0,0.0
M038,6,treated,1,0,1,994.5022,0.0,994.5022,0.0,1989.0043,0.0,0.0,0.0
M038,7,treated,1,0,1,996.3736,0.0,996.3736,0.0,1992.7472,0.0,0.0,0.0
M038,8,treated,1,0,1,997.2931,0.0,997.2931,0.0,1994.5862,0.0,0.0,0.0
M038,9,treated,1,0,1,998.3785,0.0,998.3785,0.0,1996.7569,0.0,0.0,0.0
M038,10,treated,1,0,1,1000.7214,0.0,1000.7214,0.0,2001.4428,0.0,0.0,0.0
M038,11,treated,1,0,1,1005.215,0.0,1005.215,0.0,2010.43,0.0,0.0,0.0
M038,12,treated,1,0,1,1012.4129,0.0,1012.4129,0.0,2024.8257,0.0,0.0,0.0
M038,13,treated,1,1,1,887.4416,180.0,1067.4416,112.5,2134.8833,360.0,45.0,135.0
M038,14,treated,1,1,1,899.981,180.0,1079.981,112.5,2159.9621,360.0,45.0,135.0
M038,15,treated,1,1,1,914.3144,180.0,1094.3144,112.5,2188.6287,360.0,45.0,135.0
M038,16,treated,1,1,1,929.4417,180.0,1109.4417,112.5,2218.8834,360.0,45.0,135.0
M038,17,treated,1,1,1,944.2379,180.0,1124.2379,112.5,2248.4757,360.0,45.0,135.0
M038,18,treated,1,1,1,957.6299,180.0,1137.6299,112.5,2275.2597,360.0,45.0,135.0
M038,19,treated,1,1,1,968.7664,180.0,1148.7664,112.5,2297.5328,360.0,45.0,135.0
M038,20,treated,1,1,1,977.1523,180.0,1157.1523,112.5,2314.3046,360.0,45.0,135.0
M039,1,treated,1,0,1,831.8258,0.0,831.8258,0.0,1663.6517,0.0,0.0,0.0
M039,2,treated,1,0,1,845.7287,0.0,845.7287,0.0,1691.4574,0.0,0.0,0.0
M039,3,treated,1,0,1,857.593,0.0,857.593,0.0,1715.186,0.0,0.0,0.0
M039,4,treated,1,0,1,866.8086,0.0,866.8086,0.0,1733.6173,0.0,0.0,0.0
M039,5,treated,1,0,1,873.1837,0.0,873.1837,0.0,1746.3673,0.0,0.0,0.0
M039,6,treated,1,0,1,876.9747,0.0,876.9747,0.0,1753.9493,0.0,0.0,0.0
M039,7,treated,1,0,1,878.8461,0.0,878.8461,0.0,1757.6922,0.0,0.0,0.0
M039,8,treated,1,0,1,879.7656,0.0,879.7656,0.0,1759.5312,0.0,0.0,0.0
M039,9,treated,1,0,1,880.8509,0.0,880.8509,0.0,1761.7019,0.0,0.0,0.0
M039,10,treated,1,0,1,883.1939,0.0,883.1939,0.0,1766.3877,0.0,0.0,0.0
M039,11,treated,1,0,1,887.6875,0.0,887.6875,0.0,1775.375,0.0,0.0,0.0
M039,12,treated,1,0,1,894.8854,0.0,894.8854,0.0,1789.7707,0.0,0.0,0.0
M039,13,treated,1,1,1,769.9141,180.0,949.9141,112.5,1899.8283,360.0,45.0,135.0
M039,14,treated,1,1,1,782.4535,180.0,962.4535,112.5,1924.907,360.0,45.0,135.0
M039,15,treated,1,1,1,796.7868,180.0,976.7868,112.5,1953.5737,360.0,45.0,135.0
M039,16,treated,1,1,1,811.9142,180.0,991.9142,112.5,1983.8284,360.0,45.0,135.0
M039,17,treated,1,1,1,826.7104,180.0,1006.7104,112.5,2013.4207,360.0,45.0,135.0
M039,18,treated,1,1,1,840.1023,180.0,1020.1023,112.5,2040.2047,360.0,45.0,135.0
M039,19,treated,1,1,1,851.2389,180.0,1031.2389,112.5,2062.4777,360.0,45.0,135.0
M039,20,treated,1,1,1,859.6248,180.0,1039.6248,112.5,2079.2495,360.0,45.0,135.0
M040,1,treated,1,0,1,1009.5744,0.0,1009.5744,0.0,2019.1489,0.0,0.0,0.0
M040,2,treated,1,0,1,1023.4773,0.0,1023.4773,0.0,2046.9546,0.0,0.0,0.0
M040,3,treated,1,0,1,1035.3416,0.0,1035.3416,0.0,2070.6832,0.0,0.0,0.0
M040,4,treated,1,0,1,1044.5572,0.0,1044.5572,0.0,2089.1145,0.0,0.0,0.0
M040,5,treated,1,0,1,1050.9323,0.0,1050.9323,0.0,2101.8645,0.0,0.0,0.0
M040,6,treated,1,0,1,1054.7233,0.0,1054.7233,0.0,2109.4465,0.0,0.0,0.0
M040,7,treated,1,0,1,1056.5947,0.0,1056.5947,0.0,2113.1894,0.0,0.0,0.0
M040,8,treated,1,0,1,1057.5142,0.0,1057.5142,0.0,2115.0284,0.0,0.0,0.0
M040,9,treated,1,0,1,1058.5995,0.0,1058.5995,0.0,2117.1991,0.0,0.0,0.0
M040,10,treated,1,0,1,1060.9425,0.0,1060.9425,0.0,2121.8849,0.0,0.0,0.0
M040,11,treated,1,0,1,1065.4361,0.0,1065.4361,0.0,2130.8722,0.0,0.0,0.0
M040,12,treated,1,0,1,1072.634,0.0,1072.634,0.0,2145.2679,0.0,0.0,0.0
M040,13,treated,1,1,1,947.6627,180.0,1127.6627,112.5,2255.3255,360.0,45.0,135.0
M040,14,treated,1,1,1,960.2021,180.0,1140.2021,112.5,2280.4042,360.0,45.0,135.0
M040,15,treated,1,1,1,974.5354,180.0,1154.5354,112.5,2309.0709,360.0,45.0,135.0
M040,16,treated,1,1,1,989.6628,180.0,1169.6628,112.5,2339.3256,360.0,45.0,135.0
M040,17,treated,1,1,1,1004.459,180.0,1184.459,112.5,2368.9179,360.0,45.0,135.0
M040,18,treated,1,1,1,1017.8509,180.0,1197.8509,112.5,2395.7019,360.0,45.0,135.0
M040,19,treated,1,1,1,1028.9875,180.0,1208.9875,112.5,2417.9749,360.0,45.0,135.0
M040,20,treated,1,1,1,1037.3734,180.0,1217.3734,112.5,2434.7467,360.0,45.0,135.0
M041,1,matched_control,0,0,1,874.9275,0.0,874.9275,0.0,1749.8551,0.0,0.0,0.0
M041,2,matched_control,0,0,1,888.8304,0.0,888.8304,0.0,1777.6608,0.0,0.0,0.0
M041,3,matched_control,0,0,1,900.6947,0.0,900.6947,0.0,1801.3894,0.0,0.0,0.0
M041,4,matched_control,0,0,1,909.9103,0.0,909.9103,0.0,1819.8206,0.0,0.0,0.0
M041,5,matched_control,0,0,1,916.2854,0.0,916.2854,0.0,1832.5707,0.0,0.0,0.0
M041,6,matched_control,0,0,1,920.0763,0.0,920.0763,0.0,1840.1527,0.0,0.0,0.0
M041,7,matched_control,0,0,1,921.9478,0.0,921.9478,0.0,1843.8956,0.0,0.0,0.0
M041,8,matched_control,0,0,1,922.8673,0.0,922.8673,0.0,1845.7345,0.0,0.0,0.0
M041,9,matched_control,0,0,1,923.9526,0.0,923.9526,0.0,1847.9053,0.0,0.0,0.0
M041,10,matched_control,0,0,1,926.2956,0.0,926.2956,0.0,1852.5911,0.0,0.0,0.0
M041,11,matched_control,0,0,1,930.7892,0.0,930.7892,0.0,1861.5783,0.0,0.0,0.0
M041,12,matched_control,0,0,1,937.987,0.0,937.987,0.0,1875.9741,0.0,0.0,0.0
M041,13,matched_control,0,1,1,948.0158,0.0,948.0158,0.0,1896.0316,0.0,0.0,0.0
M041,14,matched_control,0,1,1,960.5552,0.0,960.5552,0.0,1921.1104,0.0,0.0,0.0
M041,15,matched_control,0,1,1,974.8885,0.0,974.8885,0.0,1949.777,0.0,0.0,0.0
M041,16,matched_control,0,1,1,990.0159,0.0,990.0159,0.0,1980.0318,0.0,0.0,0.0
M041,17,matched_control,0,1,1,1004.812,0.0,1004.812,0.0,2009.6241,0.0,0.0,0.0
M041,18,matched_control,0,1,1,1018.204,0.0,1018.204,0.0,2036.408,0.0,0.0,0.0
M041,19,matched_control,0,1,1,1029.3406,0.0,1029.3406,0.0,2058.6811,0.0,0.0,0.0
M041,20,matched_control,0,1,1,1037.7264,0.0,1037.7264,0.0,2075.4529,0.0,0.0,0.0
M042,1,matched_control,0,0,1,966.4389,0.0,966.4389,0.0,1932.8778,0.0,0.0,0.0
M042,2,matched_control,0,0,1,980.3418,0.0,980.3418,0.0,1960.6836,0.0,0.0,0.0
M042,3,matched_control,0,0,1,992.2061,0.0,992.2061,0.0,1984.4122,0.0,0.0,0.0
M042,4,matched_control,0,0,1,1001.4217,0.0,1001.4217,0.0,2002.8434,0.0,0.0,0.0
M042,5,matched_control,0,0,1,1007.7967,0.0,1007.7967,0.0,2015.5935,0.0,0.0,0.0
M042,6,matched_control,0,0,1,1011.5877,0.0,1011.5877,0.0,2023.1755,0.0,0.0,0.0
M042,7,matched_control,0,0,1,1013.4592,0.0,1013.4592,0.0,2026.9184,0.0,0.0,0.0
M042,8,matched_control,0,0,1,1014.3787,0.0,1014.3787,0.0,2028.7573,0.0,0.0,0.0
M042,9,matched_control,0,0,1,1015.464,0.0,1015.464,0.0,2030.928,0.0,0.0,0.0
M042,10,matched_control,0,0,1,1017.8069,0.0,1017.8069,0.0,2035.6139,0.0,0.0,0.0
M042,11,matched_control,0,0,1,1022.3006,0.0,1022.3006,0.0,2044.6011,0.0,0.0,0.0
M042,12,matched_control,0,0,1,1029.4984,0.0,1029.4984,0.0,2058.9969,0.0,0.0,0.0
M042,13,matched_control,0,1,1,1039.5272,0.0,1039.5272,0.0,2079.0544,0.0,0.0,0.0
M042,14,matched_control,0,1,1,1052.0666,0.0,1052.0666,0.0,2104.1332,0.0,0.0,0.0
M042,15,matched_control,0,1,1,1066.3999,0.0,1066.3999,0.0,2132.7998,0.0,0.0,0.0
M042,16,matched_control,0,1,1,1081.5273,0.0,1081.5273,0.0,2163.0546,0.0,0.0,0.0
M042,17,matched_control,0,1,1,1096.3234,0.0,1096.3234,0.0,2192.6469,0.0,0.0,0.0
M042,18,matched_control,0,1,1,1109.7154,0.0,1109.7154,0.0,2219.4308,0.0,0.0,0.0
M042,19,matched_control,0,1,1,1120.8519,0.0,1120.8519,0.0,2241.7039,0.0,0.0,0.0
M042,20,matched_control,0,1,1,1129.2378,0.0,1129.2378,0.0,2258.4757,0.0,0.0,0.0
M043,1,matched_control,0,0,1,1064.2379,0.0,1064.2379,0.0,2128.4759,0.0,0.0,0.0
M043,2,matched_control,0,0,1,1078.1408,0.0,1078.1408,0.0,2156.2816,0.0,0.0,0.0
M043,3,matched_control,0,0,1,1090.0051,0.0,1090.0051,0.0,2180.0102,0.0,0.0,0.0
M043,4,matched_control,0,0,1,1099.2207,0.0,1099.2207,0.0,2198.4415,0.0,0.0,0.0
M043,5,matched_control,0,0,1,1105.5958,0.0,1105.5958,0.0,2211.1915,0.0,0.0,0.0
M043,6,matched_control,0,0,1,1109.3868,0.0,1109.3868,0.0,2218.7735,0.0,0.0,0.0
M043,7,matched_control,0,0,1,1111.2582,0.0,1111.2582,0.0,2222.5164,0.0,0.0,0.0
M043,8,matched_control,0,0,1,1112.1777,0.0,1112.1777,0.0,2224.3554,0.0,0.0,0.0
M043,9,matched_control,0,0,1,1113.263,0.0,1113.263,0.0,2226.5261,0.0,0.0,0.0
M043,10,matched_control,0,0,1,1115.606,0.0,1115.606,0.0,2231.2119,0.0,0.0,0.0
M043,11,matched_control,0,0,1,1120.0996,0.0,1120.0996,0.0,2240.1992,0.0,0.0,0.0
M043,12,matched_control,0,0,1,1127.2975,0.0,1127.2975,0.0,2254.5949,0.0,0.0,0.0
M043,13,matched_control,0,1,1,1137.3262,0.0,1137.3262,0.0,2274.6525,0.0,0.0,0.0
M043,14,matched_control,0,1,1,1149.8656,0.0,1149.8656,0.0,2299.7312,0.0,0.0,0.0
M043,15,matched_control,0,1,1,1164.1989,0.0,1164.1989,0.0,2328.3979,0.0,0.0,0.0
M043,16,matched_control,0,1,1,1179.3263,0.0,1179.3263,0.0,2358.6526,0.0,0.0,0.0
M043,17,matched_control,0,1,1,1194.1225,0.0,1194.1225,0.0,2388.2449,0.0,0.0,0.0
M043,18,matched_control,0,1,1,1207.5144,0.0,1207.5144,0.0,2415.0289,0.0,0.0,0.0
M043,19,matched_control,0,1,1,1218.651,0.0,1218.651,0.0,2437.3019,0.0,0.0,0.0
M043,20,matched_control,0,1,1,1227.0369,0.0,1227.0369,0.0,2454.0737,0.0,0.0,0.0
M044,1,matched_control,0,0,1,876.0584,0.0,876.0584,0.0,1752.1168,0.0,0.0,0.0
M044,2,matched_control,0,0,1,889.9613,0.0,889.9613,0.0,1779.9225,0.0,0.0,0.0
M044,3,matched_control,0,0,1,901.8256,0.0,901.8256,0.0,1803.6511,0.0,0.0,0.0
M044,4,matched_control,0,0,1,911.0412,0.0,911.0412,0.0,1822.0824,0.0,0.0,0.0
M044,5,matched_control,0,0,1,917.4162,0.0,917.4162,0.0,1834.8324,0.0,0.0,0.0
M044,6,matched_control,0,0,1,921.2072,0.0,921.2072,0.0,1842.4144,0.0,0.0,0.0
M044,7,matched_control,0,0,1,923.0786,0.0,923.0786,0.0,1846.1573,0.0,0.0,0.0
M044,8,matched_control,0,0,1,923.9981,0.0,923.9981,0.0,1847.9963,0.0,0.0,0.0
M044,9,matched_control,0,0,1,925.0835,0.0,925.0835,0.0,1850.167,0.0,0.0,0.0
M044,10,matched_control,0,0,1,927.4264,0.0,927.4264,0.0,1854.8528,0.0,0.0,0.0
M044,11,matched_control,0,0,1,931.92,0.0,931.92,0.0,1863.84,0.0,0.0,0.0
M044,12,matched_control,0,0,1,939.1179,0.0,939.1179,0.0,1878.2358,0.0,0.0,0.0
M044,13,matched_control,0,1,1,949.1467,0.0,949.1467,0.0,1898.2934,0.0,0.0,0.0
M044,14,matched_control,0,1,1,961.6861,0.0,961.6861,0.0,1923.3721,0.0,0.0,0.0
M044,15,matched_control,0,1,1,976.0194,0.0,976.0194,0.0,1952.0388,0.0,0.0,0.0
M044,16,matched_control,0,1,1,991.1467,0.0,991.1467,0.0,1982.2935,0.0,0.0,0.0
M044,17,matched_control,0,1,1,1005.9429,0.0,1005.9429,0.0,2011.8858,0.0,0.0,0.0
M044,18,matched_control,0,1,1,1019.3349,0.0,1019.3349,0.0,2038.6698,0.0,0.0,0.0
M044,19,matched_control,0,1,1,1030.4714,0.0,1030.4714,0.0,2060.9428,0.0,0.0,0.0
M044,20,matched_control,0,1,1,1038.8573,0.0,1038.8573,0.0,2077.7146,0.0,0.0,0.0
M045,1,matched_control,0,0,1,941.1655,0.0,941.1655,0.0,1882.331,0.0,0.0,0.0
M045,2,matched_control,0,0,1,955.0684,0.0,955.0684,0.0,1910.1367,0.0,0.0,0.0
M045,3,matched_control,0,0,1,966.9327,0.0,966.9327,0.0,1933.8653,0.0,0.0,0.0
M045,4,matched_control,0,0,1,976.1483,0.0,976.1483,0.0,1952.2966,0.0,0.0,0.0
M045,5,matched_control,0,0,1,982.5233,0.0,982.5233,0.0,1965.0466,0.0,0.0,0.0
M045,6,matched_control,0,0,1,986.3143,0.0,986.3143,0.0,1972.6286,0.0,0.0,0.0
M045,7,matched_control,0,0,1,988.1857,0.0,988.1857,0.0,1976.3715,0.0,0.0,0.0
M045,8,matched_control,0,0,1,989.1052,0.0,989.1052,0.0,1978.2104,0.0,0.0,0.0
M045,9,matched_control,0,0,1,990.1906,0.0,990.1906,0.0,1980.3812,0.0,0.0,0.0
M045,10,matched_control,0,0,1,992.5335,0.0,992.5335,0.0,1985.067,0.0,0.0,0.0
M045,11,matched_control,0,0,1,997.0271,0.0,997.0271,0.0,1994.0542,0.0,0.0,0.0
M045,12,matched_control,0,0,1,1004.225,0.0,1004.225,0.0,2008.45,0.0,0.0,0.0
M045,13,matched_control,0,1,1,1014.2538,0.0,1014.2538,0.0,2028.5075,0.0,0.0,0.0
M045,14,matched_control,0,1,1,1026.7932,0.0,1026.7932,0.0,2053.5863,0.0,0.0,0.0
M045,15,matched_control,0,1,1,1041.1265,0.0,1041.1265,0.0,2082.253,0.0,0.0,0.0
M045,16,matched_control,0,1,1,1056.2538,0.0,1056.2538,0.0,2112.5077,0.0,0.0,0.0
M045,17,matched_control,0,1,1,1071.05,0.0,1071.05,0.0,2142.1,0.0,0.0,0.0
M045,18,matched_control,0,1,1,1084.442,0.0,1084.442,0.0,2168.884,0.0,0.0,0.0
M045,19,matched_control,0,1,1,1095.5785,0.0,1095.5785,0.0,2191.157,0.0,0.0,0.0
M045,20,matched_control,0,1,1,1103.9644,0.0,1103.9644,0.0,2207.9288,0.0,0.0,0.0
M046,1,matched_control,0,0,1,993.9201,0.0,993.9201,0.0,1987.8402,0.0,0.0,0.0
M046,2,matched_control,0,0,1,1007.823,0.0,1007.823,0.0,2015.6459,0.0,0.0,0.0
M046,3,matched_control,0,0,1,1019.6873,0.0,1019.6873,0.0,2039.3745,0.0,0.0,0.0
M046,4,matched_control,0,0,1,1028.9029,0.0,1028.9029,0.0,2057.8057,0.0,0.0,0.0
M046,5,matched_control,0,0,1,1035.2779,0.0,1035.2779,0.0,2070.5558,0.0,0.0,0.0
M046,6,matched_control,0,0,1,1039.0689,0.0,1039.0689,0.0,2078.1378,0.0,0.0,0.0
M046,7,matched_control,0,0,1,1040.9403,0.0,1040.9403,0.0,2081.8807,0.0,0.0,0.0
M046,8,matched_control,0,0,1,1041.8598,0.0,1041.8598,0.0,2083.7196,0.0,0.0,0.0
M046,9,matched_control,0,0,1,1042.9452,0.0,1042.9452,0.0,2085.8904,0.0,0.0,0.0
M046,10,matched_control,0,0,1,1045.2881,0.0,1045.2881,0.0,2090.5762,0.0,0.0,0.0
M046,11,matched_control,0,0,1,1049.7817,0.0,1049.7817,0.0,2099.5634,0.0,0.0,0.0
M046,12,matched_control,0,0,1,1056.9796,0.0,1056.9796,0.0,2113.9592,0.0,0.0,0.0
M046,13,matched_control,0,1,1,1067.0084,0.0,1067.0084,0.0,2134.0167,0.0,0.0,0.0
M046,14,matched_control,0,1,1,1079.5477,0.0,1079.5477,0.0,2159.0955,0.0,0.0,0.0
M046,15,matched_control,0,1,1,1093.8811,0.0,1093.8811,0.0,2187.7621,0.0,0.0,0.0
M046,16,matched_control,0,1,1,1109.0084,0.0,1109.0084,0.0,2218.0169,0.0,0.0,0.0
M046,17,matched_control,0,1,1,1123.8046,0.0,1123.8046,0.0,2247.6092,0.0,0.0,0.0
M046,18,matched_control,0,1,1,1137.1966,0.0,1137.1966,0.0,2274.3931,0.0,0.0,0.0
M046,19,matched_control,0,1,1,1148.3331,0.0,1148.3331,0.0,2296.6662,0.0,0.0,0.0
M046,20,matched_control,0,1,1,1156.719,0.0,1156.719,0.0,2313.438,0.0,0.0,0.0
M047,1,matched_control,0,0,1,996.9917,0.0,996.9917,0.0,1993.9835,0.0,0.0,0.0
M047,2,matched_control,0,0,1,1010.8946,0.0,1010.8946,0.0,2021.7892,0.0,0.0,0.0
M047,3,matched_control,0,0,1,1022.7589,0.0,1022.7589,0.0,2045.5178,0.0,0.0,0.0
M047,4,matched_control,0,0,1,1031.9745,0.0,1031.9745,0.0,2063.9491,0.0,0.0,0.0
M047,5,matched_control,0,0,1,1038.3496,0.0,1038.3496,0.0,2076.6991,0.0,0.0,0.0
M047,6,matched_control,0,0,1,1042.1405,0.0,1042.1405,0.0,2084.2811,0.0,0.0,0.0
M047,7,matched_control,0,0,1,1044.012,0.0,1044.012,0.0,2088.024,0.0,0.0,0.0
M047,8,matched_control,0,0,1,1044.9315,0.0,1044.9315,0.0,2089.863,0.0,0.0,0.0
M047,9,matched_control,0,0,1,1046.0168,0.0,1046.0168,0.0,2092.0337,0.0,0.0,0.0
M047,10,matched_control,0,0,1,1048.3598,0.0,1048.3598,0.0,2096.7195,0.0,0.0,0.0
M047,11,matched_control,0,0,1,1052.8534,0.0,1052.8534,0.0,2105.7068,0.0,0.0,0.0
M047,12,matched_control,0,0,1,1060.0512,0.0,1060.0512,0.0,2120.1025,0.0,0.0,0.0
M047,13,matched_control,0,1,1,1070.08,0.0,1070.08,0.0,2140.1601,0.0,0.0,0.0
M047,14,matched_control,0,1,1,1082.6194,0.0,1082.6194,0.0,2165.2388,0.0,0.0,0.0
M047,15,matched_control,0,1,1,1096.9527,0.0,1096.9527,0.0,2193.9055,0.0,0.0,0.0
M047,16,matched_control,0,1,1,1112.0801,0.0,1112.0801,0.0,2224.1602,0.0,0.0,0.0
M047,17,matched_control,0,1,1,1126.8763,0.0,1126.8763,0.0,2253.7525,0.0,0.0,0.0
M047,18,matched_control,0,1,1,1140.2682,0.0,1140.2682,0.0,2280.5365,0.0,0.0,0.0
M047,19,matched_control,0,1,1,1151.4048,0.0,1151.4048,0.0,2302.8095,0.0,0.0,0.0
M047,20,matched_control,0,1,1,1159.7907,0.0,1159.7907,0.0,2319.5813,0.0,0.0,0.0
M048,1,matched_control,0,0,1,1119.1449,0.0,1119.1449,0.0,2238.2898,0.0,0.0,0.0
M048,2,matched_control,0,0,1,1133.0478,0.0,1133.0478,0.0,2266.0956,0.0,0.0,0.0
M048,3,matched_control,0,0,1,1144.9121,0.0,1144.9121,0.0,2289.8242,0.0,0.0,0.0
M048,4,matched_control,0,0,1,1154.1277,0.0,1154.1277,0.0,2308.2554,0.0,0.0,0.0
M048,5,matched_control,0,0,1,1160.5027,0.0,1160.5027,0.0,2321.0055,0.0,0.0,0.0
M048,6,matched_control,0,0,1,1164.2937,0.0,1164.2937,0.0,2328.5874,0.0,0.0,0.0
M048,7,matched_control,0,0,1,1166.1652,0.0,1166.1652,0.0,2332.3303,0.0,0.0,0.0
M048,8,matched_control,0,0,1,1167.0847,0.0,1167.0847,0.0,2334.1693,0.0,0.0,0.0
M048,9,matched_control,0,0,1,1168.17,0.0,1168.17,0.0,2336.34,0.0,0.0,0.0
M048,10,matched_control,0,0,1,1170.5129,0.0,1170.5129,0.0,2341.0259,0.0,0.0,0.0
M048,11,matched_control,0,0,1,1175.0065,0.0,1175.0065,0.0,2350.0131,0.0,0.0,0.0
M048,12,matched_control,0,0,1,1182.2044,0.0,1182.2044,0.0,2364.4088,0.0,0.0,0.0
M048,13,matched_control,0,1,1,1192.2332,0.0,1192.2332,0.0,2384.4664,0.0,0.0,0.0
M048,14,matched_control,0,1,1,1204.7726,0.0,1204.7726,0.0,2409.5452,0.0,0.0,0.0
M048,15,matched_control,0,1,1,1219.1059,0.0,1219.1059,0.0,2438.2118,0.0,0.0,0.0
M048,16,matched_control,0,1,1,1234.2333,0.0,1234.2333,0.0,2468.4665,0.0,0.0,0.0
M048,17,matched_control,0,1,1,1249.0294,0.0,1249.0294,0.0,2498.0589,0.0,0.0,0.0
M048,18,matched_control,0,1,1,1262.4214,0.0,1262.4214,0.0,2524.8428,0.0,0.0,0.0
M048,19,matched_control,0,1,1,1273.5579,0.0,1273.5579,0.0,2547.1159,0.0,0.0,0.0
M048,20,matched_control,0,1,1,1281.9438,0.0,1281.9438,0.0,2563.8877,0.0,0.0,0.0
M049,1,matched_control,0,0,1,971.0311,0.0,971.0311,0.0,1942.0622,0.0,0.0,0.0
M049,2,matched_control,0,0,1,984.934,0.0,984.934,0.0,1969.8679,0.0,0.0,0.0
M049,3,matched_control,0,0,1,996.7983,0.0,996.7983,0.0,1993.5965,0.0,0.0,0.0
M049,4,matched_control,0,0,1,1006.0139,0.0,1006.0139,0.0,2012.0278,0.0,0.0,0.0
M049,5,matched_control,0,0,1,1012.3889,0.0,1012.3889,0.0,2024.7778,0.0,0.0,0.0
M049,6,matched_control,0,0,1,1016.1799,0.0,1016.1799,0.0,2032.3598,0.0,0.0,0.0
M049,7,matched_control,0,0,1,1018.0513,0.0,1018.0513,0.0,2036.1027,0.0,0.0,0.0
M049,8,matched_control,0,0,1,1018.9708,0.0,1018.9708,0.0,2037.9416,0.0,0.0,0.0
M049,9,matched_control,0,0,1,1020.0562,0.0,1020.0562,0.0,2040.1124,0.0,0.0,0.0
M049,10,matched_control,0,0,1,1022.3991,0.0,1022.3991,0.0,2044.7982,0.0,0.0,0.0
M049,11,matched_control,0,0,1,1026.8927,0.0,1026.8927,0.0,2053.7854,0.0,0.0,0.0
M049,12,matched_control,0,0,1,1034.0906,0.0,1034.0906,0.0,2068.1812,0.0,0.0,0.0
M049,13,matched_control,0,1,1,1044.1194,0.0,1044.1194,0.0,2088.2387,0.0,0.0,0.0
M049,14,matched_control,0,1,1,1056.6588,0.0,1056.6588,0.0,2113.3175,0.0,0.0,0.0
M049,15,matched_control,0,1,1,1070.9921,0.0,1070.9921,0.0,2141.9842,0.0,0.0,0.0
M049,16,matched_control,0,1,1,1086.1194,0.0,1086.1194,0.0,2172.2389,0.0,0.0,0.0
M049,17,matched_control,0,1,1,1100.9156,0.0,1100.9156,0.0,2201.8312,0.0,0.0,0.0
M049,18,matched_control,0,1,1,1114.3076,0.0,1114.3076,0.0,2228.6152,0.0,0.0,0.0
M049,19,matched_control,0,1,1,1125.4441,0.0,1125.4441,0.0,2250.8882,0.0,0.0,0.0
M049,20,matched_control,0,1,1,1133.83,0.0,1133.83,0.0,2267.66,0.0,0.0,0.0
M050,1,matched_control,0,0,1,956.0331,0.0,956.0331,0.0,1912.0663,0.0,0.0,0.0
M050,2,matched_control,0,0,1,969.936,0.0,969.936,0.0,1939.872,0.0,0.0,0.0
M050,3,matched_control,0,0,1,981.8003,0.0,981.8003,0.0,1963.6006,0.0,0.0,0.0
M050,4,matched_control,0,0,1,991.0159,0.0,991.0159,0.0,1982.0319,0.0,0.0,0.0
M050,5,matched_control,0,0,1,997.391,0.0,997.391,0.0,1994.7819,0.0,0.0,0.0
M050,6,matched_control,0,0,1,1001.1819,0.0,1001.1819,0.0,2002.3639,0.0,0.0,0.0
M050,7,matched_control,0,0,1,1003.0534,0.0,1003.0534,0.0,2006.1068,0.0,0.0,0.0
M050,8,matched_control,0,0,1,1003.9729,0.0,1003.9729,0.0,2007.9458,0.0,0.0,0.0
M050,9,matched_control,0,0,1,1005.0582,0.0,1005.0582,0.0,2010.1165,0.0,0.0,0.0
M050,10,matched_control,0,0,1,1007.4012,0.0,1007.4012,0.0,2014.8023,0.0,0.0,0.0
M050,11,matched_control,0,0,1,1011.8948,0.0,1011.8948,0.0,2023.7895,0.0,0.0,0.0
M050,12,matched_control,0,0,1,1019.0926,0.0,1019.0926,0.0,2038.1853,0.0,0.0,0.0
M050,13,matched_control,0,1,1,1029.1214,0.0,1029.1214,0.0,2058.2429,0.0,0.0,0.0
M050,14,matched_control,0,1,1,1041.6608,0.0,1041.6608,0.0,2083.3216,0.0,0.0,0.0
M050,15,matched_control,0,1,1,1055.9941,0.0,1055.9941,0.0,2111.9883,0.0,0.0,0.0
M050,16,matched_control,0,1,1,1071.1215,0.0,1071.1215,0.0,2142.243,0.0,0.0,0.0
M050,17,matched_control,0,1,1,1085.9177,0.0,1085.9177,0.0,2171.8353,0.0,0.0,0.0
M050,18,matched_control,0,1,1,1099.3096,0.0,1099.3096,0.0,2198.6193,0.0,0.0,0.0
M050,19,matched_control,0,1,1,1110.4462,0.0,1110.4462,0.0,2220.8923,0.0,0.0,0.0
M050,20,matched_control,0,1,1,1118.8321,0.0,1118.8321,0.0,2237.6641,0.0,0.0,0.0
M051,1,matched_control,0,0,1,1170.308,0.0,1170.308,0.0,2340.616,0.0,0.0,0.0
M051,2,matched_control,0,0,1,1184.2109,0.0,1184.2109,0.0,2368.4217,0.0,0.0,0.0
M051,3,matched_control,0,0,1,1196.0752,0.0,1196.0752,0.0,2392.1503,0.0,0.0,0.0
M051,4,matched_control,0,0,1,1205.2908,0.0,1205.2908,0.0,2410.5816,0.0,0.0,0.0
M051,5,matched_control,0,0,1,1211.6658,0.0,1211.6658,0.0,2423.3316,0.0,0.0,0.0
M051,6,matched_control,0,0,1,1215.4568,0.0,1215.4568,0.0,2430.9136,0.0,0.0,0.0
M051,7,matched_control,0,0,1,1217.3282,0.0,1217.3282,0.0,2434.6565,0.0,0.0,0.0
M051,8,matched_control,0,0,1,1218.2477,0.0,1218.2477,0.0,2436.4954,0.0,0.0,0.0
M051,9,matched_control,0,0,1,1219.3331,0.0,1219.3331,0.0,2438.6662,0.0,0.0,0.0
M051,10,matched_control,0,0,1,1221.676,0.0,1221.676,0.0,2443.352,0.0,0.0,0.0
M051,11,matched_control,0,0,1,1226.1696,0.0,1226.1696,0.0,2452.3392,0.0,0.0,0.0
M051,12,matched_control,0,0,1,1233.3675,0.0,1233.3675,0.0,2466.735,0.0,0.0,0.0
M051,13,matched_control,0,1,1,1243.3963,0.0,1243.3963,0.0,2486.7925,0.0,0.0,0.0
M051,14,matched_control,0,1,1,1255.9357,0.0,1255.9357,0.0,2511.8713,0.0,0.0,0.0
M051,15,matched_control,0,1,1,1270.269,0.0,1270.269,0.0,2540.538,0.0,0.0,0.0
M051,16,matched_control,0,1,1,1285.3963,0.0,1285.3963,0.0,2570.7927,0.0,0.0,0.0
M051,17,matched_control,0,1,1,1300.1925,0.0,1300.1925,0.0,2600.385,0.0,0.0,0.0
M051,18,matched_control,0,1,1,1313.5845,0.0,1313.5845,0.0,2627.169,0.0,0.0,0.0
M051,19,matched_control,0,1,1,1324.721,0.0,1324.721,0.0,2649.442,0.0,0.0,0.0
M051,20,matched_control,0,1,1,1333.1069,0.0,1333.1069,0.0,2666.2138,0.0,0.0,0.0
M052,1,matched_control,0,0,1,1047.8168,0.0,1047.8168,0.0,2095.6337,0.0,0.0,0.0
M052,2,matched_control,0,0,1,1061.7197,0.0,1061.7197,0.0,2123.4395,0.0,0.0,0.0
M052,3,matched_control,0,0,1,1073.584,0.0,1073.584,0.0,2147.168,0.0,0.0,0.0
M052,4,matched_control,0,0,1,1082.7996,0.0,1082.7996,0.0,2165.5993,0.0,0.0,0.0
M052,5,matched_control,0,0,1,1089.1747,0.0,1089.1747,0.0,2178.3493,0.0,0.0,0.0
M052,6,matched_control,0,0,1,1092.9657,0.0,1092.9657,0.0,2185.9313,0.0,0.0,0.0
M052,7,matched_control,0,0,1,1094.8371,0.0,1094.8371,0.0,2189.6742,0.0,0.0,0.0
M052,8,matched_control,0,0,1,1095.7566,0.0,1095.7566,0.0,2191.5132,0.0,0.0,0.0
M052,9,matched_control,0,0,1,1096.8419,0.0,1096.8419,0.0,2193.6839,0.0,0.0,0.0
M052,10,matched_control,0,0,1,1099.1849,0.0,1099.1849,0.0,2198.3697,0.0,0.0,0.0
M052,11,matched_control,0,0,1,1103.6785,0.0,1103.6785,0.0,2207.357,0.0,0.0,0.0
M052,12,matched_control,0,0,1,1110.8764,0.0,1110.8764,0.0,2221.7527,0.0,0.0,0.0
M052,13,matched_control,0,1,1,1120.9051,0.0,1120.9051,0.0,2241.8103,0.0,0.0,0.0
M052,14,matched_control,0,1,1,1133.4445,0.0,1133.4445,0.0,2266.889,0.0,0.0,0.0
M052,15,matched_control,0,1,1,1147.7778,0.0,1147.7778,0.0,2295.5557,0.0,0.0,0.0
M052,16,matched_control,0,1,1,1162.9052,0.0,1162.9052,0.0,2325.8104,0.0,0.0,0.0
M052,17,matched_control,0,1,1,1177.7014,0.0,1177.7014,0.0,2355.4027,0.0,0.0,0.0
M052,18,matched_control,0,1,1,1191.0933,0.0,1191.0933,0.0,2382.1867,0.0,0.0,0.0
M052,19,matched_control,0,1,1,1202.2299,0.0,1202.2299,0.0,2404.4597,0.0,0.0,0.0
M052,20,matched_control,0,1,1,1210.6158,0.0,1210.6158,0.0,2421.2315,0.0,0.0,0.0
M053,1,matched_control,0,0,1,1015.5571,0.0,1015.5571,0.0,2031.1142,0.0,0.0,0.0
M053,2,matched_control,0,0,1,1029.46,0.0,1029.46,0.0,2058.92,0.0,0.0,0.0
M053,3,matched_control,0,0,1,1041.3243,0.0,1041.3243,0.0,2082.6486,0.0,0.0,0.0
M053,4,matched_control,0,0,1,1050.5399,0.0,1050.5399,0.0,2101.0798,0.0,0.0,0.0
M053,5,matched_control,0,0,1,1056.9149,0.0,1056.9149,0.0,2113.8299,0.0,0.0,0.0
M053,6,matched_control,0,0,1,1060.7059,0.0,1060.7059,0.0,2121.4118,0.0,0.0,0.0
M053,7,matched_control,0,0,1,1062.5774,0.0,1062.5774,0.0,2125.1547,0.0,0.0,0.0
M053,8,matched_control,0,0,1,1063.4968,0.0,1063.4968,0.0,2126.9937,0.0,0.0,0.0
M053,9,matched_control,0,0,1,1064.5822,0.0,1064.5822,0.0,2129.1644,0.0,0.0,0.0
M053,10,matched_control,0,0,1,1066.9251,0.0,1066.9251,0.0,2133.8503,0.0,0.0,0.0
M053,11,matched_control,0,0,1,1071.4187,0.0,1071.4187,0.0,2142.8375,0.0,0.0,0.0
M053,12,matched_control,0,0,1,1078.6166,0.0,1078.6166,0.0,2157.2332,0.0,0.0,0.0
M053,13,matched_control,0,1,1,1088.6454,0.0,1088.6454,0.0,2177.2908,0.0,0.0,0.0
M053,14,matched_control,0,1,1,1101.1848,0.0,1101.1848,0.0,2202.3696,0.0,0.0,0.0
M053,15,matched_control,0,1,1,1115.5181,0.0,1115.5181,0.0,2231.0362,0.0,0.0,0.0
M053,16,matched_control,0,1,1,1130.6455,0.0,1130.6455,0.0,2261.2909,0.0,0.0,0.0
M053,17,matched_control,0,1,1,1145.4416,0.0,1145.4416,0.0,2290.8832,0.0,0.0,0.0
M053,18,matched_control,0,1,1,1158.8336,0.0,1158.8336,0.0,2317.6672,0.0,0.0,0.0
M053,19,matched_control,0,1,1,1169.9701,0.0,1169.9701,0.0,2339.9403,0.0,0.0,0.0
M053,20,matched_control,0,1,1,1178.356,0.0,1178.356,0.0,2356.712,0.0,0.0,0.0
M054,1,matched_control,0,0,1,1022.2009,0.0,1022.2009,0.0,2044.4018,0.0,0.0,0.0
M054,2,matched_control,0,0,1,1036.1038,0.0,1036.1038,0.0,2072.2076,0.0,0.0,0.0
M054,3,matched_control,0,0,1,1047.9681,0.0,1047.9681,0.0,2095.9362,0.0,0.0,0.0
M054,4,matched_control,0,0,1,1057.1837,0.0,1057.1837,0.0,2114.3674,0.0,0.0,0.0
M054,5,matched_control,0,0,1,1063.5587,0.0,1063.5587,0.0,2127.1175,0.0,0.0,0.0
M054,6,matched_control,0,0,1,1067.3497,0.0,1067.3497,0.0,2134.6995,0.0,0.0,0.0
M054,7,matched_control,0,0,1,1069.2212,0.0,1069.2212,0.0,2138.4424,0.0,0.0,0.0
M054,8,matched_control,0,0,1,1070.1407,0.0,1070.1407,0.0,2140.2813,0.0,0.0,0.0
M054,9,matched_control,0,0,1,1071.226,0.0,1071.226,0.0,2142.452,0.0,0.0,0.0
M054,10,matched_control,0,0,1,1073.5689,0.0,1073.5689,0.0,2147.1379,0.0,0.0,0.0
M054,11,matched_control,0,0,1,1078.0626,0.0,1078.0626,0.0,2156.1251,0.0,0.0,0.0
M054,12,matched_control,0,0,1,1085.2604,0.0,1085.2604,0.0,2170.5209,0.0,0.0,0.0
M054,13,matched_control,0,1,1,1095.2892,0.0,1095.2892,0.0,2190.5784,0.0,0.0,0.0
M054,14,matched_control,0,1,1,1107.8286,0.0,1107.8286,0.0,2215.6572,0.0,0.0,0.0
M054,15,matched_control,0,1,1,1122.1619,0.0,1122.1619,0.0,2244.3238,0.0,0.0,0.0
M054,16,matched_control,0,1,1,1137.2893,0.0,1137.2893,0.0,2274.5786,0.0,0.0,0.0
M054,17,matched_control,0,1,1,1152.0854,0.0,1152.0854,0.0,2304.1709,0.0,0.0,0.0
M054,18,matched_control,0,1,1,1165.4774,0.0,1165.4774,0.0,2330.9548,0.0,0.0,0.0
M054,19,matched_control,0,1,1,1176.6139,0.0,1176.6139,0.0,2353.2279,0.0,0.0,0.0
M054,20,matched_control,0,1,1,1184.9998,0.0,1184.9998,0.0,2369.9997,0.0,0.0,0.0
M055,1,matched_control,0,0,1,983.0451,0.0,983.0451,0.0,1966.0903,0.0,0.0,0.0
M055,2,matched_control,0,0,1,996.948,0.0,996.948,0.0,1993.896,0.0,0.0,0.0
M055,3,matched_control,0,0,1,1008.8123,0.0,1008.8123,0.0,2017.6246,0.0,0.0,0.0
M055,4,matched_control,0,0,1,1018.0279,0.0,1018.0279,0.0,2036.0558,0.0,0.0,0.0
M055,5,matched_control,0,0,1,1024.4029,0.0,1024.4029,0.0,2048.8059,0.0,0.0,0.0
M055,6,matched_control,0,0,1,1028.1939,0.0,1028.1939,0.0,2056.3879,0.0,0.0,0.0
M055,7,matched_control,0,0,1,1030.0654,0.0,1030.0654,0.0,2060.1308,0.0,0.0,0.0
M055,8,matched_control,0,0,1,1030.9849,0.0,1030.9849,0.0,2061.9697,0.0,0.0,0.0
M055,9,matched_control,0,0,1,1032.0702,0.0,1032.0702,0.0,2064.1405,0.0,0.0,0.0
M055,10,matched_control,0,0,1,1034.4132,0.0,1034.4132,0.0,2068.8263,0.0,0.0,0.0
M055,11,matched_control,0,0,1,1038.9068,0.0,1038.9068,0.0,2077.8135,0.0,0.0,0.0
M055,12,matched_control,0,0,1,1046.1046,0.0,1046.1046,0.0,2092.2093,0.0,0.0,0.0
M055,13,matched_control,0,1,1,1056.1334,0.0,1056.1334,0.0,2112.2668,0.0,0.0,0.0
M055,14,matched_control,0,1,1,1068.6728,0.0,1068.6728,0.0,2137.3456,0.0,0.0,0.0
M055,15,matched_control,0,1,1,1083.0061,0.0,1083.0061,0.0,2166.0122,0.0,0.0,0.0
M055,16,matched_control,0,1,1,1098.1335,0.0,1098.1335,0.0,2196.267,0.0,0.0,0.0
M055,17,matched_control,0,1,1,1112.9296,0.0,1112.9296,0.0,2225.8593,0.0,0.0,0.0
M055,18,matched_control,0,1,1,1126.3216,0.0,1126.3216,0.0,2252.6432,0.0,0.0,0.0
M055,19,matched_control,0,1,1,1137.4581,0.0,1137.4581,0.0,2274.9163,0.0,0.0,0.0
M055,20,matched_control,0,1,1,1145.844,0.0,1145.844,0.0,2291.6881,0.0,0.0,0.0
M056,1,matched_control,0,0,1,1032.7582,0.0,1032.7582,0.0,2065.5164,0.0,0.0,0.0
M056,2,matched_control,0,0,1,1046.6611,0.0,1046.6611,0.0,2093.3222,0.0,0.0,0.0
M056,3,matched_control,0,0,1,1058.5254,0.0,1058.5254,0.0,2117.0508,0.0,0.0,0.0
M056,4,matched_control,0,0,1,1067.741,0.0,1067.741,0.0,2135.482,0.0,0.0,0.0
M056,5,matched_control,0,0,1,1074.116,0.0,1074.116,0.0,2148.2321,0.0,0.0,0.0
M056,6,matched_control,0,0,1,1077.907,0.0,1077.907,0.0,2155.8141,0.0,0.0,0.0
M056,7,matched_control,0,0,1,1079.7785,0.0,1079.7785,0.0,2159.557,0.0,0.0,0.0
M056,8,matched_control,0,0,1,1080.698,0.0,1080.698,0.0,2161.3959,0.0,0.0,0.0
M056,9,matched_control,0,0,1,1081.7833,0.0,1081.7833,0.0,2163.5666,0.0,0.0,0.0
M056,10,matched_control,0,0,1,1084.1262,0.0,1084.1262,0.0,2168.2525,0.0,0.0,0.0
M056,11,matched_control,0,0,1,1088.6199,0.0,1088.6199,0.0,2177.2397,0.0,0.0,0.0
M056,12,matched_control,0,0,1,1095.8177,0.0,1095.8177,0.0,2191.6355,0.0,0.0,0.0
M056,13,matched_control,0,1,1,1105.8465,0.0,1105.8465,0.0,2211.693,0.0,0.0,0.0
M056,14,matched_control,0,1,1,1118.3859,0.0,1118.3859,0.0,2236.7718,0.0,0.0,0.0
M056,15,matched_control,0,1,1,1132.7192,0.0,1132.7192,0.0,2265.4384,0.0,0.0,0.0
M056,16,matched_control,0,1,1,1147.8466,0.0,1147.8466,0.0,2295.6932,0.0,0.0,0.0
M056,17,matched_control,0,1,1,1162.6427,0.0,1162.6427,0.0,2325.2855,0.0,0.0,0.0
M056,18,matched_control,0,1,1,1176.0347,0.0,1176.0347,0.0,2352.0694,0.0,0.0,0.0
M056,19,matched_control,0,1,1,1187.1712,0.0,1187.1712,0.0,2374.3425,0.0,0.0,0.0
M056,20,matched_control,0,1,1,1195.5571,0.0,1195.5571,0.0,2391.1143,0.0,0.0,0.0
M057,1,matched_control,0,0,1,1136.1839,0.0,1136.1839,0.0,2272.3678,0.0,0.0,0.0
M057,2,matched_control,0,0,1,1150.0868,0.0,1150.0868,0.0,2300.1736,0.0,0.0,0.0
M057,3,matched_control,0,0,1,1161.9511,0.0,1161.9511,0.0,2323.9022,0.0,0.0,0.0
M057,4,matched_control,0,0,1,1171.1667,0.0,1171.1667,0.0,2342.3334,0.0,0.0,0.0
M057,5,matched_control,0,0,1,1177.5417,0.0,1177.5417,0.0,2355.0835,0.0,0.0,0.0
M057,6,matched_control,0,0,1,1181.3327,0.0,1181.3327,0.0,2362.6655,0.0,0.0,0.0
M057,7,matched_control,0,0,1,1183.2042,0.0,1183.2042,0.0,2366.4084,0.0,0.0,0.0
M057,8,matched_control,0,0,1,1184.1237,0.0,1184.1237,0.0,2368.2473,0.0,0.0,0.0
M057,9,matched_control,0,0,1,1185.209,0.0,1185.209,0.0,2370.418,0.0,0.0,0.0
M057,10,matched_control,0,0,1,1187.5519,0.0,1187.5519,0.0,2375.1039,0.0,0.0,0.0
M057,11,matched_control,0,0,1,1192.0456,0.0,1192.0456,0.0,2384.0911,0.0,0.0,0.0
M057,12,matched_control,0,0,1,1199.2434,0.0,1199.2434,0.0,2398.4869,0.0,0.0,0.0
M057,13,matched_control,0,1,1,1209.2722,0.0,1209.2722,0.0,2418.5444,0.0,0.0,0.0
M057,14,matched_control,0,1,1,1221.8116,0.0,1221.8116,0.0,2443.6232,0.0,0.0,0.0
M057,15,matched_control,0,1,1,1236.1449,0.0,1236.1449,0.0,2472.2898,0.0,0.0,0.0
M057,16,matched_control,0,1,1,1251.2723,0.0,1251.2723,0.0,2502.5446,0.0,0.0,0.0
M057,17,matched_control,0,1,1,1266.0684,0.0,1266.0684,0.0,2532.1369,0.0,0.0,0.0
M057,18,matched_control,0,1,1,1279.4604,0.0,1279.4604,0.0,2558.9208,0.0,0.0,0.0
M057,19,matched_control,0,1,1,1290.5969,0.0,1290.5969,0.0,2581.1939,0.0,0.0,0.0
M057,20,matched_control,0,1,1,1298.9828,0.0,1298.9828,0.0,2597.9657,0.0,0.0,0.0
M058,1,matched_control,0,0,1,892.3321,0.0,892.3321,0.0,1784.6643,0.0,0.0,0.0
M058,2,matched_control,0,0,1,906.235,0.0,906.235,0.0,1812.47,0.0,0.0,0.0
M058,3,matched_control,0,0,1,918.0993,0.0,918.0993,0.0,1836.1986,0.0,0.0,0.0
M058,4,matched_control,0,0,1,927.3149,0.0,927.3149,0.0,1854.6299,0.0,0.0,0.0
M058,5,matched_control,0,0,1,933.69,0.0,933.69,0.0,1867.3799,0.0,0.0,0.0
M058,6,matched_control,0,0,1,937.4809,0.0,937.4809,0.0,1874.9619,0.0,0.0,0.0
M058,7,matched_control,0,0,1,939.3524,0.0,939.3524,0.0,1878.7048,0.0,0.0,0.0
M058,8,matched_control,0,0,1,940.2719,0.0,940.2719,0.0,1880.5437,0.0,0.0,0.0
M058,9,matched_control,0,0,1,941.3572,0.0,941.3572,0.0,1882.7145,0.0,0.0,0.0
M058,10,matched_control,0,0,1,943.7002,0.0,943.7002,0.0,1887.4003,0.0,0.0,0.0
M058,11,matched_control,0,0,1,948.1938,0.0,948.1938,0.0,1896.3875,0.0,0.0,0.0
M058,12,matched_control,0,0,1,955.3916,0.0,955.3916,0.0,1910.7833,0.0,0.0,0.0
M058,13,matched_control,0,1,1,965.4204,0.0,965.4204,0.0,1930.8408,0.0,0.0,0.0
M058,14,matched_control,0,1,1,977.9598,0.0,977.9598,0.0,1955.9196,0.0,0.0,0.0
M058,15,matched_control,0,1,1,992.2931,0.0,992.2931,0.0,1984.5863,0.0,0.0,0.0
M058,16,matched_control,0,1,1,1007.4205,0.0,1007.4205,0.0,2014.841,0.0,0.0,0.0
M058,17,matched_control,0,1,1,1022.2166,0.0,1022.2166,0.0,2044.4333,0.0,0.0,0.0
M058,18,matched_control,0,1,1,1035.6086,0.0,1035.6086,0.0,2071.2173,0.0,0.0,0.0
M058,19,matched_control,0,1,1,1046.7452,0.0,1046.7452,0.0,2093.4903,0.0,0.0,0.0
M058,20,matched_control,0,1,1,1055.1311,0.0,1055.1311,0.0,2110.2621,0.0,0.0,0.0
M059,1,matched_control,0,0,1,1042.8854,0.0,1042.8854,0.0,2085.7709,0.0,0.0,0.0
M059,2,matched_control,0,0,1,1056.7883,0.0,1056.7883,0.0,2113.5766,0.0,0.0,0.0
M059,3,matched_control,0,0,1,1068.6526,0.0,1068.6526,0.0,2137.3052,0.0,0.0,0.0
M059,4,matched_control,0,0,1,1077.8682,0.0,1077.8682,0.0,2155.7364,0.0,0.0,0.0
M059,5,matched_control,0,0,1,1084.2433,0.0,1084.2433,0.0,2168.4865,0.0,0.0,0.0
M059,6,matched_control,0,0,1,1088.0342,0.0,1088.0342,0.0,2176.0685,0.0,0.0,0.0
M059,7,matched_control,0,0,1,1089.9057,0.0,1089.9057,0.0,2179.8114,0.0,0.0,0.0
M059,8,matched_control,0,0,1,1090.8252,0.0,1090.8252,0.0,2181.6503,0.0,0.0,0.0
M059,9,matched_control,0,0,1,1091.9105,0.0,1091.9105,0.0,2183.8211,0.0,0.0,0.0
M059,10,matched_control,0,0,1,1094.2535,0.0,1094.2535,0.0,2188.5069,0.0,0.0,0.0
M059,11,matched_control,0,0,1,1098.7471,0.0,1098.7471,0.0,2197.4941,0.0,0.0,0.0
M059,12,matched_control,0,0,1,1105.9449,0.0,1105.9449,0.0,2211.8899,0.0,0.0,0.0
M059,13,matched_control,0,1,1,1115.9737,0.0,1115.9737,0.0,2231.9474,0.0,0.0,0.0
M059,14,matched_control,0,1,1,1128.5131,0.0,1128.5131,0.0,2257.0262,0.0,0.0,0.0
M059,15,matched_control,0,1,1,1142.8464,0.0,1142.8464,0.0,2285.6928,0.0,0.0,0.0
M059,16,matched_control,0,1,1,1157.9738,0.0,1157.9738,0.0,2315.9476,0.0,0.0,0.0
M059,17,matched_control,0,1,1,1172.7699,0.0,1172.7699,0.0,2345.5399,0.0,0.0,0.0
M059,18,matched_control,0,1,1,1186.1619,0.0,1186.1619,0.0,2372.3238,0.0,0.0,0.0
M059,19,matched_control,0,1,1,1197.2985,0.0,1197.2985,0.0,2394.5969,0.0,0.0,0.0
M059,20,matched_control,0,1,1,1205.6843,0.0,1205.6843,0.0,2411.3687,0.0,0.0,0.0
M060,1,matched_control,0,0,1,1028.1395,0.0,1028.1395,0.0,2056.279,0.0,0.0,0.0
M060,2,matched_control,0,0,1,1042.0424,0.0,1042.0424,0.0,2084.0847,0.0,0.0,0.0
M060,3,matched_control,0,0,1,1053.9066,0.0,1053.9066,0.0,2107.8133,0.0,0.0,0.0
M060,4,matched_control,0,0,1,1063.1223,0.0,1063.1223,0.0,2126.2445,0.0,0.0,0.0
M060,5,matched_control,0,0,1,1069.4973,0.0,1069.4973,0.0,2138.9946,0.0,0.0,0.0
M060,6,matched_control,0,0,1,1073.2883,0.0,1073.2883,0.0,2146.5766,0.0,0.0,0.0
M060,7,matched_control,0,0,1,1075.1597,0.0,1075.1597,0.0,2150.3195,0.0,0.0,0.0
M060,8,matched_control,0,0,1,1076.0792,0.0,1076.0792,0.0,2152.1584,0.0,0.0,0.0
M060,9,matched_control,0,0,1,1077.1646,0.0,1077.1646,0.0,2154.3292,0.0,0.0,0.0
M060,10,matched_control,0,0,1,1079.5075,0.0,1079.5075,0.0,2159.015,0.0,0.0,0.0
M060,11,matched_control,0,0,1,1084.0011,0.0,1084.0011,0.0,2168.0022,0.0,0.0,0.0
M060,12,matched_control,0,0,1,1091.199,0.0,1091.199,0.0,2182.398,0.0,0.0,0.0
M060,13,matched_control,0,1,1,1101.2278,0.0,1101.2278,0.0,2202.4555,0.0,0.0,0.0
M060,14,matched_control,0,1,1,1113.7671,0.0,1113.7671,0.0,2227.5343,0.0,0.0,0.0
M060,15,matched_control,0,1,1,1128.1005,0.0,1128.1005,0.0,2256.2009,0.0,0.0,0.0
M060,16,matched_control,0,1,1,1143.2278,0.0,1143.2278,0.0,2286.4557,0.0,0.0,0.0
M060,17,matched_control,0,1,1,1158.024,0.0,1158.024,0.0,2316.048,0.0,0.0,0.0
M060,18,matched_control,0,1,1,1171.416,0.0,1171.416,0.0,2342.8319,0.0,0.0,0.0
M060,19,matched_control,0,1,1,1182.5525,0.0,1182.5525,0.0,2365.105,0.0,0.0,0.0
M060,20,matched_control,0,1,1,1190.9384,0.0,1190.9384,0.0,2381.8768,0.0,0.0,0.0
M061,1,nonparallel_control,0,0,0,913.9113,0.0,913.9113,0.0,1827.8225,0.0,0.0,0.0
M061,2,nonparallel_control,0,0,0,922.8142,0.0,922.8142,0.0,1845.6283,0.0,0.0,0.0
M061,3,nonparallel_control,0,0,0,929.6784,0.0,929.6784,0.0,1859.3569,0.0,0.0,0.0
M061,4,nonparallel_control,0,0,0,933.8941,0.0,933.8941,0.0,1867.7881,0.0,0.0,0.0
M061,5,nonparallel_control,0,0,0,935.2691,0.0,935.2691,0.0,1870.5382,0.0,0.0,0.0
M061,6,nonparallel_control,0,0,0,934.0601,0.0,934.0601,0.0,1868.1202,0.0,0.0,0.0
M061,7,nonparallel_control,0,0,0,930.9315,0.0,930.9315,0.0,1861.8631,0.0,0.0,0.0
M061,8,nonparallel_control,0,0,0,926.851,0.0,926.851,0.0,1853.702,0.0,0.0,0.0
M061,9,nonparallel_control,0,0,0,922.9364,0.0,922.9364,0.0,1845.8727,0.0,0.0,0.0
M061,10,nonparallel_control,0,0,0,920.2793,0.0,920.2793,0.0,1840.5586,0.0,0.0,0.0
M061,11,nonparallel_control,0,0,0,919.7729,0.0,919.7729,0.0,1839.5458,0.0,0.0,0.0
M061,12,nonparallel_control,0,0,0,921.9708,0.0,921.9708,0.0,1843.9416,0.0,0.0,0.0
M061,13,nonparallel_control,0,1,0,926.9996,0.0,926.9996,0.0,1853.9991,0.0,0.0,0.0
M061,14,nonparallel_control,0,1,0,934.5389,0.0,934.5389,0.0,1869.0779,0.0,0.0,0.0
M061,15,nonparallel_control,0,1,0,943.8723,0.0,943.8723,0.0,1887.7445,0.0,0.0,0.0
M061,16,nonparallel_control,0,1,0,953.9996,0.0,953.9996,0.0,1907.9993,0.0,0.0,0.0
M061,17,nonparallel_control,0,1,0,963.7958,0.0,963.7958,0.0,1927.5916,0.0,0.0,0.0
M061,18,nonparallel_control,0,1,0,972.1878,0.0,972.1878,0.0,1944.3755,0.0,0.0,0.0
M061,19,nonparallel_control,0,1,0,978.3243,0.0,978.3243,0.0,1956.6486,0.0,0.0,0.0
M061,20,nonparallel_control,0,1,0,981.7102,0.0,981.7102,0.0,1963.4204,0.0,0.0,0.0
M062,1,nonparallel_control,0,0,0,980.5911,0.0,980.5911,0.0,1961.1822,0.0,0.0,0.0
M062,2,nonparallel_control,0,0,0,989.494,0.0,989.494,0.0,1978.988,0.0,0.0,0.0
M062,3,nonparallel_control,0,0,0,996.3583,0.0,996.3583,0.0,1992.7166,0.0,0.0,0.0
M062,4,nonparallel_control,0,0,0,1000.5739,0.0,1000.5739,0.0,2001.1478,0.0,0.0,0.0
M062,5,nonparallel_control,0,0,0,1001.9489,0.0,1001.9489,0.0,2003.8979,0.0,0.0,0.0
M062,6,nonparallel_control,0,0,0,1000.7399,0.0,1000.7399,0.0,2001.4799,0.0,0.0,0.0
M062,7,nonparallel_control,0,0,0,997.6114,0.0,997.6114,0.0,1995.2228,0.0,0.0,0.0
M062,8,nonparallel_control,0,0,0,993.5309,0.0,993.5309,0.0,1987.0617,0.0,0.0,0.0
M062,9,nonparallel_control,0,0,0,989.6162,0.0,989.6162,0.0,1979.2325,0.0,0.0,0.0
M062,10,nonparallel_control,0,0,0,986.9591,0.0,986.9591,0.0,1973.9183,0.0,0.0,0.0
M062,11,nonparallel_control,0,0,0,986.4528,0.0,986.4528,0.0,1972.9055,0.0,0.0,0.0
M062,12,nonparallel_control,0,0,0,988.6506,0.0,988.6506,0.0,1977.3013,0.0,0.0,0.0
M062,13,nonparallel_control,0,1,0,993.6794,0.0,993.6794,0.0,1987.3588,0.0,0.0,0.0
M062,14,nonparallel_control,0,1,0,1001.2188,0.0,1001.2188,0.0,2002.4376,0.0,0.0,0.0
M062,15,nonparallel_control,0,1,0,1010.5521,0.0,1010.5521,0.0,2021.1042,0.0,0.0,0.0
M062,16,nonparallel_control,0,1,0,1020.6795,0.0,1020.6795,0.0,2041.359,0.0,0.0,0.0
M062,17,nonparallel_control,0,1,0,1030.4756,0.0,1030.4756,0.0,2060.9513,0.0,0.0,0.0
M062,18,nonparallel_control,0,1,0,1038.8676,0.0,1038.8676,0.0,2077.7352,0.0,0.0,0.0
M062,19,nonparallel_control,0,1,0,1045.0041,0.0,1045.0041,0.0,2090.0083,0.0,0.0,0.0
M062,20,nonparallel_control,0,1,0,1048.39,0.0,1048.39,0.0,2096.7801,0.0,0.0,0.0
M063,1,nonparallel_control,0,0,0,1025.7993,0.0,1025.7993,0.0,2051.5985,0.0,0.0,0.0
M063,2,nonparallel_control,0,0,0,1034.7021,0.0,1034.7021,0.0,2069.4043,0.0,0.0,0.0
M063,3,nonparallel_control,0,0,0,1041.5664,0.0,1041.5664,0.0,2083.1328,0.0,0.0,0.0
M063,4,nonparallel_control,0,0,0,1045.782,0.0,1045.782,0.0,2091.5641,0.0,0.0,0.0
M063,5,nonparallel_control,0,0,0,1047.1571,0.0,1047.1571,0.0,2094.3141,0.0,0.0,0.0
M063,6,nonparallel_control,0,0,0,1045.9481,0.0,1045.9481,0.0,2091.8961,0.0,0.0,0.0
M063,7,nonparallel_control,0,0,0,1042.8195,0.0,1042.8195,0.0,2085.639,0.0,0.0,0.0
M063,8,nonparallel_control,0,0,0,1038.739,0.0,1038.739,0.0,2077.478,0.0,0.0,0.0
M063,9,nonparallel_control,0,0,0,1034.8244,0.0,1034.8244,0.0,2069.6487,0.0,0.0,0.0
M063,10,nonparallel_control,0,0,0,1032.1673,0.0,1032.1673,0.0,2064.3346,0.0,0.0,0.0
M063,11,nonparallel_control,0,0,0,1031.6609,0.0,1031.6609,0.0,2063.3218,0.0,0.0,0.0
M063,12,nonparallel_control,0,0,0,1033.8588,0.0,1033.8588,0.0,2067.7175,0.0,0.0,0.0
M063,13,nonparallel_control,0,1,0,1038.8875,0.0,1038.8875,0.0,2077.7751,0.0,0.0,0.0
M063,14,nonparallel_control,0,1,0,1046.4269,0.0,1046.4269,0.0,2092.8538,0.0,0.0,0.0
M063,15,nonparallel_control,0,1,0,1055.7602,0.0,1055.7602,0.0,2111.5205,0.0,0.0,0.0
M063,16,nonparallel_control,0,1,0,1065.8876,0.0,1065.8876,0.0,2131.7752,0.0,0.0,0.0
M063,17,nonparallel_control,0,1,0,1075.6838,0.0,1075.6838,0.0,2151.3675,0.0,0.0,0.0
M063,18,nonparallel_control,0,1,0,1084.0757,0.0,1084.0757,0.0,2168.1515,0.0,0.0,0.0
M063,19,nonparallel_control,0,1,0,1090.2123,0.0,1090.2123,0.0,2180.4246,0.0,0.0,0.0
M063,20,nonparallel_control,0,1,0,1093.5982,0.0,1093.5982,0.0,2187.1963,0.0,0.0,0.0
M064,1,nonparallel_control,0,0,0,1025.7183,0.0,1025.7183,0.0,2051.4367,0.0,0.0,0.0
M064,2,nonparallel_control,0,0,0,1034.6212,0.0,1034.6212,0.0,2069.2425,0.0,0.0,0.0
M064,3,nonparallel_control,0,0,0,1041.4855,0.0,1041.4855,0.0,2082.971,0.0,0.0,0.0
M064,4,nonparallel_control,0,0,0,1045.7011,0.0,1045.7011,0.0,2091.4023,0.0,0.0,0.0
M064,5,nonparallel_control,0,0,0,1047.0762,0.0,1047.0762,0.0,2094.1523,0.0,0.0,0.0
M064,6,nonparallel_control,0,0,0,1045.8672,0.0,1045.8672,0.0,2091.7343,0.0,0.0,0.0
M064,7,nonparallel_control,0,0,0,1042.7386,0.0,1042.7386,0.0,2085.4772,0.0,0.0,0.0
M064,8,nonparallel_control,0,0,0,1038.6581,0.0,1038.6581,0.0,2077.3162,0.0,0.0,0.0
M064,9,nonparallel_control,0,0,0,1034.7434,0.0,1034.7434,0.0,2069.4869,0.0,0.0,0.0
M064,10,nonparallel_control,0,0,0,1032.0864,0.0,1032.0864,0.0,2064.1727,0.0,0.0,0.0
M064,11,nonparallel_control,0,0,0,1031.58,0.0,1031.58,0.0,2063.16,0.0,0.0,0.0
M064,12,nonparallel_control,0,0,0,1033.7779,0.0,1033.7779,0.0,2067.5557,0.0,0.0,0.0
M064,13,nonparallel_control,0,1,0,1038.8066,0.0,1038.8066,0.0,2077.6133,0.0,0.0,0.0
M064,14,nonparallel_control,0,1,0,1046.346,0.0,1046.346,0.0,2092.692,0.0,0.0,0.0
M064,15,nonparallel_control,0,1,0,1055.6793,0.0,1055.6793,0.0,2111.3587,0.0,0.0,0.0
M064,16,nonparallel_control,0,1,0,1065.8067,0.0,1065.8067,0.0,2131.6134,0.0,0.0,0.0
M064,17,nonparallel_control,0,1,0,1075.6029,0.0,1075.6029,0.0,2151.2057,0.0,0.0,0.0
M064,18,nonparallel_control,0,1,0,1083.9948,0.0,1083.9948,0.0,2167.9897,0.0,0.0,0.0
M064,19,nonparallel_control,0,1,0,1090.1314,0.0,1090.1314,0.0,2180.2627,0.0,0.0,0.0
M064,20,nonparallel_control,0,1,0,1093.5173,0.0,1093.5173,0.0,2187.0345,0.0,0.0,0.0
M065,1,nonparallel_control,0,0,0,930.981,0.0,930.981,0.0,1861.9619,0.0,0.0,0.0
M065,2,nonparallel_control,0,0,0,939.8839,0.0,939.8839,0.0,1879.7677,0.0,0.0,0.0
M065,3,nonparallel_control,0,0,0,946.7481,0.0,946.7481,0.0,1893.4963,0.0,0.0,0.0
M065,4,nonparallel_control,0,0,0,950.9638,0.0,950.9638,0.0,1901.9275,0.0,0.0,0.0
M065,5,nonparallel_control,0,0,0,952.3388,0.0,952.3388,0.0,1904.6776,0.0,0.0,0.0
M065,6,nonparallel_control,0,0,0,951.1298,0.0,951.1298,0.0,1902.2596,0.0,0.0,0.0
M065,7,nonparallel_control,0,0,0,948.0012,0.0,948.0012,0.0,1896.0025,0.0,0.0,0.0
M065,8,nonparallel_control,0,0,0,943.9207,0.0,943.9207,0.0,1887.8414,0.0,0.0,0.0
M065,9,nonparallel_control,0,0,0,940.0061,0.0,940.0061,0.0,1880.0121,0.0,0.0,0.0
M065,10,nonparallel_control,0,0,0,937.349,0.0,937.349,0.0,1874.698,0.0,0.0,0.0
M065,11,nonparallel_control,0,0,0,936.8426,0.0,936.8426,0.0,1873.6852,0.0,0.0,0.0
M065,12,nonparallel_control,0,0,0,939.0405,0.0,939.0405,0.0,1878.081,0.0,0.0,0.0
M065,13,nonparallel_control,0,1,0,944.0693,0.0,944.0693,0.0,1888.1385,0.0,0.0,0.0
M065,14,nonparallel_control,0,1,0,951.6086,0.0,951.6086,0.0,1903.2173,0.0,0.0,0.0
M065,15,nonparallel_control,0,1,0,960.942,0.0,960.942,0.0,1921.8839,0.0,0.0,0.0
M065,16,nonparallel_control,0,1,0,971.0693,0.0,971.0693,0.0,1942.1387,0.0,0.0,0.0
M065,17,nonparallel_control,0,1,0,980.8655,0.0,980.8655,0.0,1961.731,0.0,0.0,0.0
M065,18,nonparallel_control,0,1,0,989.2575,0.0,989.2575,0.0,1978.5149,0.0,0.0,0.0
M065,19,nonparallel_control,0,1,0,995.394,0.0,995.394,0.0,1990.788,0.0,0.0,0.0
M065,20,nonparallel_control,0,1,0,998.7799,0.0,998.7799,0.0,1997.5598,0.0,0.0,0.0
M066,1,nonparallel_control,0,0,0,1000.3371,0.0,1000.3371,0.0,2000.6742,0.0,0.0,0.0
M066,2,nonparallel_control,0,0,0,1009.24,0.0,1009.24,0.0,2018.48,0.0,0.0,0.0
M066,3,nonparallel_control,0,0,0,1016.1043,0.0,1016.1043,0.0,2032.2086,0.0,0.0,0.0
M066,4,nonparallel_control,0,0,0,1020.3199,0.0,1020.3199,0.0,2040.6398,0.0,0.0,0.0
M066,5,nonparallel_control,0,0,0,1021.6949,0.0,1021.6949,0.0,2043.3899,0.0,0.0,0.0
M066,6,nonparallel_control,0,0,0,1020.4859,0.0,1020.4859,0.0,2040.9718,0.0,0.0,0.0
M066,7,nonparallel_control,0,0,0,1017.3574,0.0,1017.3574,0.0,2034.7147,0.0,0.0,0.0
M066,8,nonparallel_control,0,0,0,1013.2768,0.0,1013.2768,0.0,2026.5537,0.0,0.0,0.0
M066,9,nonparallel_control,0,0,0,1009.3622,0.0,1009.3622,0.0,2018.7244,0.0,0.0,0.0
M066,10,nonparallel_control,0,0,0,1006.7051,0.0,1006.7051,0.0,2013.4103,0.0,0.0,0.0
M066,11,nonparallel_control,0,0,0,1006.1987,0.0,1006.1987,0.0,2012.3975,0.0,0.0,0.0
M066,12,nonparallel_control,0,0,0,1008.3966,0.0,1008.3966,0.0,2016.7932,0.0,0.0,0.0
M066,13,nonparallel_control,0,1,0,1013.4254,0.0,1013.4254,0.0,2026.8508,0.0,0.0,0.0
M066,14,nonparallel_control,0,1,0,1020.9648,0.0,1020.9648,0.0,2041.9296,0.0,0.0,0.0
M066,15,nonparallel_control,0,1,0,1030.2981,0.0,1030.2981,0.0,2060.5962,0.0,0.0,0.0
M066,16,nonparallel_control,0,1,0,1040.4255,0.0,1040.4255,0.0,2080.8509,0.0,0.0,0.0
M066,17,nonparallel_control,0,1,0,1050.2216,0.0,1050.2216,0.0,2100.4432,0.0,0.0,0.0
M066,18,nonparallel_control,0,1,0,1058.6136,0.0,1058.6136,0.0,2117.2272,0.0,0.0,0.0
M066,19,nonparallel_control,0,1,0,1064.7501,0.0,1064.7501,0.0,2129.5003,0.0,0.0,0.0
M066,20,nonparallel_control,0,1,0,1068.136,0.0,1068.136,0.0,2136.2721,0.0,0.0,0.0
M067,1,nonparallel_control,0,0,0,927.3973,0.0,927.3973,0.0,1854.7946,0.0,0.0,0.0
M067,2,nonparallel_control,0,0,0,936.3002,0.0,936.3002,0.0,1872.6004,0.0,0.0,0.0
M067,3,nonparallel_control,0,0,0,943.1645,0.0,943.1645,0.0,1886.329,0.0,0.0,0.0
M067,4,nonparallel_control,0,0,0,947.3801,0.0,947.3801,0.0,1894.7602,0.0,0.0,0.0
M067,5,nonparallel_control,0,0,0,948.7551,0.0,948.7551,0.0,1897.5103,0.0,0.0,0.0
M067,6,nonparallel_control,0,0,0,947.5461,0.0,947.5461,0.0,1895.0922,0.0,0.0,0.0
M067,7,nonparallel_control,0,0,0,944.4176,0.0,944.4176,0.0,1888.8351,0.0,0.0,0.0
M067,8,nonparallel_control,0,0,0,940.337,0.0,940.337,0.0,1880.6741,0.0,0.0,0.0
M067,9,nonparallel_control,0,0,0,936.4224,0.0,936.4224,0.0,1872.8448,0.0,0.0,0.0
M067,10,nonparallel_control,0,0,0,933.7653,0.0,933.7653,0.0,1867.5307,0.0,0.0,0.0
M067,11,nonparallel_control,0,0,0,933.2589,0.0,933.2589,0.0,1866.5179,0.0,0.0,0.0
M067,12,nonparallel_control,0,0,0,935.4568,0.0,935.4568,0.0,1870.9136,0.0,0.0,0.0
M067,13,nonparallel_control,0,1,0,940.4856,0.0,940.4856,0.0,1880.9712,0.0,0.0,0.0
M067,14,nonparallel_control,0,1,0,948.025,0.0,948.025,0.0,1896.05,0.0,0.0,0.0
M067,15,nonparallel_control,0,1,0,957.3583,0.0,957.3583,0.0,1914.7166,0.0,0.0,0.0
M067,16,nonparallel_control,0,1,0,967.4857,0.0,967.4857,0.0,1934.9713,0.0,0.0,0.0
M067,17,nonparallel_control,0,1,0,977.2818,0.0,977.2818,0.0,1954.5636,0.0,0.0,0.0
M067,18,nonparallel_control,0,1,0,985.6738,0.0,985.6738,0.0,1971.3476,0.0,0.0,0.0
M067,19,nonparallel_control,0,1,0,991.8103,0.0,991.8103,0.0,1983.6207,0.0,0.0,0.0
M067,20,nonparallel_control,0,1,0,995.1962,0.0,995.1962,0.0,1990.3925,0.0,0.0,0.0
M068,1,nonparallel_control,0,0,0,888.7316,0.0,888.7316,0.0,1777.4632,0.0,0.0,0.0
M068,2,nonparallel_control,0,0,0,897.6345,0.0,897.6345,0.0,1795.269,0.0,0.0,0.0
M068,3,nonparallel_control,0,0,0,904.4988,0.0,904.4988,0.0,1808.9976,0.0,0.0,0.0
M068,4,nonparallel_control,0,0,0,908.7144,0.0,908.7144,0.0,1817.4288,0.0,0.0,0.0
M068,5,nonparallel_control,0,0,0,910.0894,0.0,910.0894,0.0,1820.1789,0.0,0.0,0.0
M068,6,nonparallel_control,0,0,0,908.8804,0.0,908.8804,0.0,1817.7608,0.0,0.0,0.0
M068,7,nonparallel_control,0,0,0,905.7519,0.0,905.7519,0.0,1811.5037,0.0,0.0,0.0
M068,8,nonparallel_control,0,0,0,901.6714,0.0,901.6714,0.0,1803.3427,0.0,0.0,0.0
M068,9,nonparallel_control,0,0,0,897.7567,0.0,897.7567,0.0,1795.5134,0.0,0.0,0.0
M068,10,nonparallel_control,0,0,0,895.0996,0.0,895.0996,0.0,1790.1993,0.0,0.0,0.0
M068,11,nonparallel_control,0,0,0,894.5932,0.0,894.5932,0.0,1789.1865,0.0,0.0,0.0
M068,12,nonparallel_control,0,0,0,896.7911,0.0,896.7911,0.0,1793.5822,0.0,0.0,0.0
M068,13,nonparallel_control,0,1,0,901.8199,0.0,901.8199,0.0,1803.6398,0.0,0.0,0.0
M068,14,nonparallel_control,0,1,0,909.3593,0.0,909.3593,0.0,1818.7186,0.0,0.0,0.0
M068,15,nonparallel_control,0,1,0,918.6926,0.0,918.6926,0.0,1837.3852,0.0,0.0,0.0
M068,16,nonparallel_control,0,1,0,928.82,0.0,928.82,0.0,1857.6399,0.0,0.0,0.0
M068,17,nonparallel_control,0,1,0,938.6161,0.0,938.6161,0.0,1877.2323,0.0,0.0,0.0
M068,18,nonparallel_control,0,1,0,947.0081,0.0,947.0081,0.0,1894.0162,0.0,0.0,0.0
M068,19,nonparallel_control,0,1,0,953.1446,0.0,953.1446,0.0,1906.2893,0.0,0.0,0.0
M068,20,nonparallel_control,0,1,0,956.5305,0.0,956.5305,0.0,1913.0611,0.0,0.0,0.0
M069,1,nonparallel_control,0,0,0,914.6225,0.0,914.6225,0.0,1829.2449,0.0,0.0,0.0
M069,2,nonparallel_control,0,0,0,923.5253,0.0,923.5253,0.0,1847.0507,0.0,0.0,0.0
M069,3,nonparallel_control,0,0,0,930.3896,0.0,930.3896,0.0,1860.7793,0.0,0.0,0.0
M069,4,nonparallel_control,0,0,0,934.6053,0.0,934.6053,0.0,1869.2105,0.0,0.0,0.0
M069,5,nonparallel_control,0,0,0,935.9803,0.0,935.9803,0.0,1871.9606,0.0,0.0,0.0
M069,6,nonparallel_control,0,0,0,934.7713,0.0,934.7713,0.0,1869.5425,0.0,0.0,0.0
M069,7,nonparallel_control,0,0,0,931.6427,0.0,931.6427,0.0,1863.2854,0.0,0.0,0.0
M069,8,nonparallel_control,0,0,0,927.5622,0.0,927.5622,0.0,1855.1244,0.0,0.0,0.0
M069,9,nonparallel_control,0,0,0,923.6476,0.0,923.6476,0.0,1847.2951,0.0,0.0,0.0
M069,10,nonparallel_control,0,0,0,920.9905,0.0,920.9905,0.0,1841.981,0.0,0.0,0.0
M069,11,nonparallel_control,0,0,0,920.4841,0.0,920.4841,0.0,1840.9682,0.0,0.0,0.0
M069,12,nonparallel_control,0,0,0,922.682,0.0,922.682,0.0,1845.3639,0.0,0.0,0.0
M069,13,nonparallel_control,0,1,0,927.7108,0.0,927.7108,0.0,1855.4215,0.0,0.0,0.0
M069,14,nonparallel_control,0,1,0,935.2501,0.0,935.2501,0.0,1870.5003,0.0,0.0,0.0
M069,15,nonparallel_control,0,1,0,944.5835,0.0,944.5835,0.0,1889.1669,0.0,0.0,0.0
M069,16,nonparallel_control,0,1,0,954.7108,0.0,954.7108,0.0,1909.4216,0.0,0.0,0.0
M069,17,nonparallel_control,0,1,0,964.507,0.0,964.507,0.0,1929.014,0.0,0.0,0.0
M069,18,nonparallel_control,0,1,0,972.899,0.0,972.899,0.0,1945.7979,0.0,0.0,0.0
M069,19,nonparallel_control,0,1,0,979.0355,0.0,979.0355,0.0,1958.071,0.0,0.0,0.0
M069,20,nonparallel_control,0,1,0,982.4214,0.0,982.4214,0.0,1964.8428,0.0,0.0,0.0
M070,1,nonparallel_control,0,0,0,1014.9376,0.0,1014.9376,0.0,2029.8752,0.0,0.0,0.0
M070,2,nonparallel_control,0,0,0,1023.8405,0.0,1023.8405,0.0,2047.681,0.0,0.0,0.0
M070,3,nonparallel_control,0,0,0,1030.7048,0.0,1030.7048,0.0,2061.4096,0.0,0.0,0.0
M070,4,nonparallel_control,0,0,0,1034.9204,0.0,1034.9204,0.0,2069.8408,0.0,0.0,0.0
M070,5,nonparallel_control,0,0,0,1036.2954,0.0,1036.2954,0.0,2072.5909,0.0,0.0,0.0
M070,6,nonparallel_control,0,0,0,1035.0864,0.0,1035.0864,0.0,2070.1729,0.0,0.0,0.0
M070,7,nonparallel_control,0,0,0,1031.9579,0.0,1031.9579,0.0,2063.9158,0.0,0.0,0.0
M070,8,nonparallel_control,0,0,0,1027.8774,0.0,1027.8774,0.0,2055.7547,0.0,0.0,0.0
M070,9,nonparallel_control,0,0,0,1023.9627,0.0,1023.9627,0.0,2047.9254,0.0,0.0,0.0
M070,10,nonparallel_control,0,0,0,1021.3056,0.0,1021.3056,0.0,2042.6113,0.0,0.0,0.0
M070,11,nonparallel_control,0,0,0,1020.7993,0.0,1020.7993,0.0,2041.5985,0.0,0.0,0.0
M070,12,nonparallel_control,0,0,0,1022.9971,0.0,1022.9971,0.0,2045.9943,0.0,0.0,0.0
M070,13,nonparallel_control,0,1,0,1028.0259,0.0,1028.0259,0.0,2056.0518,0.0,0.0,0.0
M070,14,nonparallel_control,0,1,0,1035.5653,0.0,1035.5653,0.0,2071.1306,0.0,0.0,0.0
M070,15,nonparallel_control,0,1,0,1044.8986,0.0,1044.8986,0.0,2089.7972,0.0,0.0,0.0
M070,16,nonparallel_control,0,1,0,1055.026,0.0,1055.026,0.0,2110.052,0.0,0.0,0.0
M070,17,nonparallel_control,0,1,0,1064.8221,0.0,1064.8221,0.0,2129.6443,0.0,0.0,0.0
M070,18,nonparallel_control,0,1,0,1073.2141,0.0,1073.2141,0.0,2146.4282,0.0,0.0,0.0
M070,19,nonparallel_control,0,1,0,1079.3506,0.0,1079.3506,0.0,2158.7013,0.0,0.0,0.0
M070,20,nonparallel_control,0,1,0,1082.7365,0.0,1082.7365,0.0,2165.4731,0.0,0.0,0.0
M071,1,nonparallel_control,0,0,0,1099.5631,0.0,1099.5631,0.0,2199.1263,0.0,0.0,0.0
M071,2,nonparallel_control,0,0,0,1108.466,0.0,1108.466,0.0,2216.932,0.0,0.0,0.0
M071,3,nonparallel_control,0,0,0,1115.3303,0.0,1115.3303,0.0,2230.6606,0.0,0.0,0.0
M071,4,nonparallel_control,0,0,0,1119.5459,0.0,1119.5459,0.0,2239.0919,0.0,0.0,0.0
M071,5,nonparallel_control,0,0,0,1120.921,0.0,1120.921,0.0,2241.8419,0.0,0.0,0.0
M071,6,nonparallel_control,0,0,0,1119.7119,0.0,1119.7119,0.0,2239.4239,0.0,0.0,0.0
M071,7,nonparallel_control,0,0,0,1116.5834,0.0,1116.5834,0.0,2233.1668,0.0,0.0,0.0
M071,8,nonparallel_control,0,0,0,1112.5029,0.0,1112.5029,0.0,2225.0057,0.0,0.0,0.0
M071,9,nonparallel_control,0,0,0,1108.5882,0.0,1108.5882,0.0,2217.1765,0.0,0.0,0.0
M071,10,nonparallel_control,0,0,0,1105.9312,0.0,1105.9312,0.0,2211.8623,0.0,0.0,0.0
M071,11,nonparallel_control,0,0,0,1105.4248,0.0,1105.4248,0.0,2210.8495,0.0,0.0,0.0
M071,12,nonparallel_control,0,0,0,1107.6226,0.0,1107.6226,0.0,2215.2453,0.0,0.0,0.0
M071,13,nonparallel_control,0,1,0,1112.6514,0.0,1112.6514,0.0,2225.3028,0.0,0.0,0.0
M071,14,nonparallel_control,0,1,0,1120.1908,0.0,1120.1908,0.0,2240.3816,0.0,0.0,0.0
M071,15,nonparallel_control,0,1,0,1129.5241,0.0,1129.5241,0.0,2259.0482,0.0,0.0,0.0
M071,16,nonparallel_control,0,1,0,1139.6515,0.0,1139.6515,0.0,2279.303,0.0,0.0,0.0
M071,17,nonparallel_control,0,1,0,1149.4476,0.0,1149.4476,0.0,2298.8953,0.0,0.0,0.0
M071,18,nonparallel_control,0,1,0,1157.8396,0.0,1157.8396,0.0,2315.6792,0.0,0.0,0.0
M071,19,nonparallel_control,0,1,0,1163.9762,0.0,1163.9762,0.0,2327.9523,0.0,0.0,0.0
M071,20,nonparallel_control,0,1,0,1167.3621,0.0,1167.3621,0.0,2334.7241,0.0,0.0,0.0
M072,1,nonparallel_control,0,0,0,1003.7528,0.0,1003.7528,0.0,2007.5056,0.0,0.0,0.0
M072,2,nonparallel_control,0,0,0,1012.6557,0.0,1012.6557,0.0,2025.3114,0.0,0.0,0.0
M072,3,nonparallel_control,0,0,0,1019.52,0.0,1019.52,0.0,2039.04,0.0,0.0,0.0
M072,4,nonparallel_control,0,0,0,1023.7356,0.0,1023.7356,0.0,2047.4712,0.0,0.0,0.0
M072,5,nonparallel_control,0,0,0,1025.1106,0.0,1025.1106,0.0,2050.2213,0.0,0.0,0.0
M072,6,nonparallel_control,0,0,0,1023.9016,0.0,1023.9016,0.0,2047.8032,0.0,0.0,0.0
M072,7,nonparallel_control,0,0,0,1020.7731,0.0,1020.7731,0.0,2041.5461,0.0,0.0,0.0
M072,8,nonparallel_control,0,0,0,1016.6925,0.0,1016.6925,0.0,2033.3851,0.0,0.0,0.0
M072,9,nonparallel_control,0,0,0,1012.7779,0.0,1012.7779,0.0,2025.5558,0.0,0.0,0.0
M072,10,nonparallel_control,0,0,0,1010.1208,0.0,1010.1208,0.0,2020.2417,0.0,0.0,0.0
M072,11,nonparallel_control,0,0,0,1009.6144,0.0,1009.6144,0.0,2019.2289,0.0,0.0,0.0
M072,12,nonparallel_control,0,0,0,1011.8123,0.0,1011.8123,0.0,2023.6246,0.0,0.0,0.0
M072,13,nonparallel_control,0,1,0,1016.8411,0.0,1016.8411,0.0,2033.6822,0.0,0.0,0.0
M072,14,nonparallel_control,0,1,0,1024.3805,0.0,1024.3805,0.0,2048.7609,0.0,0.0,0.0
M072,15,nonparallel_control,0,1,0,1033.7138,0.0,1033.7138,0.0,2067.4276,0.0,0.0,0.0
M072,16,nonparallel_control,0,1,0,1043.8412,0.0,1043.8412,0.0,2087.6823,0.0,0.0,0.0
M072,17,nonparallel_control,0,1,0,1053.6373,0.0,1053.6373,0.0,2107.2746,0.0,0.0,0.0
M072,18,nonparallel_control,0,1,0,1062.0293,0.0,1062.0293,0.0,2124.0586,0.0,0.0,0.0
M072,19,nonparallel_control,0,1,0,1068.1658,0.0,1068.1658,0.0,2136.3317,0.0,0.0,0.0
M072,20,nonparallel_control,0,1,0,1071.5517,0.0,1071.5517,0.0,2143.1034,0.0,0.0,0.0
M073,1,nonparallel_control,0,0,0,874.0372,0.0,874.0372,0.0,1748.0744,0.0,0.0,0.0
M073,2,nonparallel_control,0,0,0,882.9401,0.0,882.9401,0.0,1765.8802,0.0,0.0,0.0
M073,3,nonparallel_control,0,0,0,889.8044,0.0,889.8044,0.0,1779.6088,0.0,0.0,0.0
M073,4,nonparallel_control,0,0,0,894.02,0.0,894.02,0.0,1788.04,0.0,0.0,0.0
M073,5,nonparallel_control,0,0,0,895.395,0.0,895.395,0.0,1790.7901,0.0,0.0,0.0
M073,6,nonparallel_control,0,0,0,894.186,0.0,894.186,0.0,1788.372,0.0,0.0,0.0
M073,7,nonparallel_control,0,0,0,891.0575,0.0,891.0575,0.0,1782.1149,0.0,0.0,0.0
M073,8,nonparallel_control,0,0,0,886.9769,0.0,886.9769,0.0,1773.9539,0.0,0.0,0.0
M073,9,nonparallel_control,0,0,0,883.0623,0.0,883.0623,0.0,1766.1246,0.0,0.0,0.0
M073,10,nonparallel_control,0,0,0,880.4052,0.0,880.4052,0.0,1760.8105,0.0,0.0,0.0
M073,11,nonparallel_control,0,0,0,879.8988,0.0,879.8988,0.0,1759.7977,0.0,0.0,0.0
M073,12,nonparallel_control,0,0,0,882.0967,0.0,882.0967,0.0,1764.1934,0.0,0.0,0.0
M073,13,nonparallel_control,0,1,0,887.1255,0.0,887.1255,0.0,1774.251,0.0,0.0,0.0
M073,14,nonparallel_control,0,1,0,894.6649,0.0,894.6649,0.0,1789.3298,0.0,0.0,0.0
M073,15,nonparallel_control,0,1,0,903.9982,0.0,903.9982,0.0,1807.9964,0.0,0.0,0.0
M073,16,nonparallel_control,0,1,0,914.1256,0.0,914.1256,0.0,1828.2511,0.0,0.0,0.0
M073,17,nonparallel_control,0,1,0,923.9217,0.0,923.9217,0.0,1847.8434,0.0,0.0,0.0
M073,18,nonparallel_control,0,1,0,932.3137,0.0,932.3137,0.0,1864.6274,0.0,0.0,0.0
M073,19,nonparallel_control,0,1,0,938.4502,0.0,938.4502,0.0,1876.9005,0.0,0.0,0.0
M073,20,nonparallel_control,0,1,0,941.8361,0.0,941.8361,0.0,1883.6723,0.0,0.0,0.0
M074,1,nonparallel_control,0,0,0,957.5525,0.0,957.5525,0.0,1915.105,0.0,0.0,0.0
M074,2,nonparallel_control,0,0,0,966.4554,0.0,966.4554,0.0,1932.9107,0.0,0.0,0.0
M074,3,nonparallel_control,0,0,0,973.3196,0.0,973.3196,0.0,1946.6393,0.0,0.0,0.0
M074,4,nonparallel_control,0,0,0,977.5353,0.0,977.5353,0.0,1955.0705,0.0,0.0,0.0
M074,5,nonparallel_control,0,0,0,978.9103,0.0,978.9103,0.0,1957.8206,0.0,0.0,0.0
M074,6,nonparallel_control,0,0,0,977.7013,0.0,977.7013,0.0,1955.4026,0.0,0.0,0.0
M074,7,nonparallel_control,0,0,0,974.5727,0.0,974.5727,0.0,1949.1455,0.0,0.0,0.0
M074,8,nonparallel_control,0,0,0,970.4922,0.0,970.4922,0.0,1940.9844,0.0,0.0,0.0
M074,9,nonparallel_control,0,0,0,966.5776,0.0,966.5776,0.0,1933.1552,0.0,0.0,0.0
M074,10,nonparallel_control,0,0,0,963.9205,0.0,963.9205,0.0,1927.841,0.0,0.0,0.0
M074,11,nonparallel_control,0,0,0,963.4141,0.0,963.4141,0.0,1926.8282,0.0,0.0,0.0
M074,12,nonparallel_control,0,0,0,965.612,0.0,965.612,0.0,1931.224,0.0,0.0,0.0
M074,13,nonparallel_control,0,1,0,970.6408,0.0,970.6408,0.0,1941.2815,0.0,0.0,0.0
M074,14,nonparallel_control,0,1,0,978.1801,0.0,978.1801,0.0,1956.3603,0.0,0.0,0.0
M074,15,nonparallel_control,0,1,0,987.5135,0.0,987.5135,0.0,1975.0269,0.0,0.0,0.0
M074,16,nonparallel_control,0,1,0,997.6408,0.0,997.6408,0.0,1995.2817,0.0,0.0,0.0
M074,17,nonparallel_control,0,1,0,1007.437,0.0,1007.437,0.0,2014.874,0.0,0.0,0.0
M074,18,nonparallel_control,0,1,0,1015.829,0.0,1015.829,0.0,2031.6579,0.0,0.0,0.0
M074,19,nonparallel_control,0,1,0,1021.9655,0.0,1021.9655,0.0,2043.931,0.0,0.0,0.0
M074,20,nonparallel_control,0,1,0,1025.3514,0.0,1025.3514,0.0,2050.7028,0.0,0.0,0.0
M075,1,nonparallel_control,0,0,0,1005.3617,0.0,1005.3617,0.0,2010.7235,0.0,0.0,0.0
M075,2,nonparallel_control,0,0,0,1014.2646,0.0,1014.2646,0.0,2028.5293,0.0,0.0,0.0
M075,3,nonparallel_control,0,0,0,1021.1289,0.0,1021.1289,0.0,2042.2578,0.0,0.0,0.0
M075,4,nonparallel_control,0,0,0,1025.3445,0.0,1025.3445,0.0,2050.6891,0.0,0.0,0.0
M075,5,nonparallel_control,0,0,0,1026.7196,0.0,1026.7196,0.0,2053.4391,0.0,0.0,0.0
M075,6,nonparallel_control,0,0,0,1025.5106,0.0,1025.5106,0.0,2051.0211,0.0,0.0,0.0
M075,7,nonparallel_control,0,0,0,1022.382,0.0,1022.382,0.0,2044.764,0.0,0.0,0.0
M075,8,nonparallel_control,0,0,0,1018.3015,0.0,1018.3015,0.0,2036.603,0.0,0.0,0.0
M075,9,nonparallel_control,0,0,0,1014.3869,0.0,1014.3869,0.0,2028.7737,0.0,0.0,0.0
M075,10,nonparallel_control,0,0,0,1011.7298,0.0,1011.7298,0.0,2023.4595,0.0,0.0,0.0
M075,11,nonparallel_control,0,0,0,1011.2234,0.0,1011.2234,0.0,2022.4468,0.0,0.0,0.0
M075,12,nonparallel_control,0,0,0,1013.4213,0.0,1013.4213,0.0,2026.8425,0.0,0.0,0.0
M075,13,nonparallel_control,0,1,0,1018.45,0.0,1018.45,0.0,2036.9001,0.0,0.0,0.0
M075,14,nonparallel_control,0,1,0,1025.9894,0.0,1025.9894,0.0,2051.9788,0.0,0.0,0.0
M075,15,nonparallel_control,0,1,0,1035.3227,0.0,1035.3227,0.0,2070.6455,0.0,0.0,0.0
M075,16,nonparallel_control,0,1,0,1045.4501,0.0,1045.4501,0.0,2090.9002,0.0,0.0,0.0
M075,17,nonparallel_control,0,1,0,1055.2463,0.0,1055.2463,0.0,2110.4925,0.0,0.0,0.0
M075,18,nonparallel_control,0,1,0,1063.6382,0.0,1063.6382,0.0,2127.2765,0.0,0.0,0.0
M075,19,nonparallel_control,0,1,0,1069.7748,0.0,1069.7748,0.0,2139.5495,0.0,0.0,0.0
M075,20,nonparallel_control,0,1,0,1073.1607,0.0,1073.1607,0.0,2146.3213,0.0,0.0,0.0
M076,1,nonparallel_control,0,0,0,1120.4328,0.0,1120.4328,0.0,2240.8656,0.0,0.0,0.0
M076,2,nonparallel_control,0,0,0,1129.3357,0.0,1129.3357,0.0,2258.6714,0.0,0.0,0.0
M076,3,nonparallel_control,0,0,0,1136.2,0.0,1136.2,0.0,2272.4,0.0,0.0,0.0
M076,4,nonparallel_control,0,0,0,1140.4156,0.0,1140.4156,0.0,2280.8312,0.0,0.0,0.0
M076,5,nonparallel_control,0,0,0,1141.7906,0.0,1141.7906,0.0,2283.5813,0.0,0.0,0.0
M076,6,nonparallel_control,0,0,0,1140.5816,0.0,1140.5816,0.0,2281.1632,0.0,0.0,0.0
M076,7,nonparallel_control,0,0,0,1137.4531,0.0,1137.4531,0.0,2274.9061,0.0,0.0,0.0
M076,8,nonparallel_control,0,0,0,1133.3725,0.0,1133.3725,0.0,2266.7451,0.0,0.0,0.0
M076,9,nonparallel_control,0,0,0,1129.4579,0.0,1129.4579,0.0,2258.9158,0.0,0.0,0.0
M076,10,nonparallel_control,0,0,0,1126.8008,0.0,1126.8008,0.0,2253.6017,0.0,0.0,0.0
M076,11,nonparallel_control,0,0,0,1126.2944,0.0,1126.2944,0.0,2252.5889,0.0,0.0,0.0
M076,12,nonparallel_control,0,0,0,1128.4923,0.0,1128.4923,0.0,2256.9846,0.0,0.0,0.0
M076,13,nonparallel_control,0,1,0,1133.5211,0.0,1133.5211,0.0,2267.0422,0.0,0.0,0.0
M076,14,nonparallel_control,0,1,0,1141.0605,0.0,1141.0605,0.0,2282.121,0.0,0.0,0.0
M076,15,nonparallel_control,0,1,0,1150.3938,0.0,1150.3938,0.0,2300.7876,0.0,0.0,0.0
M076,16,nonparallel_control,0,1,0,1160.5212,0.0,1160.5212,0.0,2321.0423,0.0,0.0,0.0
M076,17,nonparallel_control,0,1,0,1170.3173,0.0,1170.3173,0.0,2340.6346,0.0,0.0,0.0
M076,18,nonparallel_control,0,1,0,1178.7093,0.0,1178.7093,0.0,2357.4186,0.0,0.0,0.0
M076,19,nonparallel_control,0,1,0,1184.8458,0.0,1184.8458,0.0,2369.6917,0.0,0.0,0.0
M076,20,nonparallel_control,0,1,0,1188.2317,0.0,1188.2317,0.0,2376.4635,0.0,0.0,0.0
M077,1,nonparallel_control,0,0,0,1035.2748,0.0,1035.2748,0.0,2070.5497,0.0,0.0,0.0
M077,2,nonparallel_control,0,0,0,1044.1777,0.0,1044.1777,0.0,2088.3554,0.0,0.0,0.0
M077,3,nonparallel_control,0,0,0,1051.042,0.0,1051.042,0.0,2102.084,0.0,0.0,0.0
M077,4,nonparallel_control,0,0,0,1055.2576,0.0,1055.2576,0.0,2110.5153,0.0,0.0,0.0
M077,5,nonparallel_control,0,0,0,1056.6327,0.0,1056.6327,0.0,2113.2653,0.0,0.0,0.0
M077,6,nonparallel_control,0,0,0,1055.4237,0.0,1055.4237,0.0,2110.8473,0.0,0.0,0.0
M077,7,nonparallel_control,0,0,0,1052.2951,0.0,1052.2951,0.0,2104.5902,0.0,0.0,0.0
M077,8,nonparallel_control,0,0,0,1048.2146,0.0,1048.2146,0.0,2096.4292,0.0,0.0,0.0
M077,9,nonparallel_control,0,0,0,1044.2999,0.0,1044.2999,0.0,2088.5999,0.0,0.0,0.0
M077,10,nonparallel_control,0,0,0,1041.6429,0.0,1041.6429,0.0,2083.2857,0.0,0.0,0.0
M077,11,nonparallel_control,0,0,0,1041.1365,0.0,1041.1365,0.0,2082.273,0.0,0.0,0.0
M077,12,nonparallel_control,0,0,0,1043.3344,0.0,1043.3344,0.0,2086.6687,0.0,0.0,0.0
M077,13,nonparallel_control,0,1,0,1048.3631,0.0,1048.3631,0.0,2096.7263,0.0,0.0,0.0
M077,14,nonparallel_control,0,1,0,1055.9025,0.0,1055.9025,0.0,2111.805,0.0,0.0,0.0
M077,15,nonparallel_control,0,1,0,1065.2358,0.0,1065.2358,0.0,2130.4717,0.0,0.0,0.0
M077,16,nonparallel_control,0,1,0,1075.3632,0.0,1075.3632,0.0,2150.7264,0.0,0.0,0.0
M077,17,nonparallel_control,0,1,0,1085.1594,0.0,1085.1594,0.0,2170.3187,0.0,0.0,0.0
M077,18,nonparallel_control,0,1,0,1093.5513,0.0,1093.5513,0.0,2187.1027,0.0,0.0,0.0
M077,19,nonparallel_control,0,1,0,1099.6879,0.0,1099.6879,0.0,2199.3757,0.0,0.0,0.0
M077,20,nonparallel_control,0,1,0,1103.0738,0.0,1103.0738,0.0,2206.1475,0.0,0.0,0.0
M078,1,nonparallel_control,0,0,0,1014.6921,0.0,1014.6921,0.0,2029.3842,0.0,0.0,0.0
M078,2,nonparallel_control,0,0,0,1023.595,0.0,1023.595,0.0,2047.19,0.0,0.0,0.0
M078,3,nonparallel_control,0,0,0,1030.4593,0.0,1030.4593,0.0,2060.9185,0.0,0.0,0.0
M078,4,nonparallel_control,0,0,0,1034.6749,0.0,1034.6749,0.0,2069.3498,0.0,0.0,0.0
M078,5,nonparallel_control,0,0,0,1036.0499,0.0,1036.0499,0.0,2072.0998,0.0,0.0,0.0
M078,6,nonparallel_control,0,0,0,1034.8409,0.0,1034.8409,0.0,2069.6818,0.0,0.0,0.0
M078,7,nonparallel_control,0,0,0,1031.7124,0.0,1031.7124,0.0,2063.4247,0.0,0.0,0.0
M078,8,nonparallel_control,0,0,0,1027.6318,0.0,1027.6318,0.0,2055.2637,0.0,0.0,0.0
M078,9,nonparallel_control,0,0,0,1023.7172,0.0,1023.7172,0.0,2047.4344,0.0,0.0,0.0
M078,10,nonparallel_control,0,0,0,1021.0601,0.0,1021.0601,0.0,2042.1202,0.0,0.0,0.0
M078,11,nonparallel_control,0,0,0,1020.5537,0.0,1020.5537,0.0,2041.1075,0.0,0.0,0.0
M078,12,nonparallel_control,0,0,0,1022.7516,0.0,1022.7516,0.0,2045.5032,0.0,0.0,0.0
M078,13,nonparallel_control,0,1,0,1027.7804,0.0,1027.7804,0.0,2055.5608,0.0,0.0,0.0
M078,14,nonparallel_control,0,1,0,1035.3198,0.0,1035.3198,0.0,2070.6395,0.0,0.0,0.0
M078,15,nonparallel_control,0,1,0,1044.6531,0.0,1044.6531,0.0,2089.3062,0.0,0.0,0.0
M078,16,nonparallel_control,0,1,0,1054.7805,0.0,1054.7805,0.0,2109.5609,0.0,0.0,0.0
M078,17,nonparallel_control,0,1,0,1064.5766,0.0,1064.5766,0.0,2129.1532,0.0,0.0,0.0
M078,18,nonparallel_control,0,1,0,1072.9686,0.0,1072.9686,0.0,2145.9372,0.0,0.0,0.0
M078,19,nonparallel_control,0,1,0,1079.1051,0.0,1079.1051,0.0,2158.2102,0.0,0.0,0.0
M078,20,nonparallel_control,0,1,0,1082.491,0.0,1082.491,0.0,2164.982,0.0,0.0,0.0
M079,1,nonparallel_control,0,0,0,1113.3651,0.0,1113.3651,0.0,2226.7303,0.0,0.0,0.0
M079,2,nonparallel_control,0,0,0,1122.268,0.0,1122.268,0.0,2244.536,0.0,0.0,0.0
M079,3,nonparallel_control,0,0,0,1129.1323,0.0,1129.1323,0.0,2258.2646,0.0,0.0,0.0
M079,4,nonparallel_control,0,0,0,1133.3479,0.0,1133.3479,0.0,2266.6959,0.0,0.0,0.0
M079,5,nonparallel_control,0,0,0,1134.723,0.0,1134.723,0.0,2269.4459,0.0,0.0,0.0
M079,6,nonparallel_control,0,0,0,1133.514,0.0,1133.514,0.0,2267.0279,0.0,0.0,0.0
M079,7,nonparallel_control,0,0,0,1130.3854,0.0,1130.3854,0.0,2260.7708,0.0,0.0,0.0
M079,8,nonparallel_control,0,0,0,1126.3049,0.0,1126.3049,0.0,2252.6098,0.0,0.0,0.0
M079,9,nonparallel_control,0,0,0,1122.3902,0.0,1122.3902,0.0,2244.7805,0.0,0.0,0.0
M079,10,nonparallel_control,0,0,0,1119.7332,0.0,1119.7332,0.0,2239.4663,0.0,0.0,0.0
M079,11,nonparallel_control,0,0,0,1119.2268,0.0,1119.2268,0.0,2238.4536,0.0,0.0,0.0
M079,12,nonparallel_control,0,0,0,1121.4246,0.0,1121.4246,0.0,2242.8493,0.0,0.0,0.0
M079,13,nonparallel_control,0,1,0,1126.4534,0.0,1126.4534,0.0,2252.9069,0.0,0.0,0.0
M079,14,nonparallel_control,0,1,0,1133.9928,0.0,1133.9928,0.0,2267.9856,0.0,0.0,0.0
M079,15,nonparallel_control,0,1,0,1143.3261,0.0,1143.3261,0.0,2286.6523,0.0,0.0,0.0
M079,16,nonparallel_control,0,1,0,1153.4535,0.0,1153.4535,0.0,2306.907,0.0,0.0,0.0
M079,17,nonparallel_control,0,1,0,1163.2497,0.0,1163.2497,0.0,2326.4993,0.0,0.0,0.0
M079,18,nonparallel_control,0,1,0,1171.6416,0.0,1171.6416,0.0,2343.2833,0.0,0.0,0.0
M079,19,nonparallel_control,0,1,0,1177.7782,0.0,1177.7782,0.0,2355.5563,0.0,0.0,0.0
M079,20,nonparallel_control,0,1,0,1181.1641,0.0,1181.1641,0.0,2362.3281,0.0,0.0,0.0
M080,1,nonparallel_control,0,0,0,931.1143,0.0,931.1143,0.0,1862.2286,0.0,0.0,0.0
M080,2,nonparallel_control,0,0,0,940.0172,0.0,940.0172,0.0,1880.0344,0.0,0.0,0.0
M080,3,nonparallel_control,0,0,0,946.8815,0.0,946.8815,0.0,1893.7629,0.0,0.0,0.0
M080,4,nonparallel_control,0,0,0,951.0971,0.0,951.0971,0.0,1902.1942,0.0,0.0,0.0
M080,5,nonparallel_control,0,0,0,952.4721,0.0,952.4721,0.0,1904.9442,0.0,0.0,0.0
M080,6,nonparallel_control,0,0,0,951.2631,0.0,951.2631,0.0,1902.5262,0.0,0.0,0.0
M080,7,nonparallel_control,0,0,0,948.1346,0.0,948.1346,0.0,1896.2691,0.0,0.0,0.0
M080,8,nonparallel_control,0,0,0,944.054,0.0,944.054,0.0,1888.1081,0.0,0.0,0.0
M080,9,nonparallel_control,0,0,0,940.1394,0.0,940.1394,0.0,1880.2788,0.0,0.0,0.0
M080,10,nonparallel_control,0,0,0,937.4823,0.0,937.4823,0.0,1874.9646,0.0,0.0,0.0
M080,11,nonparallel_control,0,0,0,936.9759,0.0,936.9759,0.0,1873.9519,0.0,0.0,0.0
M080,12,nonparallel_control,0,0,0,939.1738,0.0,939.1738,0.0,1878.3476,0.0,0.0,0.0
M080,13,nonparallel_control,0,1,0,944.2026,0.0,944.2026,0.0,1888.4052,0.0,0.0,0.0
M080,14,nonparallel_control,0,1,0,951.742,0.0,951.742,0.0,1903.4839,0.0,0.0,0.0
M080,15,nonparallel_control,0,1,0,961.0753,0.0,961.0753,0.0,1922.1506,0.0,0.0,0.0
M080,16,nonparallel_control,0,1,0,971.2027,0.0,971.2027,0.0,1942.4053,0.0,0.0,0.0
M080,17,nonparallel_control,0,1,0,980.9988,0.0,980.9988,0.0,1961.9976,0.0,0.0,0.0
M080,18,nonparallel_control,0,1,0,989.3908,0.0,989.3908,0.0,1978.7816,0.0,0.0,0.0
M080,19,nonparallel_control,0,1,0,995.5273,0.0,995.5273,0.0,1991.0546,0.0,0.0,0.0
M080,20,nonparallel_control,0,1,0,998.9132,0.0,998.9132,0.0,1997.8264,0.0,0.0,0.0
