pair_id,treated_index,control_index,treated_score,control_score,score_distance,treated_outcome,control_outcome,difference
1,1,5133,0.42385110157183353,0.4238024110763214,4.869049551214921e-05,50.4342,43.3079,7.1263000000000005
2,3,2549,0.3452824841643536,0.34523469168904586,4.7792475307728566e-05,46.8762,39.5315,7.344699999999996
3,11,807,0.3223208392878926,0.32232882920969785,7.989921805229283e-06,44.1716,37.8002,6.371400000000001
4,12,552,0.6098450468143323,0.6098350672752281,9.97953910419902e-06,53.5533,49.1027,4.450600000000001
5,13,2943,0.2905824134319971,0.29071814502452825,0.00013573159253116307,44.3762,35.6837,8.692499999999995
6,14,2774,0.13218358798903665,0.132213661154536,3.0073165499355792e-05,31.6481,26.9814,4.666699999999999
7,15,4112,0.23049099402453857,0.23056753887135087,7.654484681229867e-05,43.743,30.8728,12.8702
8,21,4811,0.33373674440914153,0.33366785688217326,6.888752696826428e-05,43.8082,37.2929,6.515299999999996
9,22,2818,0.26715625390628356,0.2672564396720707,0.00010018576578713079,43.7758,32.6052,11.170599999999993
10,24,4458,0.8347886924426523,0.835419817473025,0.000631125030372659,65.9125,56.874,9.038499999999992
11,26,782,0.40537547144631064,0.4053849884356029,9.516989292246425e-06,46.6567,39.0509,7.605800000000002
12,31,1208,0.2543181194490126,0.25429055644278903,2.756300622358543e-05,39.195,37.6462,1.5488
13,35,1165,0.513484691036799,0.5136106269456657,0.00012593590886678108,52.9223,45.6405,7.281799999999997
14,40,4634,0.7799751782458126,0.7801632053271522,0.00018802708133958124,61.4026,55.581,5.8215999999999966
15,43,5678,0.7187288991516315,0.7191138786118848,0.00038497946025328744,60.4831,52.3239,8.159199999999998
16,44,1366,0.7682026069925201,0.770941965518779,0.0027393585262589504,58.9274,50.6419,8.285499999999999
17,46,3827,0.8007109166212877,0.8028178139423056,0.0021068973210178754,63.8778,55.1128,8.765
18,48,1214,0.2438915203248819,0.24387235084614978,1.9169478732122824e-05,42.8579,36.043,6.8149000000000015
19,50,2546,0.3169524430326883,0.3169492957990088,3.1472336795013156e-06,45.5752,37.4825,8.0927
20,52,4761,0.14766366594749825,0.14770561176057626,4.1945813078009264e-05,37.1507,28.7454,8.4053
21,54,3189,0.43155026885226,0.4316403182977542,9.004944549417804e-05,46.0335,41.6929,4.340599999999995
22,59,4304,0.30949419967960395,0.3094429870148954,5.121266470853314e-05,44.1947,37.277,6.917699999999996
23,61,3827,0.8016584539326919,0.8028178139423056,0.001159360009613697,61.9296,55.1128,6.816800000000001
24,64,3253,0.5189686523975632,0.5190536522293159,8.499983175269676e-05,54.6153,46.8686,7.746699999999997
25,69,468,0.4876552334115473,0.48766073380867797,5.500397130653312e-06,51.9477,39.8798,12.067899999999995
26,72,3168,0.5057302516865183,0.5057181556625853,1.2096023933039213e-05,49.8915,39.9187,9.9728
27,73,4376,0.36855185832315684,0.36836475784170714,0.00018710048144970903,46.0277,38.078,7.9497
28,75,1382,0.6315433612745789,0.6315022299751791,4.1131299399754795e-05,56.4469,48.6168,7.830100000000002
29,78,3667,0.7548161389899124,0.7546199099698503,0.00019622902006211085,62.1066,52.3408,9.765799999999999
30,79,3425,0.211746197921205,0.21173502414623452,1.1173774970479888e-05,40.3257,29.475,10.850699999999996
31,86,4855,0.7250036728232131,0.7241861388445896,0.000817533978623497,59.638,54.464,5.1739999999999995
32,88,177,0.763779787572564,0.7637122275135486,6.756005901542572e-05,59.7845,54.2565,5.527999999999999
33,95,4375,0.3305209373351305,0.3305628194873936,4.1882152263084116e-05,45.8753,38.4865,7.388800000000003
34,100,5930,0.5209295925482724,0.5215610159106895,0.0006314233624170607,53.6173,42.8934,10.7239
35,101,3711,0.1854755773826541,0.18540852444597053,6.705293668357593e-05,39.8537,28.4415,11.412200000000002
36,105,4670,0.24989598575781866,0.24989988520061554,3.899442796884145e-06,43.0278,33.1102,9.9176
37,106,1147,0.23216170085171847,0.23224727190513048,8.557105341200355e-05,42.5761,32.2351,10.340999999999994
38,111,2766,0.5447738317115447,0.545109417449341,0.00033558573779635115,54.214,45.8424,8.3716
39,122,85,0.31019870280061823,0.3104657811799361,0.0002670783793178866,45.4913,37.5152,7.976100000000002
40,124,5818,0.3414334608567816,0.3414581803276675,2.4719470885892214e-05,47.4702,36.4741,10.996099999999998
41,127,5793,0.17479837025633732,0.1748228446954167,2.4474439079380517e-05,37.3643,30.1255,7.238800000000001
42,130,3665,0.671597997902333,0.6718684830429004,0.00027048514056737805,56.2463,50.3584,5.887899999999995
43,135,4433,0.3350201509540312,0.3350582101320815,3.805917805027592e-05,42.2861,37.3953,4.890799999999999
44,136,5713,0.5096291196751632,0.5094045394933924,0.00022458018177085037,52.0737,44.4265,7.647200000000005
45,140,5563,0.25747991298307876,0.25750564436271517,2.5731379636406704e-05,41.5515,35.8144,5.737099999999998
46,143,2160,0.846196963169386,0.8551091769873044,0.008912213817918402,65.9326,58.3633,7.569299999999991
47,147,4733,0.3540322701674977,0.3541545348684039,0.000122264700906205,47.582,40.1946,7.3873999999999995
48,148,4239,0.14867801382281423,0.1487064187882432,2.8404965428968643e-05,37.3105,29.2599,8.0506
49,149,2946,0.6255857810840497,0.6251929249188268,0.0003928561652228879,56.4912,47.7121,8.7791
50,150,177,0.7637094414373456,0.7637122275135486,2.7860762029652264e-06,61.1139,54.2565,6.857399999999998
51,152,1405,0.42427959282060673,0.4242502781183612,2.9314702245542e-05,44.5183,39.1924,5.325900000000004
52,153,1702,0.9222983089558103,0.9163962342131008,0.00590207474270954,68.6305,61.8424,6.7881
53,156,4464,0.6924424317447526,0.6928972539161355,0.00045482217138292924,58.3931,46.2291,12.163999999999994
54,158,4912,0.20386436900934632,0.20388953173184773,2.5162722501415047e-05,38.1547,30.7256,7.429099999999998
55,159,2764,0.6816055619658955,0.6812211556836176,0.00038440628227787155,56.4482,48.2102,8.238
56,160,4706,0.6680345309226262,0.6687852082768373,0.0007506773542110823,57.4618,48.1607,9.301099999999998
57,162,3612,0.5297654998984173,0.5296732136144112,9.228628400603789e-05,48.9433,44.3576,4.585700000000003
58,168,1127,0.25104758313658915,0.25100036805939935,4.721507718979945e-05,43.4482,36.3044,7.143799999999999
59,169,3664,0.371401342907869,0.37143640792829413,3.506502042510684e-05,43.9902,38.012,5.978200000000001
60,170,4276,0.5248002301832725,0.5248650418800724,6.481169679994903e-05,53.8527,44.6731,9.1796
61,173,2395,0.1810045754967874,0.18100256713371107,2.0083630763167992e-06,37.0451,33.2551,3.789999999999999
62,174,1554,0.4635336280355927,0.4633116247236158,0.00022200331197691492,50.6297,41.431,9.198700000000002
64,187,2435,0.7766980613288258,0.7766832031987564,1.4858130069406172e-05,61.678,53.5596,8.118399999999994
65,188,1174,0.39200201719861316,0.39186265354547817,0.000139363653134994,49.8826,39.363,10.519599999999997
66,189,953,0.3749479940566794,0.3748350663389449,0.00011292771773446786,46.0452,38.431,7.614200000000004
67,196,4887,0.38272040344335173,0.38246630673073234,0.0002540967126193894,48.1433,38.2317,9.911600000000007
68,198,1266,0.391188829875232,0.3911444566756192,4.437319961281272e-05,47.8722,38.8401,9.0321
69,200,177,0.7630049866401438,0.7637122275135486,0.0007072408734047908,57.3858,54.2565,3.1293000000000006
70,201,2198,0.34243155264732306,0.34251765688544317,8.610423812011048e-05,48.947,35.9832,12.963800000000006
71,203,5122,0.5735932672421229,0.5734080370202422,0.00018523022188066118,53.4889,44.0788,9.4101
72,205,4855,0.7239042961265758,0.7241861388445896,0.0002818427180137917,60.144,54.464,5.68
73,206,4009,0.1886116379639557,0.18865064718921795,3.9009225262259806e-05,35.0673,30.116,4.951300000000003
74,207,2434,0.4977447524760963,0.49781160964273374,6.685716663745733e-05,49.6873,47.0416,2.645699999999998
75,210,179,0.5956437378270026,0.5952016586586644,0.0004420791683382719,54.2199,45.4295,8.790400000000005
76,216,5122,0.5738816333868043,0.5734080370202422,0.00047359636656207904,51.3277,44.0788,7.248899999999999
77,221,5744,0.5002481202692179,0.4999226223519577,0.00032549791726022015,55.7871,44.8773,10.909800000000004
78,223,5912,0.2763309991610964,0.27633083786717055,1.6129392582664437e-07,43.76,32.4808,11.279199999999996
79,227,2763,0.8313259971056438,0.8308404623443763,0.0004855347612675587,68.2431,56.3397,11.903399999999998
80,228,81,0.709232877228798,0.7098877752412274,0.0006548980124293502,57.3387,51.5748,5.7639
81,233,41,0.653801440982943,0.6538341453496315,3.270436668845189e-05,59.4963,46.9235,12.5728
82,240,3505,0.5814724592713192,0.5812191939252992,0.00025326534601999295,51.9947,43.5995,8.395200000000003
83,246,3247,0.5141264422203268,0.5139952748174689,0.0001311674028579013,50.5564,47.8811,2.675299999999993
84,252,900,0.5401446436438319,0.540186899178291,4.225553445913466e-05,53.1714,49.0943,4.0771000000000015
85,255,4859,0.36204735847432895,0.36190825560033363,0.00013910287399532262,44.3016,39.3971,4.904499999999999
86,257,3323,0.1190075056154617,0.1190761056229249,6.860000746319872e-05,32.4631,25.9148,6.548299999999998
87,260,3599,0.48214770307395105,0.4820816936287529,6.600944519813412e-05,52.0061,40.0111,11.995000000000005
88,261,811,0.3504386932576198,0.3508259696305365,0.000387276372916745,44.6517,39.8629,4.788799999999995
89,264,3337,0.7031848823297454,0.7031725690991624,1.2313230583038681e-05,57.5657,49.4105,8.1552
90,267,5739,0.23911202319471844,0.23904098653296796,7.103666175048429e-05,43.7788,35.4471,8.331699999999998
91,268,4944,0.5791386422133153,0.5795025633444277,0.000363921131112388,53.2163,44.3343,8.881999999999998
92,270,4464,0.6909662668537959,0.6928972539161355,0.0019309870623396286,58.1147,46.2291,11.885599999999997
93,274,1702,0.9197872791186137,0.9163962342131008,0.0033910449055128966,68.4449,61.8424,6.602500000000006
94,279,2856,0.5225272575884418,0.5225737020427131,4.644445427137711e-05,50.931,45.5631,5.367899999999999
95,282,2423,0.2912425115926175,0.291385032130111,0.000142520537493529,44.1638,34.4245,9.7393
96,283,828,0.07773252401950116,0.07775246747273222,1.9943453231058283e-05,30.7554,24.396,6.359400000000001
97,285,490,0.20538335745091077,0.20535808395041033,2.5273500500438972e-05,41.0299,30.939,10.090899999999998
98,286,2736,0.4322895062894645,0.4323320934853371,4.2587195872578754e-05,49.4733,42.5165,6.956800000000001
99,288,4028,0.5604904082700256,0.5605566419123218,6.623364229618733e-05,52.2369,46.6305,5.606400000000001
100,289,3163,0.326951380318686,0.32687593467333853,7.544564534744946e-05,48.4373,37.0431,11.394199999999998
101,291,940,0.4110439843120447,0.41095744026774295,8.654404430175067e-05,48.0702,44.0133,4.056899999999999
102,298,4357,0.7574018218347788,0.757834199645219,0.00043237781044025425,62.1062,51.8507,10.255499999999998
103,300,411,0.2611314152451807,0.26108286731028335,4.854793489733611e-05,44.6286,32.4302,12.1984
104,304,404,0.5398346934945338,0.5397992533203737,3.544017416012846e-05,51.9004,43.4691,8.4313
105,307,4464,0.6919914518620449,0.6928972539161355,0.000905802054090632,56.9241,46.2291,10.695
106,309,2062,0.1593870944561076,0.15925024231714116,0.00013685213896644233,34.5403,28.3905,6.149800000000003
107,310,4464,0.6902928954371299,0.6928972539161355,0.0026043584790056418,58.1377,46.2291,11.9086
108,312,4972,0.48421428397806504,0.4842630508930698,4.876691500477204e-05,55.4933,40.6585,14.834800000000001
109,318,5418,0.40821402042119,0.4081675432200065,4.6477201183503514e-05,48.3801,37.9811,10.399000000000001
110,320,484,0.5172061611967843,0.517303914428999,9.775323221472565e-05,51.0032,44.4398,6.5634000000000015
111,324,5247,0.6447128668366663,0.6446739810218588,3.888581480748776e-05,56.3566,47.0489,9.307699999999997
113,330,4340,0.3396915220778788,0.3397162868526926,2.4764774813834656e-05,44.8952,36.9556,7.939600000000006
114,331,4627,0.7753885761127887,0.7760590345429746,0.0006704584301859828,61.0181,52.0014,9.0167
115,332,2743,0.15399286244682675,0.1539929610163404,9.85695136623832e-08,38.0186,24.6071,13.4115
116,333,177,0.7639369162462559,0.7637122275135486,0.00022468873270731216,61.9643,54.2565,7.707799999999999
117,334,5890,0.5533698612971628,0.5530740931634593,0.0002957681337034668,51.4371,42.8347,8.602400000000003
118,340,5818,0.34138713422653894,0.3414581803276675,7.104610112856902e-05,47.356,36.4741,10.881900000000002
119,343,2473,0.28645820548124284,0.28642327861457684,3.492686666600742e-05,44.6585,34.5748,10.083699999999993
120,344,4953,0.16043161045971419,0.16043967215626728,8.061696553096631e-06,38.0102,31.3043,6.705899999999996
121,345,1687,0.290292720938704,0.29013783230967877,0.00015488862902524048,45.5432,39.4633,6.079900000000002
122,349,2549,0.34527993143778474,0.34523469168904586,4.5239748738878927e-05,45.0251,39.5315,5.493600000000001
123,352,4337,0.30370833684866577,0.30361657533192055,9.17615167452257e-05,44.51,35.1385,9.371499999999997
124,354,3732,0.2761038493091941,0.27624632785554815,0.00014247854635401902,41.5876,33.4597,8.127900000000004
125,356,892,0.5455150648863871,0.5455184408712039,3.3759848168113393e-06,53.2619,47.2216,6.040299999999995
126,362,1490,0.39861317639427923,0.39862598168232327,1.2805288044037688e-05,45.7737,40.259,5.514699999999998
127,366,1911,0.8158745656132483,0.8175237393921148,0.0016491737788664196,64.0824,55.8265,8.255900000000004
128,367,3104,0.3791933063347445,0.37925257122372485,5.9264888980337105e-05,46.322,37.9175,8.404500000000006
129,370,4333,0.7169109040970267,0.7164963730739193,0.00041453102310740064,60.68,49.4994,11.180599999999998
130,371,820,0.24219635189685632,0.24219306416404368,3.287732812634614e-06,42.4268,32.4689,9.957900000000002
131,373,2310,0.11757787029889309,0.11763304165560028,5.5171356707184316e-05,34.1851,27.3918,6.793299999999999
132,375,4502,0.3701146356980069,0.3703248827164643,0.00021024701845739902,48.3419,41.9406,6.401299999999999
133,388,2633,0.49596808041805046,0.49582519287248633,0.00014288754556412986,48.022,41.6047,6.417299999999997
134,389,1734,0.640592504289012,0.6408860471028667,0.0002935428138546303,57.537,44.6882,12.848799999999997
135,392,3412,0.5915770673705922,0.5913398182947246,0.00023724907586764044,53.7291,46.8128,6.9163
136,393,2108,0.6500512446204415,0.6502656823030082,0.0002144376825666816,53.9785,47.2669,6.711599999999997
138,403,1729,0.1688319483517524,0.16887226934476682,4.032099301443104e-05,41.5548,30.7473,10.807500000000001
139,406,2953,0.3127741241378599,0.3127951025271371,2.0978389277226395e-05,46.4309,36.22,10.210900000000002
140,407,3021,0.25859936563179003,0.258536398824239,6.296680755102368e-05,42.4719,35.1161,7.355799999999995
141,408,2666,0.5714911711430877,0.5714961974218639,5.026278776187887e-06,52.1662,44.1758,7.990400000000001
142,409,2462,0.47049713205615434,0.47066881047196296,0.0001716784158086182,52.5541,39.9119,12.642199999999995
143,414,1603,0.5347406087634222,0.534775296497802,3.468773437975692e-05,54.7407,44.9288,9.811899999999994
144,416,5096,0.3334994869590085,0.33355829086384325,5.8803904834758836e-05,48.1819,39.9149,8.266999999999996
145,417,1650,0.7201363952284984,0.7199657439965017,0.00017065123199666576,60.376,48.7633,11.612699999999997
146,424,4452,0.7917175704628066,0.7912547300336613,0.00046284042914523926,58.6569,56.7143,1.9425999999999988
147,425,3614,0.47515441843152906,0.47510736728605946,4.7051145469600986e-05,47.9306,43.3998,4.530799999999999
148,427,5710,0.6622301394923221,0.6621674941417551,6.264535056699216e-05,56.5764,50.3888,6.187599999999996
149,430,3751,0.5757260107105989,0.575964515541251,0.0002385048306521309,54.5976,45.4271,9.170499999999997
150,431,757,0.4044829935328314,0.4045979650215535,0.00011497148872208207,47.5338,39.6337,7.900100000000002
151,432,5598,0.25899508398155696,0.258992319528934,2.7644526229830824e-06,43.3184,32.5651,10.753299999999996
152,433,5572,0.45767403894228426,0.45759015612784154,8.388281444271506e-05,50.8835,42.7635,8.119999999999997
153,437,4269,0.6368600481850588,0.636938390374113,7.834218905422574e-05,58.2407,46.9201,11.320599999999999
154,440,1013,0.4504423883602685,0.44992967325156247,0.0005127151087060411,53.1003,39.9863,13.113999999999997
155,445,4668,0.45142636875566805,0.4515686028284778,0.00014223407280977707,50.3587,42.4463,7.912399999999998
156,450,399,0.610995271564982,0.6111795546361338,0.00018428307115181397,53.1623,44.6709,8.491399999999999
157,453,3502,0.42951259683723225,0.42954741050273926,3.4813665507005265e-05,51.2713,42.8713,8.399999999999999
158,457,1837,0.822675177295476,0.8226041211832045,7.105611227153918e-05,60.6161,56.4259,4.190200000000004
159,459,5222,0.3137847293440542,0.31383403098809304,4.9301644038823866e-05,45.3497,36.9938,8.355899999999998
160,464,1977,0.6842085392091859,0.6852102188137481,0.0010016796045622112,54.6162,48.5084,6.1077999999999975
161,467,41,0.653690861670881,0.6538341453496315,0.0001432836787504943,55.2219,46.9235,8.2984
162,478,5835,0.4272859143273058,0.4272799760649346,5.938262371163461e-06,46.8679,40.9415,5.926400000000001
163,481,2633,0.49577229600293243,0.49582519287248633,5.289686955389783e-05,54.0307,41.6047,12.426000000000002
164,483,5159,0.6954012798892397,0.6957661489745707,0.0003648690853309544,58.7595,49.1737,9.585800000000006
165,487,4371,0.2698875526494007,0.26991192613675824,2.437348735756517e-05,39.5817,36.2476,3.3340999999999994
166,488,179,0.5960923707342153,0.5952016586586644,0.0008907120755509146,56.5354,45.4295,11.105900000000005
167,489,4458,0.8446880238341754,0.835419817473025,0.009268206361150444,62.5909,56.874,5.716899999999995
168,491,41,0.6541086733051047,0.6538341453496315,0.00027452795547322495,56.8942,46.9235,9.9707
169,494,1733,0.1305983589568077,0.1307327798660233,0.00013442090921561567,34.5206,27.2947,7.225900000000003
170,497,5026,0.3050210474022952,0.30496940934099176,5.1638061303427296e-05,45.2116,37.2013,8.010299999999994
171,499,5551,0.28224358576733305,0.2821784282111908,6.515755614222574e-05,42.3422,36.9216,5.4206
172,501,1296,0.7085944047707777,0.7084359557783819,0.0001584489923958099,58.3054,51.0828,7.2226
173,506,5845,0.43708279507681547,0.4369288142404109,0.00015398083640455473,47.4625,43.9908,3.4716999999999985
174,507,4775,0.47326421449149586,0.4731838408460668,8.0373645429066e-05,51.2305,44.4494,6.781100000000002
175,508,535,0.5394327997431148,0.5394443805693083,1.1580826193569038e-05,52.5861,49.5253,3.0608000000000004
176,510,3258,0.36052725421467746,0.36051520935607184,1.204485860561988e-05,45.5687,38.0791,7.489600000000003
177,511,1215,0.7109650203463387,0.7114326774600678,0.0004676571137290919,59.9668,52.7833,7.183500000000002
178,512,1702,0.9255234890293201,0.9163962342131008,0.009127254816219343,71.375,61.8424,9.532600000000002
179,513,5786,0.4533100038616563,0.45350367335046743,0.00019366948881111012,50.6273,41.5501,9.077199999999998
180,518,4381,0.34844642904755424,0.34832560150112907,0.0001208275464251729,45.3049,39.427,5.877900000000004
181,520,2823,0.3591717433569037,0.3592112225175928,3.947916068908208e-05,48.6148,36.6262,11.988600000000005
182,521,3247,0.5138311304227571,0.5139952748174689,0.00016414439471179598,53.0336,47.8811,5.152499999999996
183,523,629,0.14203054017570807,0.142155426068862,0.00012488589315393095,37.4652,28.2621,9.203100000000003
184,524,3191,0.6175581345448701,0.6177907333043744,0.00023259875950432107,55.7399,45.76,9.9799
185,525,5300,0.4725544956106085,0.4724112282215118,0.00014326738909670178,49.829,41.1942,8.634799999999998
186,527,1341,0.2888809816128572,0.28898153434561086,0.00010055273275366705,44.9919,34.7304,10.261499999999998
187,529,1120,0.5845584633873083,0.5840125344438548,0.0005459289434535108,55.3276,48.3653,6.962299999999999
188,530,1206,0.12441190824688127,0.12443765464502667,2.5746398145398697e-05,34.3348,27.4984,6.836400000000001
189,531,1605,0.4057242885426313,0.40545345079136996,0.0002708377512613547,50.0284,41.0445,8.983899999999998
190,533,5368,0.15695188726437437,0.15695999855835346,8.111293979096157e-06,38.6302,28.1463,10.483900000000002
191,534,3428,0.46966278472967776,0.4696283848945996,3.439983507813604e-05,49.2157,44.5113,4.7044
192,536,2039,0.7185124722201446,0.7182876433410124,0.00022482887913222172,56.1596,51.7447,4.414899999999996
193,540,2941,0.4450503115142469,0.445078386855516,2.807534126908484e-05,51.4905,38.6355,12.854999999999997
194,541,3854,0.6298758351169731,0.6298148814226442,6.095369432890241e-05,53.8784,47.4529,6.4254999999999995
195,546,1681,0.3082290376207359,0.30823142414635096,2.3865256150723546e-06,44.921,35.8442,9.076799999999999
196,549,3970,0.15755463559495753,0.1575708244726395,1.618887768198296e-05,34.4531,29.3846,5.0685
197,550,3030,0.5072516073810458,0.5073716965220351,0.00012008914098926571,51.9264,42.1103,9.816099999999999
198,551,4706,0.6685395059446301,0.6687852082768373,0.0002457023322072205,55.6501,48.1607,7.489400000000003
199,556,1922,0.3759395291444014,0.37588730377422563,5.222537017574025e-05,49.851,42.0179,7.833100000000002
200,557,3312,0.4563912137873236,0.45683104760276877,0.00043983381544515643,49.3749,42.4505,6.924399999999999
201,558,514,0.4074050972259048,0.40745958210089184,5.448487498704857e-05,48.6492,39.5167,9.1325
202,560,4020,0.29957803492839025,0.29962994070138554,5.190577299529764e-05,47.438,37.7661,9.6719
203,563,964,0.3448878292709065,0.34484552949129615,4.2299779610344146e-05,45.4599,38.125,7.3348999999999975
204,569,4762,0.3735290467528517,0.37353149091941273,2.4441665610330787e-06,49.6358,37.9955,11.640300000000003
205,571,155,0.34605740286888986,0.3460026827541778,5.472011471208127e-05,47.7996,36.2698,11.529800000000002
206,576,3129,0.1720281503360496,0.17219056968847313,0.00016241935242353178,35.5572,31.0384,4.518800000000002
207,578,3554,0.5514853817727963,0.5522740284615453,0.0007886466887490062,54.5939,43.024,11.569899999999997
208,582,3505,0.5813459334954038,0.5812191939252992,0.0001267395701045615,55.3921,43.5995,11.7926
209,584,4140,0.39698977358592663,0.3968920792347536,9.769435117301661e-05,50.5933,37.2712,13.322099999999999
210,585,3988,0.20844609783791415,0.20842254311678504,2.3554721129109835e-05,36.7554,31.9857,4.7697
211,588,942,0.5702616626630387,0.5701074782131174,0.00015418444992132407,52.0434,46.6002,5.443199999999997
212,595,121,0.20460438607323733,0.20461654868984763,1.2162616610300603e-05,39.866,31.2469,8.6191
213,596,5845,0.43696268241048275,0.4369288142404109,3.3868170071837955e-05,46.5035,43.9908,2.5127000000000024
214,604,881,0.17108697724916383,0.17111022283107424,2.3245581910413815e-05,35.1732,28.4632,6.710000000000001
215,608,2109,0.26327658922553815,0.26314348477079386,0.00013310445474429278,46.7107,35.0513,11.659400000000005
216,610,5097,0.2823335063230499,0.2824562589501587,0.00012275262710881307,45.2046,33.9433,11.261299999999999
217,614,883,0.13926021356135052,0.1392593772746251,8.362867254252393e-07,36.9322,27.4168,9.515400000000003
218,616,4458,0.8389973469893217,0.835419817473025,0.0035775295162967513,69.6373,56.874,12.763299999999994
219,617,376,0.17066086630264163,0.17049848044634133,0.00016238585630029556,39.7767,31.2247,8.552
220,621,4333,0.7169252748987692,0.7164963730739193,0.00042890182484989214,58.4849,49.4994,8.985500000000002
221,627,368,0.5822206911611002,0.5819162085139251,0.0003044826471750861,54.5778,43.9991,10.578700000000005
222,628,5064,0.29306244964247613,0.29307113918380856,8.689541332429496e-06,42.7432,34.4644,8.278800000000004
223,632,2453,0.28967088621737325,0.28963260730155194,3.827891582131038e-05,47.8034,37.5656,10.2378
224,633,4330,0.6147919025050637,0.6147598499774777,3.205252758597954e-05,52.474,48.2272,4.246799999999993
225,635,675,0.7859690220309604,0.7848369270058259,0.0011320950251345607,61.6408,52.1058,9.534999999999997
226,636,5580,0.6629422136550837,0.662875047455321,6.716619976265825e-05,59.352,51.1379,8.214099999999995
227,637,1542,0.6302401565858206,0.6304053223018453,0.00016516571602476215,55.4101,47.0093,8.400799999999997
228,639,5054,0.6071471044278692,0.6072715080474127,0.00012440361954346724,56.4456,42.9178,13.5278
229,642,1837,0.8254860464229312,0.8226041211832045,0.002881925239726746,63.2634,56.4259,6.837499999999999
230,651,942,0.5698957210104297,0.5701074782131174,0.00021175720268762355,55.323,46.6002,8.7228
231,653,5710,0.6620199579097119,0.6621674941417551,0.00014753623204322164,60.063,50.3888,9.674199999999999
232,654,1245,0.1955429678972962,0.19562478976598016,8.182186868396779e-05,38.3728,31.3091,7.063699999999997
233,655,2070,0.815318631697171,0.8132110816606456,0.0021075500365254074,61.6294,55.6942,5.935199999999995
234,656,1484,0.5777789687073653,0.5778754453825674,9.647667520207293e-05,55.8948,45.4062,10.488599999999998
235,657,941,0.4470026141585402,0.44740156243747964,0.0003989482789394372,47.2135,40.3496,6.863900000000001
236,658,419,0.6013032829379517,0.6012822449392476,2.1037998704009908e-05,53.3955,45.9101,7.4853999999999985
237,668,2674,0.7073012363675544,0.7068818967982342,0.00041933956932016514,57.5222,54.3843,3.137899999999995
238,669,2932,0.23297408901307606,0.23308737707027208,0.00011328805719601487,40.2423,31.3819,8.860399999999998
239,687,3021,0.2587348224203045,0.258536398824239,0.00019842359606547788,43.9826,35.1161,8.866499999999995
240,689,1120,0.58392263034895,0.5840125344438548,8.990409490483575e-05,53.7705,48.3653,5.405200000000001
241,691,3430,0.695977626554016,0.6957736380286988,0.00020398852531711142,55.6356,52.1542,3.4813999999999936
242,692,1821,0.4901016498726675,0.49015327476216897,5.162488950144484e-05,47.5357,44.0735,3.4621999999999957
243,696,714,0.3707312194921599,0.3706367423305666,9.447716159333153e-05,47.0138,38.6853,8.328500000000005
244,697,2081,0.5369733894629533,0.5369693378373439,4.0516256093470204e-06,53.324,46.8341,6.489899999999999
245,699,5715,0.09920847687884363,0.0992157723645164,7.295485672770274e-06,30.5156,26.0076,4.507999999999999
246,701,951,0.7034755106255502,0.7035428304435696,6.731981801932907e-05,55.4221,47.4856,7.936500000000002
247,704,3492,0.6230369629107461,0.6232872855614183,0.00025032265067226334,53.4831,48.726,4.757100000000001
248,705,4514,0.515465202394186,0.5153262398709136,0.00013896252327239011,54.5677,45.2723,9.2954
249,713,3457,0.27528287231078713,0.2753895527225777,0.00010668041179057175,44.2531,36.2209,8.032200000000003
250,717,3278,0.5040417905847652,0.5039529163099365,8.887427482862087e-05,51.1292,40.9919,10.137299999999996
251,720,3779,0.4775235838832981,0.47753905079475806,1.546691145998258e-05,52.0708,40.6221,11.448699999999995
252,721,2416,0.18743004406426972,0.1874310517770177,1.0077127479690695e-06,40.3905,32.7382,7.652300000000004
253,724,3947,0.2527432198390557,0.25283329459880577,9.007475975009172e-05,43.435,32.9629,10.472100000000005
254,725,1713,0.2336147671305121,0.23373262598808803,0.0001178588575759254,41.7209,34.6336,7.087299999999999
255,726,67,0.7389575837209547,0.7388057327222065,0.00015185099874814867,59.7987,52.35,7.448699999999995
256,727,4555,0.6220580160086668,0.621648265179348,0.00040975082931882234,55.9729,46.8191,9.153800000000004
257,728,4009,0.18876172955392814,0.18865064718921795,0.00011108236471019106,39.228,30.116,9.112000000000002
258,731,265,0.47357087839390144,0.47354655222695274,2.432616694869605e-05,49.5369,42.5817,6.955200000000005
259,733,1574,0.7312699667886138,0.7312734878613149,3.521072701073713e-06,60.2994,49.5528,10.7466
260,735,4330,0.6144705164585026,0.6147598499774777,0.00028933351897508786,53.9845,48.2272,5.757299999999994
261,737,2305,0.4023278524336132,0.4022443303734591,8.352206015410646e-05,48.2047,40.9441,7.260600000000004
262,738,4376,0.3683643603738297,0.36836475784170714,3.974678774443241e-07,45.68,38.078,7.601999999999997
263,743,1388,0.5895965168011549,0.5891238124807279,0.0004727043204270087,57.3527,46.0849,11.267800000000001
264,745,1221,0.25022527562718866,0.2503150211909306,8.974556374191645e-05,45.4703,31.4458,14.024500000000003
265,748,290,0.30652387904010847,0.30653500336108597,1.1124320977495827e-05,45.6905,33.6396,12.050899999999999
266,751,3975,0.8075701160502422,0.8080156127471857,0.0004454966969434926,63.3568,53.0339,10.322899999999997
267,752,1840,0.4444862467508944,0.4447051059693243,0.00021885921842990097,51.1672,42.8827,8.284500000000001
268,753,5106,0.4481116000827001,0.4481683446972646,5.6744614564452345e-05,49.2405,42.5045,6.735999999999997
269,758,5044,0.5166465011391471,0.5163604480326124,0.0002860531065347338,51.752,40.2416,11.510400000000004
270,761,1725,0.2791108042826675,0.2790536394675871,5.716481508039051e-05,41.3221,37.292,4.030099999999997
271,764,5578,0.19289671306244652,0.1928109606888431,8.575237360342047e-05,40.0682,31.7762,8.291999999999998
272,770,5926,0.2657546458244567,0.2656715863090042,8.305951545245494e-05,40.3169,34.8762,5.4407
273,771,602,0.18609697833308544,0.186108448071961,1.1469738875558022e-05,38.2212,31.0225,7.198700000000002
274,772,3030,0.5073382555054116,0.5073716965220351,3.3441016623503295e-05,51.8936,42.1103,9.783299999999997
275,775,2244,0.543432305251242,0.5436056491486475,0.00017334389740553124,55.4806,44.7034,10.7772
276,776,4078,0.7302853632686167,0.7301259299577311,0.00015943331088563717,57.6827,52.8911,4.791599999999995
277,777,1702,0.9007115944778331,0.9163962342131008,0.01568463973526768,71.716,61.8424,9.873599999999996
278,779,1617,0.10838640073347439,0.10830689302264575,7.95077108286385e-05,33.3933,23.6458,9.747500000000002
279,780,5096,0.3335676399125743,0.33355829086384325,9.349048731066567e-06,45.0669,39.9149,5.151999999999994
280,781,3352,0.17453593608909987,0.17433291413822716,0.00020302195087271158,34.9272,31.4005,3.526699999999998
281,783,988,0.24638140478171536,0.24632971861438988,5.1686167325482035e-05,40.049,33.9181,6.130899999999997
282,785,3316,0.4891043225074356,0.48920518088033055,0.00010085837289497412,49.1097,43.0033,6.106399999999994
283,786,734,0.33124521946471674,0.33120448689228105,4.073257243569772e-05,46.9822,39.7182,7.263999999999996
284,795,4244,0.37210752941406294,0.3726209353540957,0.0005134059400327406,44.56,39.374,5.186
285,800,4611,0.4378537485233092,0.4380973602244965,0.00024361170118730735,51.2776,41.0406,10.237000000000002
286,801,4024,0.736671652280798,0.7366266096974644,4.5042583333598785e-05,60.2187,52.9401,7.278599999999997
287,805,4855,0.72424334196081,0.7241861388445896,5.720311622037233e-05,56.1991,54.464,1.7351000000000028
288,806,3902,0.7713698043417946,0.7711617517901532,0.00020805255164135783,56.9917,55.7932,1.1985000000000028
289,809,2821,0.34262537852925384,0.3426976907191998,7.231218994596667e-05,47.5097,34.2606,13.249100000000006
290,810,1911,0.8177141112751597,0.8175237393921148,0.00019037188304493746,64.4782,55.8265,8.651699999999998
291,813,3541,0.43956246317990927,0.4395244434994016,3.801968050765048e-05,51.053,41.7618,9.291199999999996
292,815,3412,0.5911338331781418,0.5913398182947246,0.00020598511658276308,54.5988,46.8128,7.785999999999994
293,817,5271,0.7437018865657918,0.7444021147194742,0.0007002281536823141,57.3224,49.2322,8.090200000000003
294,819,2830,0.3740891936631102,0.3740729786768733,1.6214986236939843e-05,45.556,37.3539,8.202099999999994
295,821,5044,0.5162340197279865,0.5163604480326124,0.00012642830462583632,51.35,40.2416,11.108400000000003
296,829,4052,0.12143216351284558,0.1214134235411926,1.8739971652984022e-05,34.4572,30.0276,4.429600000000001
297,831,5548,0.6990692544722812,0.6990594771565256,9.777315755576943e-06,58.3097,48.4456,9.8641
298,833,1660,0.6204974130121486,0.619861838163836,0.000635574848312559,55.0961,47.7864,7.309699999999999
299,834,5553,0.29543285580795153,0.29544501728616884,1.2161478217309618e-05,46.459,34.8876,11.571400000000004
300,835,1527,0.13748362290044644,0.13757627717862583,9.265427817939376e-05,34.3334,27.159,7.174399999999999
301,839,5273,0.5564305827405183,0.5562005670133574,0.00023001572716085938,54.933,47.4978,7.435200000000002
302,842,3982,0.20427086911792125,0.20438300553462208,0.00011213641670082541,41.1644,30.8143,10.350100000000001
303,844,1495,0.13725935834346764,0.13726827437810143,8.916034633793535e-06,38.4344,27.751,10.683399999999995
304,847,2709,0.3935712465636826,0.39334276585464556,0.00022848070903702666,49.5379,40.091,9.4469
305,848,1846,0.7518431002990967,0.7517204322141964,0.00012266808490035697,58.2788,52.0279,6.250899999999994
306,850,4293,0.7176222167614508,0.7179413749868326,0.0003191582253818659,57.9779,49.7551,8.2228
307,854,133,0.3626752333868976,0.36259154419385453,8.368919304307942e-05,45.3694,33.9603,11.409100000000002
308,855,45,0.5239644561594562,0.5239487763842415,1.5679775214660907e-05,56.1535,43.8094,12.344100000000005
309,860,2763,0.830812233646479,0.8308404623443763,2.8228697897203503e-05,63.8526,56.3397,7.512900000000002
310,861,5549,0.09665982901032218,0.09665640274855347,3.4262617687047525e-06,34.4852,27.187,7.298199999999998
311,865,2903,0.16215645251839322,0.16226990356503068,0.00011345104663745831,35.6538,31.6044,4.049399999999999
312,867,5015,0.5636769788497432,0.5634291231313457,0.00024785571839747167,52.9767,44.3581,8.6186
313,868,2693,0.2706302656047767,0.27054750643056885,8.275917420785817e-05,41.9502,36.4821,5.4681
314,869,1507,0.5851007201625973,0.5851764822117035,7.576204910619833e-05,55.2039,46.2728,8.9311
315,870,930,0.2435379100757134,0.24355798355586433,2.0073480150928358e-05,43.4451,32.5882,10.856899999999996
316,871,5523,0.3795601851160024,0.37985754411203776,0.0002973589960353351,45.1269,38.8685,6.258400000000002
317,872,107,0.4608853846766699,0.46105629370428963,0.0001709090276197367,49.2602,40.661,8.599199999999996
318,885,3916,0.23010150134947607,0.22995397852503816,0.00014752282443791787,40.1758,32.9084,7.267400000000002
319,886,5729,0.45210970998301,0.45216048680115634,5.077681814635859e-05,49.6295,43.3851,6.244399999999999
320,887,2376,0.677920510320015,0.6776445038047094,0.0002760065153055713,56.6111,47.3362,9.274900000000002
321,890,4330,0.6145426350962794,0.6147598499774777,0.00021721488119830212,53.7009,48.2272,5.473699999999994
322,893,5767,0.5771323147428463,0.5768433340556388,0.00028898068720750736,54.3115,43.1037,11.207799999999999
323,894,1130,0.664467962696726,0.6650021194516754,0.0005341567549493886,58.0689,47.922,10.146900000000002
324,895,1130,0.6648755093830447,0.6650021194516754,0.0001266100686306837,59.2395,47.922,11.317500000000003
325,897,4921,0.7336759213951375,0.7341766724522272,0.0005007510570896878,58.3752,54.8594,3.5157999999999987
326,902,484,0.5172819317816002,0.517303914428999,2.198264739883271e-05,54.3263,44.4398,9.886500000000005
327,908,1554,0.4633314394330975,0.4633116247236158,1.9814709481702497e-05,50.3855,41.431,8.954500000000003
328,909,5147,0.5610344294887244,0.5609498067280718,8.462276065257512e-05,55.1042,43.2249,11.8793
329,911,4999,0.28261536004669036,0.28261356122466197,1.7988220283871037e-06,42.4086,35.7794,6.629199999999997
330,916,5087,0.17537607346152745,0.17536207687013716,1.3996591390286195e-05,40.3891,32.6809,7.708199999999998
331,919,1641,0.509917782892522,0.509876617640032,4.116525248998304e-05,50.6588,43.8735,6.785299999999999
332,920,1422,0.18991087358198078,0.18996598263614448,5.5109054163698934e-05,41.8074,29.8572,11.950200000000002
333,925,4138,0.45893797532808706,0.45893316847931154,4.80684877551818e-06,53.2766,43.554,9.7226
334,927,2307,0.6189326282692856,0.6188777999950348,5.482827425085102e-05,53.9978,48.8813,5.116499999999995
335,931,3020,0.49242548804439445,0.4922621934914353,0.00016329455295915896,50.7782,43.6028,7.175399999999996
336,935,3721,0.4142566300885982,0.41427446906165244,1.7838973054240537e-05,46.0086,41.5209,4.487700000000004
337,936,2247,0.14487445908393454,0.14497282623716043,9.836715322589229e-05,35.4183,27.8961,7.5222000000000016
338,939,4200,0.6787117642932048,0.6789590332624792,0.00024726896927440567,55.5892,49.6576,5.931599999999996
339,943,4133,0.6402257250349164,0.64012390828928,0.00010181674563636278,57.1808,50.1076,7.0732
340,944,82,0.17900673960047503,0.17899680803937715,9.93156109788118e-06,35.8911,31.5209,4.3702000000000005
341,946,2898,0.4625351343328672,0.4623699980709638,0.00016513626190339803,53.1185,43.1459,9.9726
342,947,4034,0.3144706113946088,0.31453035821999153,5.974682538273379e-05,43.8849,39.8354,4.049500000000002
343,960,1548,0.4065104491745682,0.40656124421195206,5.079503738386615e-05,46.1098,36.6211,9.488700000000001
344,963,5644,0.8621352174346032,0.8623048997144745,0.00016968227987135265,66.3178,59.7845,6.533300000000004
345,967,182,0.35605233472128234,0.35600529956382054,4.703515746179443e-05,45.8231,37.0597,8.763399999999997
346,968,468,0.4874831891717257,0.48766073380867797,0.00017754463695229816,48.907,39.8798,9.027199999999993
347,972,1726,0.47157537150155077,0.47154040230392236,3.496919762840944e-05,52.5427,43.8153,8.727400000000003
348,974,4887,0.38268388496494493,0.38246630673073234,0.00021757823421258982,48.3267,38.2317,10.095000000000006
349,976,3210,0.45882198282071895,0.4588091697521583,1.2813068560657559e-05,52.3763,40.3246,12.051700000000004
350,977,3997,0.48105429317416515,0.4809651807697445,8.911240442066592e-05,53.419,40.1408,13.278199999999998
351,979,2571,0.749744809788969,0.7498732729135676,0.0001284631245986878,62.8114,51.6461,11.165300000000002
352,980,2477,0.5160900417329138,0.5160371751858644,5.286654704939053e-05,52.4725,43.9145,8.558
353,981,3601,0.42777366811913276,0.4277939161665638,2.0248047431059568e-05,53.1149,39.8529,13.262
354,983,3789,0.494484578678967,0.4943316389319648,0.00015293974700220092,50.7798,43.6167,7.1631
355,986,2766,0.5452058177884427,0.545109417449341,9.640033910163215e-05,53.0044,45.8424,7.161999999999999
356,987,4782,0.23267898335463524,0.2324988965128132,0.00018008684182205248,44.4271,36.0944,8.332700000000003
357,990,2816,0.8588503294519755,0.8563971118156746,0.0024532176363009084,65.8559,57.4271,8.428800000000003
358,992,493,0.4226953159024205,0.42258352306530533,0.00011179283711515442,52.733,41.8362,10.896799999999999
359,996,3338,0.6495529576465343,0.649337126415196,0.00021583123133828153,55.9231,47.4228,8.500299999999996
360,999,3761,0.7749886222925035,0.7740646471369999,0.0009239751555036868,60.7781,50.0891,10.689
361,1002,5103,0.42928212603680527,0.4291829277731673,9.919826363796735e-05,49.8389,40.922,8.916900000000005
362,1003,2970,0.8211941150050015,0.8213640459589002,0.0001699309538987226,65.9239,53.911,12.012900000000002
363,1005,5271,0.7436496107586642,0.7444021147194742,0.0007525039608099471,60.729,49.2322,11.4968
364,1006,2824,0.5595394774923939,0.5594406234556258,9.885403676801463e-05,54.0541,45.0088,9.045299999999997
365,1007,2108,0.6509083676220452,0.6502656823030082,0.0006426853190369952,55.3933,47.2669,8.126400000000004
366,1010,5818,0.34148008875906005,0.3414581803276675,2.1908431392547723e-05,47.0158,36.4741,10.541699999999999
367,1011,3587,0.72664168295953,0.7266251805821262,1.6502377403804225e-05,58.2169,49.9541,8.262800000000006
368,1012,3502,0.42940091164506167,0.42954741050273926,0.00014649885767759052,46.1805,42.8713,3.309200000000004
369,1020,465,0.580006319029705,0.5799869359307449,1.938309896010182e-05,52.5204,46.3585,6.161900000000003
370,1023,443,0.5204335917565963,0.5196516420836597,0.0007819496729366548,54.0111,44.2199,9.791199999999996
371,1028,5543,0.13162987435333975,0.13157111603025934,5.875832308041562e-05,35.5691,32.5801,2.988999999999997
372,1034,4648,0.14730616090814785,0.14735735161469718,5.119070654932556e-05,36.3905,29.041,7.349500000000003
373,1035,3446,0.4552514502024176,0.45506676948828195,0.00018468071413563214,49.6821,42.3538,7.328299999999999
374,1036,2943,0.29080610041411686,0.29071814502452825,8.795538958861204e-05,42.9486,35.6837,7.264899999999997
375,1037,624,0.1825692309981597,0.18260895940896912,3.97284108094309e-05,40.8505,28.5303,12.320199999999996
376,1038,3761,0.7736243515714665,0.7740646471369999,0.00044029556553337734,58.8864,50.0891,8.7973
377,1039,2970,0.8208577938736027,0.8213640459589002,0.0005062520852975316,61.4729,53.911,7.561900000000001
378,1052,5644,0.8711497098535682,0.8623048997144745,0.008844810139093662,66.4663,59.7845,6.681800000000003
379,1053,237,0.7408013129192916,0.7395688961780429,0.001232416741248743,62.3743,50.5038,11.8705
380,1055,5501,0.23111993064226385,0.2310684580484876,5.1472593776247244e-05,40.5627,36.9405,3.6221999999999994
381,1056,1649,0.270127949421655,0.27016023266447087,3.2283242815844826e-05,42.6297,33.3832,9.246499999999997
382,1057,3793,0.6415671107354624,0.6415149890186265,5.212171683588451e-05,59.2086,45.2291,13.979499999999994
383,1059,555,0.48034234097273354,0.4803392753296941,3.0656430394238043e-06,50.4943,41.0472,9.447100000000006
384,1060,2030,0.6860152130124264,0.6865610089088374,0.0005457958964110166,59.4335,53.0798,6.3537000000000035
385,1062,1800,0.5724944091138268,0.5725214948189022,2.708570507548025e-05,53.8668,41.9723,11.8945
386,1064,553,0.25242954354561553,0.2523862832490393,4.3260296576252966e-05,42.3998,33.533,8.866799999999998
387,1065,3665,0.6715485050292523,0.6718684830429004,0.0003199780136480257,58.7717,50.3584,8.4133
388,1066,1260,0.42875938253112367,0.4286976011057085,6.178142541518605e-05,48.4741,41.8432,6.630899999999997
389,1069,472,0.31433030555963226,0.31430994613734703,2.035942228523213e-05,43.2523,38.7628,4.4895
390,1070,245,0.2732890123927794,0.2733115850455358,2.2572652756402967e-05,39.1007,37.9324,1.1683000000000021
391,1071,3848,0.19063372854168553,0.19059355215768592,4.0176383999612764e-05,40.3742,31.5972,8.777000000000001
392,1072,2325,0.619129464739035,0.6191133246021379,1.6140136897102586e-05,55.1591,45.3885,9.770600000000002
393,1074,484,0.5172696336108462,0.517303914428999,3.428081815282091e-05,51.3202,44.4398,6.880400000000002
394,1080,3234,0.7325492840255298,0.7331185831607944,0.0005692991352646004,59.0642,50.6337,8.430500000000002
395,1084,2853,0.6212817424958463,0.6213464065558191,6.466405997274105e-05,54.0409,46.7212,7.319699999999997
396,1085,5644,0.8643213618836232,0.8623048997144745,0.002016462169148636,64.1303,59.7845,4.345800000000004
397,1092,2674,0.7064932533815739,0.7068818967982342,0.0003886434166603392,60.9277,54.3843,6.543399999999998
398,1096,2098,0.6982413146810255,0.6981291972580143,0.00011211742301120431,60.333,51.1661,9.166899999999998
399,1097,151,0.4531694415906283,0.4530343984589576,0.00013504313167067572,52.7904,41.2325,11.557899999999997
400,1098,235,0.26999029212220127,0.2700206023913963,3.031026919503299e-05,41.5648,35.1814,6.383400000000002
401,1101,56,0.6819528984172962,0.6826369033486506,0.0006840049313543428,57.6065,48.0828,9.523699999999998
402,1102,3318,0.5622904388236561,0.5626548791864412,0.00036444036278504566,53.4596,44.7087,8.750900000000001
403,1105,8,0.3639150797598636,0.3638717381503942,4.3341609469393916e-05,48.8709,38.0891,10.781799999999997
404,1109,5274,0.6181372993505155,0.6184794085913391,0.00034210924082356264,54.8007,47.0678,7.732900000000001
405,1112,971,0.20344671480778956,0.20344954543513666,2.8306273471001564e-06,40.9347,31.9391,8.9956
406,1115,45,0.5239302675259934,0.5239487763842415,1.8508858248167392e-05,51.578,43.8094,7.768600000000006
407,1116,5644,0.8609222396177681,0.8623048997144745,0.0013826600967064007,65.7726,59.7845,5.988099999999996
408,1117,19,0.7140519751071719,0.71395394049608,9.80346110919239e-05,59.3346,53.6791,5.6555000000000035
409,1121,5162,0.5861405659834769,0.5862030211567807,6.245517330383255e-05,54.8188,47.12,7.698800000000006
410,1124,297,0.2897841353572535,0.289802195248865,1.805989161152155e-05,44.2071,33.6372,10.569899999999997
411,1128,5053,0.5961731543816656,0.5970857125463392,0.0009125581646736158,54.9773,46.6308,8.346499999999999
412,1131,2070,0.8141309004249069,0.8132110816606456,0.0009198187642612821,65.4105,55.6942,9.716299999999997
413,1135,3881,0.41204016047900194,0.4120264655159404,1.3694963061527954e-05,48.7002,40.4534,8.2468
414,1136,1410,0.5773923269059842,0.5774401253646294,4.77984586452207e-05,55.2084,45.0312,10.1772
415,1137,1873,0.26922809003091647,0.26949103327918417,0.00026294324826769966,43.523,34.0162,9.506800000000005
416,1146,1093,0.4405022591752462,0.440666623680277,0.00016436450503076738,49.7625,39.8273,9.935200000000002
417,1148,1973,0.18716511920898626,0.1871659961942309,8.769852446466331e-07,40.9889,31.0075,9.9814
418,1149,1106,0.15895001310624832,0.158889170496649,6.084260959932086e-05,38.6291,26.3272,12.3019
419,1150,2515,0.7994291411601204,0.7977896627358144,0.0016394784243060068,61.8101,55.6618,6.148299999999999
420,1152,5782,0.6466013372804688,0.6459454309958576,0.0006559062846112074,56.1232,50.2227,5.900499999999994
421,1153,3440,0.38773538368499716,0.38773506777095695,3.159140402053673e-07,43.3171,39.4423,3.8748000000000005
422,1154,1953,0.4623274090039475,0.46230844411309246,1.8964890855011074e-05,55.2653,41.0293,14.236000000000004
423,1155,1143,0.1983517273058151,0.19810303344728983,0.0002486938585252729,38.3466,28.3443,10.002300000000002
424,1156,4452,0.7913417990510091,0.7912547300336613,8.706901734778505e-05,62.8853,56.7143,6.170999999999999
425,1159,3796,0.19716113085117437,0.19722230486265352,6.117401147914814e-05,41.7346,33.2703,8.464300000000001
426,1162,2062,0.1592991692102504,0.15925024231714116,4.892689310923015e-05,34.4177,28.3905,6.027200000000004
427,1164,4028,0.5604411315274883,0.5605566419123218,0.00011551038483348375,52.3203,46.6305,5.689800000000005
428,1167,1486,0.47725071186612744,0.4772273457320342,2.336613409326116e-05,52.3657,41.7315,10.6342
429,1175,3144,0.35010046942993556,0.34995228426703545,0.0001481851629001052,45.0189,37.8526,7.1663
430,1176,4834,0.2939484961552703,0.29403153353033035,8.30373750600466e-05,45.3666,33.2613,12.1053
431,1180,573,0.7462175624795591,0.7460343740168196,0.00018318846273945866,60.4475,53.2694,7.178100000000001
432,1181,294,0.27599585126515225,0.2759074998194344,8.835144571783804e-05,46.2967,34.9808,11.3159
433,1182,381,0.4700085116142169,0.46978047012685686,0.00022804148736005336,48.2803,44.4383,3.8419999999999987
434,1183,5786,0.4535562715985074,0.45350367335046743,5.2598248039992246e-05,48.0804,41.5501,6.530299999999997
435,1184,3280,0.5921763448118083,0.5921939275870144,1.758277520613749e-05,55.3323,49.6548,5.677499999999995
436,1186,2358,0.328784683822327,0.32877222388689553,1.2459935431474722e-05,41.373,37.1708,4.202199999999998
437,1188,5644,0.8623948027324632,0.8623048997144745,8.990301798861289e-05,63.6244,59.7845,3.8399
438,1191,5619,0.23080514605426852,0.23077663443137691,2.8511622891608246e-05,41.0339,32.6083,8.425600000000003
439,1194,2237,0.7310792435935093,0.7309614608954697,0.00011778269803963681,55.6901,53.5617,2.128399999999999
440,1198,611,0.3115982294008083,0.31163165854045377,3.34291396454911e-05,44.1434,37.9511,6.192300000000003
441,1200,684,0.30826891469985246,0.3082714627346951,2.548034842619895e-06,45.8068,36.0369,9.7699
442,1202,2635,0.4248591118499634,0.4247689988991402,9.01129508231735e-05,47.1874,43.1148,4.072599999999994
443,1203,5464,0.33248257899366385,0.3323608999937198,0.00012167899994403042,42.7148,38.4217,4.2930999999999955
444,1207,1130,0.665230028102143,0.6650021194516754,0.0002279086504676231,57.3531,47.922,9.4311
445,1209,3985,0.4048568455060499,0.404683331005071,0.00017351450097891075,45.2782,41.1787,4.099499999999999
446,1210,2799,0.43004219543557903,0.43033639010952895,0.00029419467394992127,48.05,41.1382,6.9117999999999995
447,1212,1583,0.602225701847429,0.6023256070805061,9.99052330771244e-05,54.5299,49.9054,4.624499999999998
448,1222,1840,0.4445971410316201,0.4447051059693243,0.0001079649377041525,47.1866,42.8827,4.303899999999999
449,1223,573,0.7468669024562435,0.7460343740168196,0.0008325284394239407,59.6426,53.2694,6.373200000000004
450,1224,2305,0.40242936080946107,0.4022443303734591,0.0001850304360019872,47.218,40.9441,6.273900000000005
451,1225,3020,0.49226783821406483,0.4922621934914353,5.644722629538634e-06,51.7092,43.6028,8.1064
452,1226,3234,0.7329587208622046,0.7331185831607944,0.00015986229858977463,59.2225,50.6337,8.588799999999999
453,1234,306,0.215285628292674,0.21511298748535002,0.00017264080732398712,35.7298,32.8756,2.8541999999999987
454,1236,3371,0.2076727749074463,0.2076820646440484,9.2897366021083e-06,42.1857,29.7136,12.472099999999998
455,1238,1103,0.2545218855516312,0.25438034746140087,0.00014153809023031982,44.5201,32.9814,11.538699999999999
456,1242,4464,0.6932175851623404,0.6928972539161355,0.00032033124620489684,55.4511,46.2291,9.221999999999994
457,1246,374,0.42745246614042537,0.42742680429185975,2.5661848565616818e-05,48.0444,41.121,6.923400000000001
458,1251,4057,0.3975584898995919,0.39749311027608675,6.537962350516846e-05,46.9721,39.9203,7.0518
459,1253,4809,0.1990995779932629,0.19907941279738514,2.0165195877747122e-05,37.7079,30.2088,7.499100000000002
460,1255,3316,0.48918858309664925,0.48920518088033055,1.659778368129361e-05,51.8523,43.0033,8.848999999999997
461,1257,4046,0.28613780066181344,0.2863817485302145,0.00024394786840103988,44.758,35.3446,9.413400000000003
462,1264,5659,0.4092946085680145,0.40927254513489336,2.2063433121111142e-05,48.0666,42.898,5.168599999999998
463,1265,5899,0.21144411942581623,0.21143857507498248,5.544350833747158e-06,37.8429,34.3636,3.479300000000002
464,1267,3144,0.3503793284083686,0.34995228426703545,0.00042704414133315494,43.6361,37.8526,5.7834999999999965
465,1271,4116,0.4773118855385421,0.47737665834953846,6.477281099637189e-05,48.9453,38.8025,10.142800000000001
466,1272,348,0.7816275942862636,0.7815099901467815,0.00011760413948214143,61.4073,55.2493,6.158000000000001
467,1280,2853,0.6213507712241373,0.6213464065558191,4.3646683182130275e-06,53.4956,46.7212,6.7744
468,1283,1631,0.5749817343187442,0.5749223750688641,5.9359249880097664e-05,52.8265,47.7345,5.092000000000006
469,1288,1215,0.7117221703156058,0.7114326774600678,0.0002894928555380316,57.9151,52.7833,5.1318000000000055
470,1297,5580,0.6627998166934236,0.662875047455321,7.523076189741573e-05,56.9192,51.1379,5.7812999999999946
471,1300,4293,0.7172621922024274,0.7179413749868326,0.0006791827844052634,57.7897,49.7551,8.034600000000005
472,1303,1113,0.6080278013000656,0.6077528070187388,0.0002749942813268236,52.7842,46.0542,6.729999999999997
473,1305,5140,0.7208261318908293,0.7206368015070375,0.00018933038379187472,63.4932,51.2733,12.219900000000003
474,1306,83,0.39559436969830186,0.3955111231063946,8.324659190728223e-05,44.6125,38.622,5.990499999999997
475,1310,2072,0.18366534516419675,0.18369075666639553,2.5411502198785518e-05,39.7997,29.7438,10.055900000000001
476,1316,1428,0.17700080852586883,0.1769697896130194,3.1018912849428704e-05,39.3243,32.9905,6.333800000000004
477,1324,1992,0.35515003035061066,0.3550826693087416,6.736104186905179e-05,46.3999,38.6937,7.706200000000003
478,1326,3240,0.09404489413626699,0.09405610599364489,1.1211857377901868e-05,33.1645,27.2541,5.910399999999996
479,1330,1368,0.4099524733658996,0.41031289427398276,0.00036042090808319216,46.003,39.8453,6.157699999999998
480,1335,2680,0.5423770718114314,0.5421372259769741,0.00023984583445724184,55.0188,48.109,6.909799999999997
481,1337,5509,0.23428784076101802,0.23425482430205355,3.301645896447436e-05,41.3109,30.1084,11.202499999999997
482,1344,2946,0.6246787054888561,0.6251929249188268,0.0005142194299707636,54.243,47.7121,6.530900000000003
483,1347,2954,0.7513010765570548,0.7510342489409537,0.0002668276161010841,62.066,49.4648,12.601200000000006
484,1348,3742,0.3754825401704962,0.3755144881373638,3.194796686761814e-05,46.4206,37.3966,9.024000000000001
485,1350,4133,0.6393096648649751,0.64012390828928,0.0008142434243049168,52.3447,50.1076,2.237100000000005
486,1352,932,0.1557607579427211,0.15571104207869138,4.971586402971462e-05,36.2426,26.561,9.681600000000003
487,1358,1263,0.4259314437917675,0.4259116771595174,1.9766632250117766e-05,47.903,39.202,8.701
488,1359,4419,0.5121728437926074,0.5125743040776667,0.0004014602850592741,53.8765,44.4107,9.465800000000002
489,1361,4452,0.7897659032128763,0.7912547300336613,0.0014888268207849942,61.1819,56.7143,4.467599999999997
490,1362,1355,0.3921481904731613,0.3922847917314901,0.00013660125832881675,50.1474,41.4826,8.6648
491,1363,5037,0.35780566906069894,0.35779644427245244,9.224788246497972e-06,48.7437,38.3515,10.392199999999995
492,1367,2238,0.35206950747225657,0.3522016009865719,0.00013209351431531235,43.7139,39.4202,4.293700000000001
493,1370,3383,0.5179174954462812,0.5179890987555406,7.160330925937153e-05,50.866,44.6381,6.227899999999998
494,1373,5883,0.5695456320284209,0.5691346591350629,0.00041097289335800813,55.686,46.7275,8.9585
495,1377,4924,0.2475960531834753,0.2475936141376959,2.4390457794010167e-06,45.6952,37.4153,8.279899999999998
496,1381,2489,0.656923242190941,0.6568279680396508,9.527415129018113e-05,58.1845,48.6551,9.529400000000003
497,1389,2112,0.46384836617272585,0.4642559954152593,0.0004076292425334582,50.091,42.1672,7.9238
498,1391,975,0.16527798706084296,0.16534109077672368,6.310371588072461e-05,40.3109,31.7367,8.574199999999998
499,1393,443,0.5202065350521334,0.5196516420836597,0.0005548929684737747,51.5479,44.2199,7.327999999999996
500,1397,535,0.5394160846375545,0.5394443805693083,2.8295931753796744e-05,53.5026,49.5253,3.9772999999999996
501,1401,2910,0.3575446739435125,0.35750335820737583,4.131573613669337e-05,46.2369,40.186,6.050899999999999
502,1413,5553,0.29536859233830226,0.29544501728616884,7.642494786658238e-05,45.5958,34.8876,10.708199999999998
503,1415,5273,0.5565350710903182,0.5562005670133574,0.0003345040769607843,50.2603,47.4978,2.762500000000003
504,1416,2217,0.22045561804398264,0.2204627156730843,7.097629101643355e-06,38.9251,32.3528,6.5722999999999985
505,1417,1831,0.45184319639146725,0.45183746169571215,5.734695755099661e-06,47.5487,41.4668,6.081899999999997
506,1420,1849,0.31099735370642967,0.31103399543840055,3.664173197087672e-05,42.7726,37.8441,4.9285
507,1421,2283,0.8090356616592427,0.8088915658290324,0.00014409583021024464,62.6963,53.7061,8.990200000000002
508,1425,5897,0.21508561600494583,0.21507649274003832,9.123264907512363e-06,43.6018,35.6908,7.910999999999994
509,1429,4458,0.844004500903305,0.835419817473025,0.008584683430280071,65.8178,56.874,8.943800000000003
510,1430,3065,0.592579749210161,0.5925834084518744,3.6592417134162503e-06,51.7755,47.6599,4.115600000000001
511,1433,5644,0.8774974630164846,0.8623048997144745,0.01519256330201002,65.338,59.7845,5.5534999999999926
512,1434,2227,0.6288589031942081,0.6287621362360101,9.676695819804682e-05,56.7768,46.6283,10.148499999999999
513,1435,5644,0.8599164409280036,0.8623048997144745,0.0023884587864709816,65.1534,59.7845,5.368900000000004
514,1436,2376,0.6780013038917901,0.6776445038047094,0.00035680008708072197,58.6055,47.3362,11.269300000000001
515,1439,5710,0.6623626703440615,0.6621674941417551,0.00019517620230635746,56.2573,50.3888,5.868499999999997
516,1444,1611,0.11146709539653028,0.11149282656307395,2.5731166543668804e-05,33.5362,23.9665,9.569700000000001
517,1447,4463,0.1615515024909477,0.16159409056918733,4.25880782396193e-05,37.8305,28.5138,9.3167
518,1451,4285,0.508248261886043,0.508572416089325,0.00032415420328202327,52.2496,42.6376,9.612000000000002
519,1454,3235,0.24777824459368553,0.24760925506330447,0.0001689895303810529,41.3292,35.2188,6.1103999999999985
520,1455,5087,0.17541888779215842,0.17536207687013716,5.681092202125537e-05,39.7181,32.6809,7.037199999999999
521,1465,694,0.1974238619554513,0.19751684020536348,9.297824991216785e-05,39.2846,33.31,5.974599999999995
522,1470,4134,0.5497782370624172,0.5496559327913288,0.00012230427108839148,55.3147,48.5598,6.754899999999999
523,1481,2282,0.20130896200137494,0.20129355626484358,1.5405736531359793e-05,39.2531,33.706,5.5471
524,1482,2680,0.5422537231320417,0.5421372259769741,0.00011649715506756309,51.7698,48.109,3.6607999999999947
525,1483,2644,0.6558356003996313,0.6560750481821511,0.00023944778251983045,57.1979,48.0212,9.176699999999997
526,1485,5300,0.472574020038026,0.4724112282215118,0.00016279181651418506,49.5629,41.1942,8.368699999999997
527,1492,177,0.765074733647644,0.7637122275135486,0.001362506134095387,61.0167,54.2565,6.7601999999999975
528,1494,4752,0.2532100058543618,0.25309681207800255,0.00011319377635926609,40.8327,34.802,6.030700000000003
529,1498,4373,0.36117522794548235,0.3611414234514032,3.3804494079137104e-05,48.8199,35.6181,13.201799999999999
530,1499,3358,0.5857936581115352,0.5856728598744524,0.00012079823708277537,52.2623,48.187,4.075300000000006
531,1501,4702,0.2402460173190245,0.24025665095694337,1.0633637918866512e-05,44.7168,30.8986,13.818200000000001
532,1503,322,0.5629646122747417,0.562933086868806,3.1525405935650674e-05,53.4642,44.314,9.150199999999998
533,1505,1660,0.6196510418716902,0.619861838163836,0.00021079629214582063,57.1211,47.7864,9.334699999999998
534,1508,2573,0.4783975580458744,0.47838825876183466,9.29928403975433e-06,50.3215,42.7374,7.584099999999999
535,1509,4744,0.5607359963544323,0.5607697945245039,3.3798170071652756e-05,53.2977,48.8939,4.403799999999997
536,1511,4568,0.2216622026551308,0.22164256233012325,1.9640325007563852e-05,42.0398,33.6132,8.4266
537,1512,1702,0.9067341780235212,0.9163962342131008,0.009662056189579604,70.0003,61.8424,8.157899999999998
538,1513,3988,0.20847282100272452,0.20842254311678504,5.027788593947591e-05,36.2832,31.9857,4.297499999999999
539,1514,5788,0.3630025281060398,0.36301385677990455,1.132867386477443e-05,42.761,38.6652,4.095800000000004
540,1516,3149,0.38628484209700664,0.38631329365873535,2.8451561728704e-05,45.037,39.328,5.708999999999996
541,1517,2541,0.510711882167384,0.5104303378187619,0.0002815443486220426,54.0001,45.2789,8.721200000000003
542,1518,4815,0.2608672568490678,0.26089183000004595,2.4573150978146607e-05,43.3144,31.109,12.205399999999997
543,1519,482,0.2767183140612668,0.27671056531627247,7.748744994318102e-06,44.6274,36.8027,7.8247
544,1522,2700,0.7358517565699287,0.7358942086225988,4.2452052670061136e-05,60.6857,49.7237,10.961999999999996
545,1524,5120,0.08885912121643459,0.08888904837656271,2.9927160128118135e-05,31.0773,24.8183,6.259
546,1526,1948,0.39759100788362967,0.3976359415604222,4.493367679253568e-05,48.2047,40.8076,7.397100000000002
547,1529,4627,0.7757171172891364,0.7760590345429746,0.0003419172538382531,61.202,52.0014,9.200600000000001
548,1530,5675,0.6995012227431892,0.6994323244418896,6.889830129952479e-05,60.1021,48.0548,12.0473
549,1531,3811,0.21370755373823516,0.21371619982206969,8.646083834523699e-06,36.8045,30.6648,6.139699999999998
550,1535,2764,0.6813489032948082,0.6812211556836176,0.0001277476111906095,57.0081,48.2102,8.797899999999998
551,1536,1398,0.2804720288642359,0.2804342336998236,3.779516441226871e-05,40.4422,34.1138,6.328400000000002
552,1537,364,0.29806002353968813,0.29799725112355535,6.277241613278361e-05,45.1974,36.4154,8.782000000000004
553,1541,404,0.5397883632778853,0.5397992533203737,1.089004248844283e-05,54.5718,43.4691,11.102700000000006
554,1545,2227,0.6281470689250588,0.6287621362360101,0.0006150673109512894,56.0912,46.6283,9.462899999999998
555,1546,707,0.5110735081656941,0.5110447107327127,2.8797432981342297e-05,48.8156,43.5095,5.306100000000001
556,1550,5883,0.568585241205428,0.5691346591350629,0.0005494179296349211,56.4701,46.7275,9.742600000000003
557,1555,4499,0.36329164192982843,0.3633987141742107,0.00010707224438227803,43.65,36.1222,7.527799999999999
558,1559,2907,0.48388072631021295,0.4835096914194197,0.0003710348907932648,50.4006,44.2704,6.130199999999995
559,1564,70,0.20222959206547791,0.2021821331941266,4.745887135132465e-05,38.8932,33.8885,5.0047
560,1566,1009,0.7019386323818015,0.7019988396559111,6.020727410960269e-05,57.4585,49.9528,7.505699999999997
561,1567,1581,0.1439507335255442,0.14409042471099512,0.00013969118545092973,34.8291,29.1687,5.660399999999996
562,1569,620,0.1613016634848979,0.16129592532484605,5.738160051865782e-06,37.6636,28.9495,8.714100000000002
563,1572,2435,0.7766236006678,0.7766832031987564,5.9602530956381905e-05,57.8819,53.5596,4.3222999999999985
564,1573,4285,0.5082006864252397,0.508572416089325,0.0003717296640852741,52.808,42.6376,10.1704
565,1576,4072,0.7533095497566207,0.7530984744398495,0.00021107531677122537,62.0963,51.6757,10.4206
566,1584,3933,0.3211755933499719,0.32114243568812695,3.3157661844973596e-05,46.7283,35.9123,10.815999999999995
567,1586,2821,0.34269189816955636,0.3426976907191998,5.792549643446332e-06,47.3814,34.2606,13.120800000000003
568,1592,3827,0.8023995819009826,0.8028178139423056,0.00041823204132296343,60.6537,55.1128,5.540900000000001
569,1595,5053,0.596625979111621,0.5970857125463392,0.0004597334347182791,52.3062,46.6308,5.675399999999996
570,1596,1093,0.44083665124816124,0.440666623680277,0.00017002756788425666,50.9227,39.8273,11.095399999999998
571,1599,2830,0.3740621873152939,0.3740729786768733,1.0791361579387537e-05,43.2981,37.3539,5.944199999999995
572,1609,1189,0.5987308461211373,0.5981783120599379,0.0005525340611993723,56.4581,45.183,11.275100000000002
573,1610,3517,0.43591272790713964,0.4359614366393873,4.8708732247659814e-05,46.3624,43.8769,2.485500000000002
574,1612,3446,0.4554050360039143,0.45506676948828195,0.0003382665156323461,50.0555,42.3538,7.701700000000002
575,1616,5894,0.56417681898417,0.5644817467053158,0.0003049277211457646,54.0115,44.6245,9.387
576,1618,5126,0.4154154154238969,0.4154674273708984,5.2011947001495695e-05,48.6116,41.3906,7.221000000000004
577,1621,4020,0.29962322950234854,0.29962994070138554,6.7111990370016805e-06,44.5934,37.7661,6.827300000000001
578,1625,2660,0.20477718406416576,0.20478976385439357,1.2579790227812415e-05,39.4388,33.0697,6.369100000000003
579,1630,259,0.7383938351428289,0.7381587788176673,0.00023505632516152009,59.7432,52.9956,6.7475999999999985
580,1634,4458,0.8385465321501774,0.835419817473025,0.00312671467715242,65.7158,56.874,8.8418
581,1637,1702,0.8984322694905742,0.9163962342131008,0.017963964722526593,71.8041,61.8424,9.961700000000008
582,1638,5376,0.6600154104159787,0.6601364842881104,0.00012107387213178278,55.2957,48.9498,6.345899999999993
583,1639,4332,0.08990045070166393,0.08969621312282294,0.00020423757884098503,34.4167,23.5353,10.8814
584,1642,2788,0.427813595787475,0.42781435765651066,7.618690356370195e-07,48.9881,40.3879,8.600200000000001
585,1645,337,0.5483966715202284,0.5483269556264886,6.971589373983011e-05,51.2886,46.1471,5.141500000000001
586,1647,2618,0.29708764883276356,0.29710748003445536,1.9831201691800082e-05,41.2448,31.6856,9.559199999999997
587,1648,2156,0.6154620029387925,0.6154077751262311,5.4227812561369326e-05,54.2742,47.4566,6.817599999999999
588,1652,5710,0.6617279980904771,0.6621674941417551,0.00043949605127802105,56.5856,50.3888,6.196799999999996
589,1653,1051,0.1017156421496877,0.1015282996246435,0.00018734252504419568,31.8128,24.1576,7.655200000000001
590,1655,5634,0.501138198748704,0.5013958828181059,0.0002576840694018534,47.7386,41.8847,5.853899999999996
591,1656,1924,0.4966299140558072,0.4965994432053519,3.047085045532194e-05,49.6595,43.9671,5.692399999999999
592,1657,2305,0.4023657139297576,0.4022443303734591,0.0001213835562985377,46.6244,40.9441,5.680300000000003
593,1665,1093,0.44042738622549676,0.440666623680277,0.00023923745478021674,49.582,39.8273,9.7547
594,1667,673,0.16506308942969342,0.16507554671820102,1.2457288507600195e-05,35.0595,30.3431,4.7164
595,1668,5122,0.5741086552634023,0.5734080370202422,0.0007006182431600338,53.7676,44.0788,9.6888
596,1670,1017,0.1646694733597934,0.16461074815555393,5.872520423946814e-05,40.5595,28.6026,11.956900000000001
597,1673,4464,0.6899110483505815,0.6928972539161355,0.0029862055655540676,58.7529,46.2291,12.523799999999994
598,1674,1107,0.3463748699793559,0.34642409141088526,4.9221431529355986e-05,47.731,38.3622,9.3688
599,1676,3433,0.5051055816728638,0.5050901443919737,1.5437280890040483e-05,51.9076,39.4666,12.441000000000003
600,1677,1311,0.5393291131513912,0.5393287530918558,3.600595354091851e-07,57.5018,43.4289,14.072900000000004
601,1679,4330,0.6149365990079231,0.6147598499774777,0.00017674903044540002,56.533,48.2272,8.305799999999998
602,1680,4134,0.5497048199882361,0.5496559327913288,4.888719690721022e-05,52.272,48.5598,3.7121999999999957
603,1683,3446,0.45533508774505366,0.45506676948828195,0.0002683182567717046,50.7019,42.3538,8.348100000000002
604,1684,4984,0.2432819557854705,0.24319240748748971,8.95482979807738e-05,43.3465,31.5844,11.7621
605,1685,442,0.3642963201573195,0.3643979833419349,0.00010166318461540813,46.7915,37.8068,8.984699999999997
606,1690,3554,0.551772070310715,0.5522740284615453,0.0005019581508303173,53.9366,43.024,10.912599999999998
607,1693,5823,0.5748239702210746,0.5748624379248214,3.8467703746825066e-05,54.1271,46.0254,8.101700000000001
608,1694,1837,0.8253180641412982,0.8226041211832045,0.0027139429580936847,66.9779,56.4259,10.552000000000007
609,1697,2412,0.28676662613460474,0.28689495368636664,0.00012832755176189758,43.6594,36.6816,6.977799999999995
610,1698,1380,0.5761263060012145,0.5760851384965948,4.116750461968799e-05,51.8403,46.3062,5.534100000000002
611,1705,5453,0.3364172147017148,0.33669292389803224,0.00027570919631741964,48.6255,37.4505,11.175000000000004
612,1706,2070,0.8135209861924182,0.8132110816606456,0.0003099045317725979,57.7834,55.6942,2.089199999999998
613,1709,2175,0.6664229107392831,0.6662355351133207,0.00018737562596238266,58.5463,47.7688,10.777500000000003
614,1711,1396,0.4114891879846417,0.4114308503986906,5.833758595108485e-05,48.2417,41.7116,6.5301000000000045
615,1714,5922,0.3547442353169711,0.3547280529331364,1.6182383834661973e-05,48.5373,42.1507,6.386600000000001
616,1715,5744,0.5001702430120777,0.4999226223519577,0.00024762066011996264,54.5437,44.8773,9.666400000000003
617,1717,554,0.28728346424105533,0.2872776495723864,5.814668668946421e-06,41.0049,31.9991,9.0058
618,1720,2239,0.5614582966592176,0.5617682037382965,0.00030990707907885273,53.4687,44.0692,9.399499999999996
619,1724,45,0.5239797175606401,0.5239487763842415,3.094117639856897e-05,51.7915,43.8094,7.982100000000003
620,1727,5727,0.48549737164524237,0.48561561030712824,0.00011823866188587218,49.9949,39.7294,10.265500000000003
621,1728,5271,0.7437409351092618,0.7444021147194742,0.0006611796102123924,63.5492,49.2322,14.317
622,1730,5528,0.35228873644253517,0.35225175959255767,3.697684997749917e-05,44.3477,37.3093,7.038400000000003
623,1731,2934,0.4588492490307393,0.4588370455200586,1.2203510680708352e-05,47.1496,42.0792,5.070399999999999
624,1735,4289,0.12587557953152664,0.12582953857435156,4.604095717508638e-05,33.719,27.2728,6.446200000000001
625,1736,5571,0.3635777268549324,0.3636163769391401,3.865008420772531e-05,46.5277,37.5595,8.968200000000003
626,1737,2338,0.5308292748844546,0.530829593858232,3.1897377739120714e-07,53.9944,41.1785,12.8159
627,1738,5906,0.3708256748716684,0.370857881992592,3.220712092361078e-05,48.9412,38.701,10.240200000000002
628,1739,4357,0.7593701616503485,0.757834199645219,0.0015359620051295098,60.1488,51.8507,8.298099999999998
629,1740,5678,0.7193291028150245,0.7191138786118848,0.0002152242031396856,57.5281,52.3239,5.2042
630,1743,774,0.1654029506505773,0.1654319406149938,2.898996441649815e-05,39.6353,28.0691,11.566200000000002
631,1745,2179,0.35554514749123795,0.3555154087086101,2.973878262785279e-05,45.7035,38.9215,6.7819999999999965
632,1750,4902,0.26162320813188245,0.26161491847111457,8.289660767879514e-06,44.0147,31.7546,12.260099999999998
633,1751,3062,0.6376866032600255,0.6372108652258905,0.00047573803413492044,56.7903,48.3881,8.4022
634,1752,3949,0.292896483280058,0.29289804522123575,1.5619411777301195e-06,42.7217,35.1607,7.561
635,1754,2408,0.7349575890502978,0.7356958343359481,0.0007382452856502519,57.1859,53.2376,3.948299999999996
636,1757,1660,0.6204798606321796,0.619861838163836,0.0006180224683436375,53.938,47.7864,6.151600000000002
637,1758,2590,0.3668113301594898,0.3668669330460304,5.560288654060663e-05,46.4098,42.7091,3.7006999999999977
638,1759,3407,0.6242964024095151,0.6239505115450097,0.00034589086450542705,55.2507,48.3321,6.918600000000005
639,1760,4626,0.3159084541375797,0.3158833785682688,2.5075569310861745e-05,44.6025,36.6048,7.997700000000002
640,1762,1804,0.37884984073264727,0.3789770208003272,0.00012718006767992174,46.6341,41.5753,5.058799999999998
641,1766,5744,0.4999681213948075,0.4999226223519577,4.549904284978368e-05,51.5232,44.8773,6.645900000000005
642,1773,5529,0.22600156011811245,0.22599533474345307,6.225374659385441e-06,44.615,35.8661,8.748899999999999
643,1775,1368,0.4102672787744797,0.41031289427398276,4.5615499503048884e-05,45.7073,39.8453,5.861999999999995
644,1777,1030,0.08341080628670698,0.08341839151448668,7.585227779702275e-06,32.3437,26.3332,6.010499999999997
645,1780,3586,0.5303055374281982,0.5303802449099567,7.470748175852915e-05,53.2048,45.4086,7.796199999999999
646,1781,2252,0.3745206727274778,0.3744142756010454,0.0001063971264324004,47.2726,39.5876,7.684999999999995
647,1784,3180,0.44951014234120823,0.44943569665064403,7.444569056419548e-05,50.6594,42.8399,7.819499999999998
648,1796,3827,0.8024680106903694,0.8028178139423056,0.0003498032519361205,60.6222,55.1128,5.509399999999999
649,1797,1969,0.3002325444401445,0.30019123691749555,4.1307522648970085e-05,49.5767,37.3903,12.186399999999999
650,1801,49,0.43109208243379415,0.43108792831103326,4.154122760890999e-06,51.6595,41.0158,10.643700000000003
651,1803,3545,0.5403655715391472,0.5405322709395912,0.00016669940044400366,49.7947,42.3454,7.449300000000001
652,1805,1929,0.40871259336043203,0.4086782189432622,3.4374417169857896e-05,51.9324,42.9685,8.963900000000002
653,1806,2541,0.5102215221871685,0.5104303378187619,0.00020881563159336203,54.8716,45.2789,9.5927
654,1808,4730,0.5282775351722007,0.5286909985993203,0.00041346342711967576,52.6361,44.0833,8.552799999999998
655,1809,1977,0.6852493987547013,0.6852102188137481,3.917994095314903e-05,59.134,48.5084,10.625599999999999
656,1812,138,0.13424339990100692,0.134264975424393,2.1575523386080375e-05,36.1916,26.4328,9.7588
657,1813,3761,0.7736372256127146,0.7740646471369999,0.00042742152428520974,61.9231,50.0891,11.833999999999996
658,1818,1308,0.6592166331174687,0.6594495793171182,0.00023294619964953078,58.6366,48.2956,10.341000000000001
659,1825,3838,0.44370721914227795,0.443478319719228,0.00022889942304993305,50.2787,41.1452,9.133499999999998
660,1827,3971,0.3371679701742732,0.337105041217002,6.292895727116887e-05,45.7969,37.0101,8.7868
661,1829,672,0.2420496975199515,0.24206079595715885,1.1098437207340828e-05,38.857,33.2109,5.646099999999997
662,1833,3749,0.302386301550027,0.3022885553177998,9.774623222719159e-05,45.8506,36.7274,9.123199999999997
663,1836,4485,0.8056251801581337,0.805600917611857,2.4262546276632158e-05,62.3809,53.5357,8.845199999999998
664,1842,1650,0.7198383625014433,0.7199657439965017,0.00012738149505842067,56.6034,48.7633,7.8401
665,1844,2206,0.4828679046965911,0.48286471061879804,3.1940777930339337e-06,55.3285,43.856,11.472499999999997
666,1851,2851,0.6657243278795913,0.6657023127182266,2.2015161364796754e-05,53.7875,51.0162,2.7713000000000036
667,1855,2130,0.13015382627437644,0.1301337890619777,2.0037212398738014e-05,36.7711,27.2158,9.555299999999995
668,1859,4730,0.5281834659182204,0.5286909985993203,0.0005075326810999314,56.0069,44.0833,11.9236
669,1862,543,0.304642318488649,0.3046570098229463,1.4691334297323166e-05,43.4629,34.8331,8.629799999999996
670,1866,1410,0.5774759440942201,0.5774401253646294,3.581872959068644e-05,53.8587,45.0312,8.8275
671,1867,4200,0.6789460586545489,0.6789590332624792,1.2974607930260618e-05,55.2569,49.6576,5.5992999999999995
672,1868,1664,0.4426918830263865,0.4426906890477076,1.193978678926122e-06,50.3166,43.0162,7.300400000000003
673,1869,2160,0.8505814332119345,0.8551091769873044,0.004527743775369908,64.8795,58.3633,6.516199999999991
674,1870,237,0.7413291421932106,0.7395688961780429,0.0017602460151676658,58.1451,50.5038,7.641300000000001
675,1882,3380,0.18819354237324276,0.1881596467860327,3.389558721006436e-05,36.8075,33.2132,3.594299999999997
676,1884,2150,0.4888477525806301,0.4889382467299838,9.04941493536926e-05,50.304,43.1047,7.199300000000001
677,1889,2776,0.6698876653439075,0.6699749429533314,8.727760942384144e-05,54.6795,45.8998,8.779699999999998
678,1890,2243,0.291239146936549,0.29109523934319004,0.00014390759335897174,45.8231,32.7372,13.085899999999995
679,1891,41,0.653243737688225,0.6538341453496315,0.0005904076614065001,56.163,46.9235,9.2395
680,1892,2515,0.7991036538059774,0.7977896627358144,0.0013139910701629454,61.6738,55.6618,6.0120000000000005
681,1895,2759,0.11280607365504543,0.1127411358870046,6.49377680408264e-05,35.1847,25.8476,9.3371
682,1898,4119,0.3545941101570708,0.3545760578680658,1.805228900503275e-05,47.083,37.089,9.994
683,1901,5095,0.22884412685193395,0.22890157111931417,5.7444267380218905e-05,40.32,34.8061,5.5139
684,1902,5273,0.5565008276629942,0.5562005670133574,0.00030026064963684096,54.3137,47.4978,6.815899999999999
685,1903,1533,0.18775397467101299,0.18764700053118494,0.00010697413982804771,38.2766,31.0319,7.244700000000002
686,1906,4182,0.4210481680558227,0.421151957932178,0.00010378987635534243,47.1911,38.1487,9.0424
687,1907,2674,0.7068140985090254,0.7068818967982342,6.779828920877584e-05,59.973,54.3843,5.588699999999996
688,1908,4967,0.16331103663857727,0.16332435970758388,1.3323069006615507e-05,37.5643,29.1767,8.387600000000003
689,1910,1307,0.2244072343412438,0.22438611546172346,2.111887952033209e-05,41.5446,30.7417,10.802900000000001
690,1915,2579,0.30594314794596744,0.3060830555594529,0.0001399076134854793,45.5978,38.8864,6.711399999999998
691,1916,3016,0.4218947941527181,0.4220134105500269,0.00011861639730881279,49.2712,40.4305,8.840699999999998
692,1917,2376,0.6777818821822396,0.6776445038047094,0.0001373783775301396,57.9248,47.3362,10.5886
693,1918,419,0.601138122036053,0.6012822449392476,0.00014412290319465448,53.5325,45.9101,7.622399999999999
694,1919,2598,0.5174902106998545,0.5175868393885603,9.662868870585761e-05,53.0293,43.8309,9.1984
695,1921,4579,0.3348814025211514,0.334913369688891,3.1967167739621605e-05,46.3004,36.0776,10.222800000000007
696,1926,5705,0.4329911310135687,0.4329279176294451,6.321338412357269e-05,46.1002,43.3306,2.769600000000004
697,1927,4419,0.5122661919792831,0.5125743040776667,0.0003081120983835506,50.598,44.4107,6.1873000000000005
698,1930,4900,0.29629103967070647,0.2964183645249737,0.00012732485426725226,40.4714,36.5094,3.9620000000000033
699,1932,1837,0.8225476006495401,0.8226041211832045,5.652053366433929e-05,64.4357,56.4259,8.009799999999998
700,1934,5438,0.4674684718715245,0.4674506717410492,1.7800130475309484e-05,50.9957,41.4313,9.5644
701,1947,2305,0.40223114268333837,0.4022443303734591,1.3187690120708417e-05,49.2996,40.9441,8.3555
702,1949,2502,0.2140537786502299,0.21398197711060418,7.180153962571545e-05,39.4125,34.7395,4.673000000000002
703,1959,5645,0.21342765904373903,0.2134276423247129,1.6719026135758597e-08,41.9243,31.249,10.675300000000004
704,1968,4514,0.5153360281888535,0.5153262398709136,9.788317939851687e-06,51.9239,45.2723,6.651600000000002
705,1970,4580,0.2678023639981786,0.2677479611416819,5.4402856496660323e-05,43.0988,33.8742,9.224599999999995
706,1972,5160,0.3573758436459523,0.3574677008979945,9.185725204219342e-05,43.5014,37.4026,6.098799999999997
707,1975,1650,0.719858800788097,0.7199657439965017,0.00010694320840465288,58.5817,48.7633,9.818399999999997
708,1978,4669,0.4140869548754411,0.41415396946535726,6.701458991614784e-05,49.202,37.6101,11.591899999999995
709,1983,5644,0.8762876732012883,0.8623048997144745,0.01398277348681376,67.7404,59.7845,7.955899999999993
710,1985,3138,0.41221604715758003,0.4121265144408621,8.953271671791052e-05,47.0724,41.1633,5.909100000000002
711,1986,5678,0.7188042482596794,0.7191138786118848,0.00030963035220543667,57.6763,52.3239,5.352399999999996
712,1999,4458,0.8360606621733727,0.835419817473025,0.0006408447003477535,63.248,56.874,6.373999999999995
713,2001,2248,0.3878273250746059,0.38786604358811905,3.871851351316957e-05,47.454,39.3431,8.1109
714,2004,4365,0.6711792505968915,0.6706645571742824,0.0005146934226091249,61.1395,51.1753,9.964199999999998
715,2006,5992,0.48299087653654726,0.48289030316347403,0.00010057337307323166,52.453,45.8492,6.6038
716,2007,5843,0.7508515657975001,0.750795643558145,5.592223935513285e-05,60.4416,49.819,10.622599999999998
717,2010,1977,0.6856752485839789,0.6852102188137481,0.00046502977023077374,56.7201,48.5084,8.2117
718,2011,179,0.5957231465332332,0.5952016586586644,0.0005214878745688489,55.5845,45.4295,10.155000000000001
719,2015,2851,0.6653871562938298,0.6657023127182266,0.0003151564243967231,58.8834,51.0162,7.867200000000004
720,2018,4921,0.7341479341999475,0.7341766724522272,2.873825227966975e-05,58.4481,54.8594,3.588699999999996
721,2020,2044,0.448415487934777,0.44848531367488015,6.982574010316878e-05,50.7689,41.8332,8.935700000000004
722,2025,420,0.5764921676834651,0.576382754155033,0.00010941352843207852,57.1995,46.9861,10.2134
723,2031,5514,0.3417355731678633,0.3418455779867208,0.00011000481885753421,48.1346,38.8743,9.2603
724,2033,4852,0.2335067792677561,0.23343390419065382,7.287507710226904e-05,42.1052,34.004,8.101200000000006
725,2035,4175,0.13844746688824822,0.13852252690867825,7.506002043003446e-05,36.6408,28.0198,8.620999999999999
726,2036,4464,0.6921217263843003,0.6928972539161355,0.0007755275318352961,55.366,46.2291,9.136899999999997
727,2037,3247,0.5141057177611508,0.5139952748174689,0.00011044294368189878,53.0081,47.8811,5.126999999999995
728,2042,4240,0.580439321649613,0.5804484081620025,9.086512389511192e-06,53.5557,44.7405,8.815200000000004
729,2043,4949,0.39596601455674957,0.3959513519777139,1.466257903565138e-05,46.1422,41.198,4.944200000000002
730,2048,4483,0.2635805716842561,0.26367960003593927,9.902835168318358e-05,40.8367,30.9348,9.901900000000001
731,2049,2858,0.3401430727138632,0.34017528102968153,3.220831581834949e-05,43.2785,38.8677,4.410800000000002
732,2051,5028,0.4029492607968712,0.40284988564601765,9.937515085356452e-05,47.7225,38.7682,8.954299999999996
733,2052,2164,0.19412463880778327,0.19405438297541985,7.025583236341948e-05,39.753,31.2434,8.509599999999999
734,2053,555,0.480382443862805,0.4803392753296941,4.31685331108711e-05,51.2684,41.0472,10.221200000000003
735,2054,4577,0.3454500246561352,0.3455235531517624,7.352849562719532e-05,46.2693,39.5921,6.677199999999999
736,2056,4944,0.57954635173598,0.5795025633444277,4.378839155227965e-05,52.4733,44.3343,8.139000000000003
737,2058,1332,0.507960647559729,0.5077616839364093,0.0001989636233197256,49.284,43.5791,5.704900000000002
738,2061,448,0.48660033288168614,0.4867236557007492,0.0001233228190630764,53.849,42.2762,11.572799999999994
739,2067,5698,0.17644060445548868,0.17641117164921316,2.9432806275514478e-05,39.3578,30.0439,9.313899999999997
740,2071,4611,0.43760758621201784,0.4380973602244965,0.0004897740124786831,48.6158,41.0406,7.575200000000002
741,2076,2622,0.5241929657651683,0.5243127318682156,0.00011976610304731405,51.8955,46.2115,5.6839999999999975
742,2078,2218,0.3384013451714717,0.338382522930804,1.88222406676819e-05,45.9261,39.8261,6.100000000000001
743,2079,2763,0.8304227554580557,0.8308404623443763,0.00041770688632059016,63.9285,56.3397,7.588799999999999
744,2083,5683,0.6888738783113566,0.6868501677906466,0.0020237105207100425,56.8489,49.1045,7.744399999999999
745,2088,734,0.3312538211947157,0.33120448689228105,4.933430243464487e-05,46.6742,39.7182,6.955999999999996
746,2090,4464,0.693289931654311,0.6928972539161355,0.0003926777381754176,56.0236,46.2291,9.7945
747,2091,707,0.5112410158977677,0.5110447107327127,0.00019630516505497742,52.05,43.5095,8.540499999999994
748,2092,5565,0.6759699382312001,0.67628276591417,0.00031282768296991836,54.8933,48.9338,5.959500000000006
749,2093,1320,0.43464770344349707,0.4344421392345516,0.00020556420894546346,49.7456,40.2833,9.462300000000006
750,2095,500,0.16844445450219572,0.16841770384265814,2.6750659537583266e-05,36.6705,30.5779,6.092599999999997
751,2096,4573,0.532680731902128,0.5328345293669422,0.00015379746481425371,50.8582,45.6496,5.208599999999997
753,2101,3763,0.10627753809111386,0.1064479496218925,0.00017041153077863858,35.2046,27.8822,7.322399999999998
754,2102,3235,0.24765300610592203,0.24760925506330447,4.375104261755691e-05,41.4176,35.2188,6.1987999999999985
755,2103,2108,0.6503244428268026,0.6502656823030082,5.876052379438779e-05,56.2618,47.2669,8.994900000000001
756,2104,3537,0.41795383786813495,0.4177848657036484,0.00016897216448652497,45.4485,39.9462,5.502300000000005
757,2107,3419,0.41978500879335706,0.4199971945495401,0.00021218575618303648,47.6136,42.097,5.516599999999997
758,2110,4028,0.5606454937486618,0.5605566419123218,8.885183633999816e-05,54.9953,46.6305,8.364800000000002
759,2115,3377,0.324815703106825,0.32481110807343944,4.595033385568215e-06,46.9034,38.7852,8.118199999999995
760,2116,1127,0.2510260084848767,0.25100036805939935,2.5640425477369e-05,39.529,36.3044,3.2246000000000024
761,2117,5935,0.6470802502995854,0.6477842623803124,0.0007040120807270123,54.8138,46.0506,8.763199999999998
762,2120,3065,0.5925433062478973,0.5925834084518744,4.010220397709929e-05,56.36,47.6599,8.700099999999999
763,2121,4797,0.38980612850306284,0.3898953821017775,8.925359871464478e-05,47.9175,39.4662,8.451299999999996
764,2124,2460,0.1767723945471354,0.17675399162761446,1.8402919520932315e-05,36.7274,32.3888,4.3386
765,2127,1217,0.10964954060545604,0.10972657574965712,7.70351442010847e-05,33.3613,25.4895,7.8718
766,2131,4430,0.1278859361119194,0.12795388326289384,6.794715097444004e-05,31.9947,25.5702,6.424500000000002
767,2134,5351,0.4617869158307866,0.461800524023475,1.3608192688363552e-05,48.991,39.2327,9.758299999999998
768,2135,1702,0.9185164398355987,0.9163962342131008,0.002120205622497928,73.4147,61.8424,11.572299999999998
769,2138,3234,0.7331795968594558,0.7331185831607944,6.101369866140516e-05,60.9253,50.6337,10.291600000000003
770,2141,3838,0.44354932983769035,0.443478319719228,7.101011846233352e-05,51.1516,41.1452,10.0064
771,2143,2494,0.6075990120563848,0.6076119129823453,1.2900925960512843e-05,56.0216,47.4027,8.618899999999996
772,2144,5931,0.6517430966585008,0.6517134505793526,2.9646079148237803e-05,57.4495,48.0775,9.372
773,2147,4981,0.3072171357508165,0.30721230478975164,4.830961064850037e-06,41.9546,33.6211,8.3335
774,2151,449,0.06769627062859859,0.06805296619631339,0.00035669556771479594,26.6365,20.9039,5.7326000000000015
775,2154,4725,0.11564478303100885,0.11566467017679583,1.9887145786975924e-05,34.2394,24.6224,9.617000000000004
776,2155,2863,0.35430675287095353,0.3541724723025692,0.00013428056838432623,46.9699,37.5405,9.429400000000001
777,2157,3608,0.4465528392942016,0.44628495699637954,0.00026788229782204187,45.9176,41.8678,4.049799999999998
778,2162,1650,0.7200926649019466,0.7199657439965017,0.00012692090544486057,61.5242,48.7633,12.7609
779,2168,3510,0.69414155428233,0.6941953118512316,5.375756890158012e-05,58.0036,49.5973,8.406300000000002
780,2169,2699,0.4960401327422315,0.4961620798604541,0.000121947118222554,49.9414,43.5349,6.406500000000001
781,2170,5199,0.27071478160717616,0.27083252964726845,0.00011774804009229145,41.0199,35.8816,5.138300000000001
782,2171,643,0.08805585546736087,0.08807736117405043,2.150570668955909e-05,31.3235,25.4352,5.888300000000001
783,2180,4458,0.839490389011418,0.835419817473025,0.004070571538393075,60.1792,56.874,3.3051999999999992
784,2183,5361,0.6268585699356312,0.6267634778262842,9.509210934699475e-05,54.7447,49.456,5.288699999999999
785,2184,3271,0.5830593042789946,0.5834526983278523,0.00039339404885774254,55.7555,42.8136,12.941899999999997
786,2185,280,0.4953524131345232,0.49530434260369316,4.8070530830057745e-05,54.5446,45.1459,9.398700000000005
787,2191,1848,0.6576787253136277,0.657871549733756,0.00019282442012824585,58.6154,50.844,7.7714
788,2192,1581,0.14402774693093665,0.14409042471099512,6.267778005847324e-05,35.632,29.1687,6.463299999999997
789,2200,5104,0.3854956085634024,0.3854111190885006,8.448947490180547e-05,46.8864,39.9374,6.949000000000005
790,2202,2571,0.7499384711774881,0.7498732729135676,6.519826392048511e-05,59.3263,51.6461,7.680200000000006
791,2207,3129,0.17203573557102475,0.17219056968847313,0.00015483411744837694,38.0938,31.0384,7.055400000000002
792,2208,4244,0.37232300608866653,0.3726209353540957,0.0002979292654291532,44.0669,39.374,4.6928999999999945
793,2209,1931,0.4926409284131697,0.4926029372837967,3.799112937297178e-05,50.9024,45.4347,5.467700000000001
794,2219,243,0.7770431051385358,0.7768912836447227,0.00015182149381309795,61.6973,55.7545,5.942799999999998
795,2220,2946,0.6247910062497238,0.6251929249188268,0.00040191866910299634,53.0366,47.7121,5.3245000000000005
796,2222,1540,0.4443616178087914,0.4441785673082026,0.00018305050058881056,49.8938,41.8828,8.010999999999996
797,2224,641,0.14257887886475193,0.14257357664069656,5.302224055370175e-06,34.5945,27.4343,7.160199999999996
798,2228,2541,0.5106581083787093,0.5104303378187619,0.00022777055994738227,53.3506,45.2789,8.0717
799,2233,4773,0.41343958737057684,0.4133848596374444,5.47277331324203e-05,50.6928,39.0761,11.616700000000002
800,2234,5437,0.4869836406393244,0.48692797868516774,5.5661954156682736e-05,49.3478,44.4627,4.885100000000001
801,2240,4320,0.699757134966918,0.6997381550457322,1.8979921185824367e-05,59.6661,50.1789,9.487200000000001
802,2246,193,0.39653182185269586,0.39658931765100264,5.749579830677254e-05,49.1282,40.6465,8.481699999999996
803,2250,3862,0.5264328002983579,0.526166560317792,0.0002662399805659632,52.9517,42.7012,10.250500000000002
804,2254,4458,0.8425447305348136,0.835419817473025,0.00712491306178864,63.505,56.874,6.631
805,2255,1450,0.6120383822512084,0.612046849128001,8.466876792567746e-06,56.1641,49.0535,7.110599999999998
806,2257,4429,0.5977971892735832,0.5980011878610357,0.0002039985874525696,57.2779,47.9421,9.335799999999999
807,2258,4346,0.36461614469115844,0.36453694201691494,7.920267424349481e-05,44.3904,39.8354,4.555
808,2261,1837,0.82577762040837,0.8226041211832045,0.0031734992251655214,61.8034,56.4259,5.377500000000005
809,2263,4935,0.5543388640774373,0.5540054946938899,0.0003333693835473328,52.7884,43.2651,9.523300000000006
810,2267,1654,0.16396872839585003,0.16388373184627106,8.499654957896952e-05,41.2013,31.7368,9.464500000000005
811,2269,879,0.43621474756591194,0.43622786301657335,1.311545066140507e-05,47.411,41.2615,6.149500000000003
812,2272,336,0.15262468458954173,0.1526280079760864,3.3233865446569144e-06,35.9775,31.1184,4.859099999999998
813,2273,1958,0.5149054057642982,0.5148949396640808,1.0466100217376706e-05,52.336,42.6019,9.734099999999998
814,2275,707,0.5111996471417846,0.5110447107327127,0.00015493640907182638,49.6241,43.5095,6.114599999999996
815,2279,1565,0.46638270432216233,0.4663594363905606,2.3267931601733682e-05,50.272,39.9759,10.296099999999996
816,2280,2763,0.8303690634602088,0.8308404623443763,0.0004713988841674732,62.9392,56.3397,6.599499999999999
817,2281,4535,0.25758414793844603,0.25758632919026797,2.181251821942176e-06,43.0838,34.4981,8.585699999999996
818,2284,3517,0.43594675970182833,0.4359614366393873,1.4676937558966152e-05,48.0544,43.8769,4.177500000000002
819,2285,473,0.7954703349060983,0.7945771732071715,0.0008931616989268365,61.1206,57.0413,4.0793000000000035
820,2286,2529,0.27027663013212866,0.27027638125224446,2.4887988420152496e-07,44.4265,33.8089,10.617599999999996
821,2288,4764,0.4957351538009372,0.49566507416941796,7.007963151922647e-05,52.5935,41.9461,10.647399999999998
822,2290,2942,0.4263150774790243,0.42625829366605605,5.678381296825297e-05,50.5596,40.6155,9.944100000000006
823,2293,4419,0.5123407829945651,0.5125743040776667,0.00023352108310159547,51.0555,44.4107,6.644800000000004
824,2294,5889,0.5992446502246613,0.6003049181262363,0.001060267901574985,54.5729,45.6274,8.945499999999996
825,2295,3846,0.4066871576596479,0.4066178750395264,6.928262012151354e-05,44.4307,40.5931,3.837600000000002
826,2299,3379,0.21865149229195605,0.21861761436039587,3.387793156017782e-05,42.3797,30.6302,11.749500000000001
827,2300,4232,0.7148021791281121,0.7147151534365085,8.702569160357054e-05,58.64,49.908,8.732
828,2301,67,0.7387092196901753,0.7388057327222065,9.651303203117578e-05,59.2984,52.35,6.9483999999999995
829,2302,1021,0.12225212945074353,0.12219605513398901,5.6074316754514686e-05,31.5081,26.6973,4.8108
830,2304,1157,0.23059469849859324,0.23061161513786008,1.6916639266839617e-05,38.0327,34.2549,3.777799999999999
831,2306,4856,0.4400216854211338,0.44012324141251485,0.00010155599138106375,49.2043,42.8876,6.316700000000004
832,2308,1672,0.681022907133995,0.6809128624193576,0.00011004471463749166,54.1064,48.9361,5.1702999999999975
833,2309,3723,0.6019719809586404,0.6019482219072251,2.3759051415273014e-05,52.3233,48.0898,4.2335000000000065
834,2311,231,0.4314273869854454,0.4312688981452968,0.00015848884014862952,50.0998,42.3011,7.798700000000004
835,2313,4028,0.5604230498432464,0.5605566419123218,0.00013359206907537224,57.5895,46.6305,10.959000000000003
836,2314,2160,0.8468891326027231,0.8551091769873044,0.008220044384581238,63.3173,58.3633,4.954000000000001
837,2320,5061,0.29379120787539265,0.2937838598329371,7.348042455557202e-06,44.8358,36.8305,8.005299999999998
838,2321,5860,0.14986271347641392,0.14987555856824442,1.2845091830498978e-05,39.3133,28.1302,11.1831
839,2326,5468,0.24290762920561787,0.24289767352461764,9.955681000234362e-06,44.1457,34.8848,9.2609
840,2327,3141,0.12393224563894775,0.12387874890109758,5.349673785016995e-05,32.9006,27.5328,5.3677999999999955
841,2328,176,0.5788490332469312,0.5784974451801002,0.00035158806683099897,53.0804,43.8491,9.231299999999997
842,2331,5644,0.8725695866187086,0.8623048997144745,0.0102646869042341,64.2165,59.7845,4.431999999999995
843,2332,5930,0.521256079466648,0.5215610159106895,0.00030493644404150366,52.6863,42.8934,9.792900000000003
844,2341,1702,0.9323606577357809,0.9163962342131008,0.015964423522680127,71.5816,61.8424,9.739199999999997
845,2343,3062,0.6376377116701674,0.6372108652258905,0.0004268464442768183,57.6799,48.3881,9.291800000000002
846,2344,2296,0.42284309754995025,0.42294016239711363,9.706484716337505e-05,47.5301,43.7898,3.7402999999999977
847,2345,1688,0.7922490947262641,0.7924400466375632,0.000190951911299031,60.7327,54.4368,6.295900000000003
848,2352,3964,0.3449341360943839,0.34496380126993553,2.9665175551640832e-05,44.476,39.3985,5.077500000000001
849,2356,294,0.2760146524613117,0.2759074998194344,0.0001071526418772728,44.112,34.9808,9.1312
850,2357,2889,0.4230692639740014,0.42307917192635336,9.907952351950744e-06,49.4227,44.2038,5.218899999999998
851,2359,5512,0.46877910777786264,0.46848983428873575,0.00028927348912688444,46.5743,45.7536,0.8207000000000022
852,2363,5710,0.6619006341049041,0.6621674941417551,0.00026686003685105764,55.1972,50.3888,4.808399999999999
853,2364,1432,0.2854136428940926,0.28544945784375836,3.581494966575782e-05,43.2478,38.3427,4.905099999999997
854,2366,3083,0.32839626145031636,0.328257860114154,0.00013840133616238592,45.1552,37.4743,7.680900000000001
855,2368,4514,0.5153379107103174,0.5153262398709136,1.167083940378788e-05,50.0967,45.2723,4.824399999999997
856,2372,1943,0.40613645438166857,0.40614913556796606,1.268118629749182e-05,45.1239,41.9388,3.1850999999999985
857,2373,5456,0.5768059670166094,0.5767895662665231,1.6400750086242866e-05,53.733,43.5045,10.228499999999997
858,2375,1018,0.3485859748378812,0.3486667655733343,8.079073545314008e-05,48.069,38.4658,9.603200000000001
859,2377,226,0.23394624844770565,0.23387883443338228,6.741401432336369e-05,42.6997,30.89,11.8097
860,2381,2070,0.8133226789142005,0.8132110816606456,0.00011159725355491812,62.9779,55.6942,7.283699999999996
861,2383,378,0.16189273535437243,0.16166982088743478,0.00022291446693764594,37.2879,29.1218,8.1661
862,2386,3761,0.7733471158971562,0.7740646471369999,0.0007175312398436384,62.8695,50.0891,12.7804
863,2387,1558,0.38147860315909776,0.38169601721102464,0.00021741405192687857,44.3168,40.9189,3.3979
864,2388,613,0.6521740837415732,0.6520242554879252,0.0001498282536479545,56.8966,49.9485,6.948099999999997
865,2392,3951,0.6608118436824262,0.660690369835139,0.00012147384728722344,57.44,49.3904,8.049599999999998
866,2394,251,0.4658656783099383,0.46582919196826067,3.648634167763287e-05,49.349,43.3125,6.036499999999997
867,2396,3612,0.5297555065464029,0.5296732136144112,8.229293199168985e-05,51.2999,44.3576,6.942300000000003
868,2398,190,0.5905527885180951,0.5906498303911564,9.704187306125434e-05,54.0633,46.9007,7.162599999999998
869,2401,4276,0.5247932319556515,0.5248650418800724,7.180992442090695e-05,54.2222,44.6731,9.549100000000003
870,2406,1277,0.2551074050475778,0.2550555806262501,5.1824421327673065e-05,41.5073,32.1445,9.3628
871,2407,3318,0.5623384960262284,0.5626548791864412,0.00031638316021276314,55.4861,44.7087,10.7774
872,2410,1700,0.6094776635407881,0.6095348314854245,5.716794463639374e-05,53.0427,48.6547,4.388000000000005
873,2411,5095,0.2288072160789268,0.22890157111931417,9.43550403873783e-05,39.7696,34.8061,4.963499999999996
874,2418,5744,0.5000529969355827,0.4999226223519577,0.00013037458362497034,49.8648,44.8773,4.987500000000004
875,2419,3612,0.5296594182962868,0.5296732136144112,1.3795318124398825e-05,49.9405,44.3576,5.582900000000002
876,2421,3484,0.47293369373292665,0.47285247197632857,8.122175659808217e-05,49.5951,42.1593,7.4358
877,2426,5644,0.8783119315075585,0.8623048997144745,0.016007031793083937,68.3148,59.7845,8.530300000000004
878,2428,2105,0.4388319539189716,0.43874413434835297,8.781957061865242e-05,46.7114,42.387,4.324399999999997
879,2430,2980,0.3893098775623614,0.3892927436465912,1.7133915770184416e-05,45.1053,37.9326,7.172699999999999
880,2431,8,0.3639503073544172,0.3638717381503942,7.85692040229935e-05,48.3397,38.0891,10.250599999999999
881,2436,5344,0.42351648722360136,0.42353145376169593,1.4966538094574044e-05,47.7133,38.7053,9.007999999999996
882,2444,2946,0.6246567570615587,0.6251929249188268,0.0005361678572681772,55.7261,47.7121,8.014000000000003
883,2447,4685,0.4192684308649174,0.4192877048158973,1.9273950979892263e-05,48.6247,39.0637,9.561
884,2449,2728,0.20241120001031163,0.20239857820947554,1.262180083608233e-05,38.2405,33.4926,4.747899999999994
885,2451,3827,0.800997018961782,0.8028178139423056,0.0018207949805235657,65.8311,55.1128,10.718300000000006
886,2454,1542,0.6308376816907915,0.6304053223018453,0.00043235938894614634,56.9587,47.0093,9.949399999999997
887,2457,5050,0.40738698746085544,0.4073305407272391,5.644673361632213e-05,49.5821,40.4707,9.111399999999996
888,2458,4333,0.71719315949535,0.7164963730739193,0.0006967864214306729,58.1698,49.4994,8.6704
889,2461,4021,0.6735669089368943,0.6732122161787018,0.0003546927581925541,58.21,52.1668,6.043199999999999
890,2466,2817,0.21910957649416277,0.2190339582471714,7.561824699137132e-05,40.2559,32.7237,7.532199999999996
891,2467,5510,0.35373048721591027,0.3537386649312294,8.177715319135359e-06,43.8609,38.1936,5.667299999999997
892,2468,2232,0.5067763394294963,0.5067727810690352,3.5583604610645025e-06,53.4746,46.5203,6.9543000000000035
893,2469,1287,0.5441699082643583,0.5444215862623233,0.0002516779979649941,53.8057,42.1325,11.673200000000001
894,2470,2039,0.7184654875142082,0.7182876433410124,0.00017784417319588464,61.869,51.7447,10.124299999999998
895,2472,41,0.6536114664161721,0.6538341453496315,0.00022267893345939704,55.1375,46.9235,8.214000000000006
896,2474,4735,0.40372178718789403,0.4036161626983002,0.0001056244895938363,46.3974,40.3578,6.0396
897,2479,2174,0.2876122079269872,0.28763017894953796,1.7971022550744564e-05,46.1225,33.1109,13.011600000000001
898,2480,1837,0.8231508240388018,0.8226041211832045,0.0005467028555973252,63.413,56.4259,6.987099999999998
899,2481,4357,0.758606643546119,0.757834199645219,0.0007724439008999218,60.7923,51.8507,8.941599999999994
900,2482,435,0.18945056121222856,0.18937390502259654,7.665618963201282e-05,40.8094,31.5219,9.287499999999998
901,2488,686,0.25988498970559687,0.2598591643775731,2.5825328023754146e-05,41.8914,35.2878,6.6036
902,2496,5350,0.38641050078082034,0.3864855814043218,7.508062350147782e-05,50.4095,39.8715,10.538000000000004
903,2497,157,0.24882886262576281,0.2487168718793078,0.00011199074645501517,40.633,33.7512,6.8818000000000055
904,2498,4458,0.8344167966127181,0.835419817473025,0.0010030208603069024,65.3112,56.874,8.437199999999997
905,2500,994,0.3515750841470805,0.35156438200509726,1.070214198323205e-05,47.9937,37.9258,10.067899999999995
906,2503,4744,0.5607757949043937,0.5607697945245039,6.000379889736784e-06,56.0237,48.8939,7.129799999999996
907,2505,3134,0.6488069329235558,0.6491935187271725,0.00038658580361661254,57.0805,48.6959,8.384599999999999
908,2507,5644,0.8645476261515609,0.8623048997144745,0.00224272643708634,71.5883,59.7845,11.803800000000003
909,2508,4510,0.32584832972618083,0.3259023847679772,5.4055041796396974e-05,43.6322,39.3791,4.253099999999996
910,2509,3593,0.42751645405465194,0.42755461227101066,3.815821635871908e-05,47.4929,38.9871,8.5058
911,2511,5530,0.12884679413188668,0.12889360187466634,4.680774277965316e-05,37.7616,24.6253,13.136300000000002
912,2512,2824,0.559419634036151,0.5594406234556258,2.098941947481503e-05,53.6356,45.0088,8.626799999999996
913,2517,5090,0.43482234323373326,0.43494324379759897,0.00012090056386571124,45.8603,41.1689,4.691400000000002
914,2519,3253,0.5190343632747959,0.5190536522293159,1.928895451996926e-05,52.832,46.8686,5.9634
915,2521,3363,0.44293790184711096,0.44313573596872186,0.00019783412161089586,48.0308,41.0764,6.9544
916,2522,3735,0.300405419184839,0.30039528599134674,1.0133193492245507e-05,44.2111,33.8385,10.372599999999998
917,2525,4908,0.755972501189975,0.7559619154423977,1.0585747577396276e-05,61.2502,55.0223,6.227899999999998
918,2526,2751,0.6274046755024826,0.6269634884157609,0.00044118708672169493,56.029,46.9772,9.0518
919,2532,5326,0.2773053621699343,0.277248248598154,5.711357178028731e-05,44.8525,36.4162,8.436299999999996
920,2539,5330,0.16920562682084656,0.16923542620290927,2.979938206271182e-05,41.3004,30.1541,11.146300000000004
921,2544,3150,0.49319012890106806,0.4932732509327754,8.312203170735e-05,51.3754,43.4452,7.930199999999999
922,2551,1215,0.7107052042000963,0.7114326774600678,0.0007274732599714673,56.0181,52.7833,3.2348
923,2552,4485,0.8049825817893509,0.805600917611857,0.0006183358225061442,62.6516,53.5357,9.115900000000003
924,2553,3652,0.30011561105576456,0.30007988473270014,3.572632306442225e-05,43.0624,33.8892,9.173199999999994
925,2554,759,0.30886139656729267,0.30885524885142807,6.147715864601722e-06,45.6622,34.0793,11.582899999999995
926,2555,5258,0.4575072483740111,0.45753434412368776,2.7095749676686598e-05,48.6419,42.5746,6.067300000000003
927,2557,3155,0.3245546651848194,0.32455044655267884,4.218632140562395e-06,42.3485,33.4166,8.931899999999999
928,2558,4555,0.6223342003445084,0.621648265179348,0.0006859351651603562,53.5741,46.8191,6.755000000000003
929,2560,1213,0.37293768484081014,0.37299203767719435,5.4352836384219394e-05,45.9327,38.9289,7.003799999999998
930,2563,4737,0.15250284795986038,0.15249039639629894,1.2451563561444168e-05,41.4698,30.0495,11.420300000000001
931,2564,2408,0.7349841739647356,0.7356958343359481,0.000711660371212508,58.7581,53.2376,5.520499999999998
932,2567,5708,0.16829285261911028,0.16828961814465887,3.2344744514134494e-06,39.1762,28.3683,10.8079
933,2568,808,0.15678790515043456,0.1568439814034046,5.607625297004981e-05,40.1941,28.738,11.4561
934,2572,707,0.5110351970449913,0.5110447107327127,9.51368772139638e-06,51.4626,43.5095,7.953099999999999
935,2576,211,0.39145675693302223,0.39135519736181557,0.00010155957120666637,50.0009,38.2461,11.754800000000003
936,2578,647,0.3148212673098593,0.3148248964586963,3.629148837003271e-06,42.8663,38.5769,4.2894000000000005
937,2589,3519,0.1577378073748476,0.15774638034277005,8.572967922448882e-06,36.3229,28.9858,7.337099999999996
938,2594,2494,0.6076565777646946,0.6076119129823453,4.466478234932403e-05,53.4367,47.4027,6.033999999999999
939,2596,3827,0.8009922349861736,0.8028178139423056,0.0018255789561320013,61.4178,55.1128,6.305
940,2597,2674,0.7075987360380818,0.7068818967982342,0.0007168392398475554,57.3523,54.3843,2.9679999999999964
941,2602,2217,0.22050570993990018,0.2204627156730843,4.2994266815893356e-05,38.7571,32.3528,6.404299999999999
942,2609,5021,0.34399756440873114,0.34400832813710863,1.0763728377494175e-05,49.3817,37.9347,11.447000000000003
943,2611,4911,0.343929700371584,0.34395913760009156,2.9437228507567248e-05,44.786,36.8872,7.898800000000001
944,2614,3446,0.4552448310226569,0.45506676948828195,0.00017806153437494032,46.5522,42.3538,4.1983999999999995
945,2620,4056,0.5940787102498967,0.594414441822845,0.0003357315729483057,54.3095,48.4541,5.855400000000003
946,2625,664,0.29585010818690183,0.2957875907256742,6.251746122765134e-05,43.662,33.8516,9.810400000000001
947,2626,5224,0.645155522562267,0.644880688359294,0.00027483420297302885,56.9933,48.4231,8.5702
948,2627,4564,0.6060514426202563,0.6060883357810342,3.689316077781779e-05,55.2436,45.9149,9.328699999999998
949,2630,5262,0.2805375984820908,0.2805911581648646,5.3559682773762773e-05,44.6166,37.6844,6.932200000000002
950,2631,2350,0.1490721298866862,0.14905751394462247,1.4615942063728182e-05,35.9855,28.0893,7.8962
951,2636,2227,0.628551219776846,0.6287621362360101,0.00021091645916404556,57.6804,46.6283,11.052099999999996
952,2637,5833,0.19704023767831624,0.19704904317043634,8.805492120095293e-06,40.8806,32.0319,8.848700000000001
953,2639,2642,0.2711599338618538,0.27113288767471766,2.7046187136114952e-05,41.5089,34.6461,6.8628
954,2640,4854,0.12827975319881835,0.12824445382079705,3.5299378021297345e-05,36.3428,29.5997,6.743099999999998
955,2643,4296,0.7221515369542784,0.7219845442729099,0.0001669926813684386,61.2669,53.8585,7.4084
956,2645,4853,0.16686990290205922,0.1669014150829896,3.15121809303931e-05,39.0631,30.2079,8.8552
957,2646,4229,0.18342059991342818,0.1834727775728262,5.217765939802277e-05,40.1921,30.7925,9.399600000000003
958,2647,276,0.23814202436423315,0.23813530616295076,6.718201282396308e-06,43.669,33.4573,10.2117
959,2650,297,0.2897175814208711,0.289802195248865,8.461382799390682e-05,42.0997,33.6372,8.462499999999999
960,2659,690,0.3097703842485819,0.3096200458270238,0.00015033842155809385,46.5682,38.9842,7.583999999999996
961,2661,177,0.7634174819596045,0.7637122275135486,0.00029474555394415347,61.156,54.2565,6.899499999999996
962,2662,3933,0.32100335981794414,0.32114243568812695,0.0001390758701828032,41.5638,35.9123,5.651499999999999
963,2663,3062,0.6384726233344934,0.6372108652258905,0.0012617581086028506,56.2868,48.3881,7.898699999999998
964,2664,2227,0.6285945581241357,0.6287621362360101,0.0001675781118744002,57.5891,46.6283,10.960799999999999
965,2667,1488,0.753714758483364,0.7542077691787739,0.0004930106954098568,60.5848,56.0443,4.5405000000000015
966,2669,4768,0.6088279790040702,0.6091448069018242,0.0003168278977540018,53.4766,48.4949,4.9816999999999965
967,2673,5038,0.14700185510387945,0.147069976510096,6.81214062165647e-05,36.0318,30.7452,5.286599999999996
968,2675,4322,0.32338046295597084,0.32339601873599616,1.555578002532254e-05,46.57,35.8457,10.7243
969,2677,4730,0.5284234307380921,0.5286909985993203,0.00026756786122827947,49.4103,44.0833,5.326999999999998
970,2678,4130,0.5547730015136959,0.554844763221679,7.176170798306458e-05,56.6583,48.6421,8.016199999999998
971,2683,5419,0.4159338976561946,0.4160188130708091,8.491541461452812e-05,48.9554,38.6759,10.279499999999999
972,2684,2390,0.14978893046845237,0.14979007490762913,1.1444391767589934e-06,35.158,29.0947,6.063300000000002
973,2685,1702,0.908170308146015,0.9163962342131008,0.008225926067085831,66.4101,61.8424,4.567700000000002
974,2687,545,0.33029175044621395,0.3303140931727589,2.2342726544943847e-05,47.39,35.2785,12.1115
975,2691,4458,0.8394472300694409,0.835419817473025,0.004027412596415925,64.705,56.874,7.830999999999996
976,2692,5719,0.3150050008458697,0.3149472325619687,5.7768283900971884e-05,41.9293,38.8996,3.0296999999999983
977,2696,3757,0.7007669705845525,0.7008682721967885,0.00010130161223598222,60.4199,48.4576,11.962299999999999
978,2698,4357,0.7590782105287079,0.757834199645219,0.0012440108834889108,60.9163,51.8507,9.065599999999996
979,2701,3235,0.24777764242255798,0.24760925506330447,0.0001683873592535079,40.1536,35.2188,4.934799999999996
980,2702,3318,0.5623386116263589,0.5626548791864412,0.00031626756008229506,51.7051,44.7087,6.996400000000001
981,2704,4855,0.7239727710374095,0.7241861388445896,0.00021336780718006487,56.4589,54.464,1.9949000000000012
982,2705,5565,0.676632977741333,0.67628276591417,0.00035021182716299393,54.6224,48.9338,5.688600000000001
983,2706,1196,0.28665890802252547,0.28655795936684086,0.00010094865568460731,43.5602,35.035,8.525200000000005
984,2707,29,0.28130898048634306,0.28123634367457573,7.263681176733483e-05,44.0676,35.2302,8.837399999999995
985,2716,3667,0.755272627368842,0.7546199099698503,0.0006527173989917534,58.9787,52.3408,6.637900000000002
986,2717,832,0.4606211832106277,0.46053219567385745,8.898753677027971e-05,50.4767,39.512,10.9647
987,2718,2014,0.5817481558452982,0.5818994598946923,0.00015130404939411868,57.0134,43.6302,13.383199999999995
988,2720,2175,0.6662447987711659,0.6662355351133207,9.263657845259843e-06,58.2959,47.7688,10.527100000000004
989,2721,2967,0.4657419277065047,0.46572386485246375,1.806285404093444e-05,48.1695,41.2083,6.961199999999998
990,2723,3312,0.4567522626636137,0.45683104760276877,7.878493915508544e-05,51.7436,42.4505,9.293100000000003
991,2726,5377,0.2774810667666124,0.27748398130038543,2.9145337730462906e-06,41.0782,36.6152,4.463000000000001
992,2730,3736,0.19033462452186686,0.19036167991651304,2.7055394646174902e-05,42.0195,29.337,12.682500000000001
993,2731,337,0.5482222783452028,0.5483269556264886,0.00010467728128582543,54.3387,46.1471,8.191600000000001
994,2732,4373,0.36108185277984023,0.3611414234514032,5.957067156298068e-05,43.9436,35.6181,8.325500000000005
995,2734,2477,0.5161025728633141,0.5160371751858644,6.5397677449619e-05,53.5902,43.9145,9.675700000000006
996,2738,573,0.7468352366718186,0.7460343740168196,0.0008008626549990128,57.7562,53.2694,4.486800000000002
997,2740,3492,0.6229154490317463,0.6232872855614183,0.0003718365296719872,58.3673,48.726,9.641300000000001
998,2742,2464,0.6549573045293468,0.6549248593296438,3.244519970291293e-05,56.8806,46.6771,10.203499999999998
999,2747,296,0.22846541857964758,0.2284915765765707,2.615799692312626e-05,43.4041,33.1756,10.228499999999997
1000,2752,1911,0.8163730094413654,0.8175237393921148,0.0011507299507493851,63.6807,55.8265,7.854199999999999
1001,2760,382,0.6803038983366518,0.6804999903844967,0.00019609204784487577,58.6763,49.385,9.2913
1002,2765,5823,0.5746914803529016,0.5748624379248214,0.0001709575719197609,55.0803,46.0254,9.054900000000004
1003,2770,2644,0.6557577947772967,0.6560750481821511,0.0003172534048544451,56.6548,48.0212,8.633600000000001
1004,2772,4025,0.48525004590415255,0.4853437062204247,9.366031627217053e-05,49.6837,42.8959,6.787800000000004
1005,2773,1130,0.664168625835249,0.6650021194516754,0.0008334936164263729,54.7296,47.922,6.807600000000001
1006,2775,5087,0.17538123036326525,0.17536207687013716,1.9153493128087895e-05,37.0251,32.6809,4.344200000000001
1007,2779,2936,0.19216366347907712,0.19216652789263935,2.864413562231327e-06,38.3401,31.3735,6.9666
1008,2782,3732,0.27615473963550863,0.27624632785554815,9.158822003951794e-05,46.0505,33.4597,12.590800000000002
1009,2784,2358,0.3288193577384189,0.32877222388689553,4.713385152338434e-05,44.8956,37.1708,7.724800000000002
1010,2791,3020,0.4922474484142289,0.4922621934914353,1.4745077206390622e-05,55.8331,43.6028,12.2303
1011,2794,851,0.7375128763529661,0.7375024471595846,1.0429193381567003e-05,61.5559,49.8937,11.662199999999999
1012,2798,5698,0.17635599920061323,0.17641117164921316,5.5172448599927204e-05,35.605,30.0439,5.561099999999996
1013,2804,5048,0.3616128703374566,0.36157841994368217,3.445039377442116e-05,44.796,36.7144,8.081600000000002
1014,2807,1244,0.3994196117398747,0.399573169590495,0.00015355785062026728,47.9457,40.5535,7.3922000000000025
1015,2808,3189,0.43145708957889856,0.4316403182977542,0.00018322871885562142,47.1228,41.6929,5.429899999999996
1016,2809,2850,0.3069268244467038,0.30686378313524376,6.304131146006586e-05,46.6084,34.7635,11.844900000000003
1017,2811,1073,0.25288948882810114,0.25290306502673227,1.357619863112669e-05,44.638,31.9382,12.6998
1018,2812,2112,0.46441749421511197,0.4642559954152593,0.00016149879985266624,51.4844,42.1672,9.3172
1019,2815,3271,0.5833751964994996,0.5834526983278523,7.750182835264408e-05,52.03,42.8136,9.2164
1020,2822,3099,0.26624738417803245,0.2662779545794029,3.057040137044442e-05,39.8522,31.8152,8.037000000000003
1021,2825,3412,0.5914967836923969,0.5913398182947246,0.0001569653976722929,51.2164,46.8128,4.403599999999997
1022,2828,2590,0.366797780762472,0.3668669330460304,6.915228355841574e-05,47.6662,42.7091,4.957100000000004
1023,2831,3191,0.6169495367706963,0.6177907333043744,0.0008411965336780902,54.2708,45.76,8.510800000000003
1024,2832,2527,0.41671737127289166,0.4166146164402398,0.00010275483265187457,49.8791,40.5364,9.3427
1025,2834,3811,0.21371356405798628,0.21371619982206969,2.6357640834084872e-06,43.4865,30.6648,12.8217
1026,2835,247,0.5016328140963855,0.5016328847007144,7.060432893890578e-08,53.1734,47.4613,5.7120999999999995
1027,2841,2571,0.7500856172475485,0.7498732729135676,0.00021234433398087393,57.5243,51.6461,5.8782
1028,2842,4398,0.4089515630229387,0.40893635630205566,1.5206720883065294e-05,49.103,40.1205,8.982500000000002
1029,2843,2024,0.633590327174459,0.6338769450478727,0.00028661787341377476,56.3542,46.9806,9.373599999999996
1030,2844,3030,0.507564812597549,0.5073716965220351,0.00019311607551397714,52.7075,42.1103,10.5972
1031,2845,2753,0.5949725167831748,0.5950104184261024,3.790164292760689e-05,54.3597,45.1074,9.252299999999998
1032,2847,1710,0.7477250870340598,0.748082649252729,0.00035756221866922733,61.0402,49.931,11.109200000000001
1033,2852,381,0.47019018450228267,0.46978047012685686,0.000409714375425807,46.5689,44.4383,2.130600000000001
1034,2862,1817,0.38499801760597213,0.3850527403794187,5.47227734465916e-05,47.3131,39.1527,8.160399999999996
1035,2867,4813,0.321783720839124,0.32127943682434656,0.000504284014777423,46.0004,36.8011,9.199300000000001
1036,2871,1026,0.36152798064847463,0.36157411560755615,4.6134959081511884e-05,43.6669,37.9702,5.6967
1037,2872,675,0.7875926145211383,0.7848369270058259,0.0027556875153124105,65.6549,52.1058,13.549099999999996
1038,2873,1856,0.8188027572795161,0.8199143720290661,0.0011116147495500162,64.6996,57.2897,7.4099
1039,2876,2851,0.6655516496598086,0.6657023127182266,0.00015066305841793248,54.1519,51.0162,3.1357
1040,2877,1479,0.4601895873297671,0.46020926410427143,1.967677450431804e-05,52.1882,42.1042,10.084000000000003
1041,2878,2823,0.35909166761057015,0.3592112225175928,0.00011955490702264537,46.2737,36.6262,9.6475
1042,2879,2098,0.6979666091749243,0.6981291972580143,0.0001625880830899984,59.1273,51.1661,7.961199999999998
1043,2883,2206,0.4828617487419369,0.48286471061879804,2.961876861162782e-06,50.1941,43.856,6.338099999999997
1044,2885,5543,0.13157124934725495,0.13157111603025934,1.3331699560970023e-07,35.0009,32.5801,2.4208
1045,2886,2793,0.5672548340635076,0.5673908116898124,0.00013597762630479515,52.347,48.1809,4.1661
1046,2888,3953,0.4286082440098296,0.4286969572617007,8.871325187109758e-05,46.5329,37.6795,8.8534
1047,2890,3057,0.5512368377854101,0.5504689312611099,0.0007679065243002547,51.3158,49.9582,1.357600000000005
1048,2891,3133,0.21856743729812297,0.2185669142591782,5.230389447663519e-07,41.6543,32.1384,9.515900000000002
1049,2896,4011,0.3606031915594099,0.36056557777605946,3.761378335043197e-05,46.628,41.2,5.427999999999997
1050,2900,4138,0.4589989928996301,0.45893316847931154,6.582442031854985e-05,52.4635,43.554,8.909500000000001
1051,2905,177,0.7660600148483753,0.7637122275135486,0.0023477873348266565,59.358,54.2565,5.101499999999994
1052,2913,237,0.7396453550869608,0.7395688961780429,7.645890891794238e-05,58.9411,50.5038,8.4373
1053,2918,1409,0.27354549376373327,0.273422432856549,0.0001230609071842803,43.3377,35.1391,8.198599999999999
1054,2919,4813,0.32134589914720807,0.32127943682434656,6.646232286150466e-05,46.9781,36.8011,10.177
1055,2920,5644,0.8593635722662015,0.8623048997144745,0.0029413274482730234,64.2055,59.7845,4.420999999999999
1056,2923,5642,0.19848986544906555,0.19863352191973374,0.00014365647066819087,34.4491,30.027,4.4221
1057,2929,4285,0.5089520264159064,0.508572416089325,0.00037961032658140326,53.7515,42.6376,11.113900000000001
1058,2930,2941,0.4450585061853353,0.445078386855516,1.9880670180660864e-05,49.5676,38.6355,10.932099999999998
1059,2937,5689,0.45955025682122175,0.45973859244402693,0.00018833562280518024,50.0374,39.4107,10.6267
1060,2938,5512,0.4684884283764573,0.46848983428873575,1.4059122784293443e-06,50.1975,45.7536,4.443899999999999
1061,2939,564,0.16102176342727212,0.16100728650886056,1.4476918411554518e-05,36.5335,29.0669,7.466599999999996
1062,2948,3944,0.30794929244786345,0.30791365094286927,3.564150499418828e-05,46.5707,38.2174,8.353300000000004
1063,2949,516,0.4231641822683343,0.423178555932927,1.4373664592726154e-05,52.9728,39.9236,13.049199999999999
1064,2950,5359,0.5873026986511749,0.5869408931182384,0.00036180553293652107,53.8209,44.533,9.2879
1065,2952,4762,0.37344220619779256,0.37353149091941273,8.928472162017531e-05,46.8582,37.9955,8.862699999999997
1066,2955,468,0.48798299743173534,0.48766073380867797,0.00032226362305737277,48.4127,39.8798,8.532899999999998
1067,2956,5610,0.538331991154066,0.5382659247532846,6.606640078143933e-05,54.5194,43.2489,11.270499999999998
1068,2957,3745,0.3051540990911057,0.3051994318213553,4.533273024959206e-05,45.5969,36.7143,8.882599999999996
1069,2959,5845,0.43716038046983946,0.4369288142404109,0.0002315662294285481,47.9225,43.9908,3.9316999999999993
1070,2961,1208,0.2542573772802463,0.25429055644278903,3.317916254275133e-05,40.5026,37.6462,2.8564000000000007
1071,2964,2227,0.6280735899361878,0.6287621362360101,0.0006885462998222902,55.1051,46.6283,8.476799999999997
1072,2965,4464,0.6902246058219231,0.6928972539161355,0.0026726480942124153,58.5785,46.2291,12.349399999999996
1073,2968,4687,0.5355622373164928,0.5355544820494587,7.75526703411522e-06,51.5618,42.9102,8.651599999999995
1074,2971,4787,0.28419973131502807,0.284014263037471,0.00018546827755705486,43.5808,36.8682,6.712600000000002
1075,2972,4226,0.3383288558107492,0.3383222127038433,6.643106905901419e-06,48.4729,37.1373,11.3356
1076,2974,824,0.44603402435496736,0.44607448655715176,4.046220218439922e-05,47.5591,40.8814,6.6777000000000015
1077,2976,3420,0.42976677898138166,0.4297308441635084,3.593481787328434e-05,47.1235,40.5481,6.575400000000002
1078,2978,3542,0.4497299710382003,0.4497346500397128,4.679001512519765e-06,48.549,45.4759,3.0730999999999966
1079,2981,2464,0.6549835788639821,0.6549248593296438,5.871953433822519e-05,54.5471,46.6771,7.869999999999997
1080,2987,2244,0.5436316635659045,0.5436056491486475,2.6014417257025357e-05,51.5653,44.7034,6.861899999999999
1081,2991,2881,0.1332225586615098,0.13321564704002203,6.911621487776243e-06,37.5206,25.9163,11.604300000000002
1082,2992,85,0.3100923981540634,0.3104657811799361,0.0003733830258726978,44.4578,37.5152,6.942599999999999
1083,2993,4943,0.24312055424019516,0.24309284067844478,2.7713561750380977e-05,43.163,36.3626,6.800399999999996
1084,2997,5050,0.4072133298002271,0.4073305407272391,0.00011721092701200142,49.8628,40.4707,9.3921
1085,2999,1172,0.5342585339091883,0.5341824682482937,7.606566089457534e-05,54.0478,44.8493,9.198500000000003
1086,3001,2160,0.8452890792661566,0.8551091769873044,0.00982009772114778,66.163,58.3633,7.799699999999994
1087,3006,3978,0.38488188696649217,0.3847567348998967,0.00012515206659546863,44.9852,40.2314,4.753799999999998
1088,3007,5560,0.6361145410336212,0.6364144789075193,0.0002999378738981484,57.6331,45.7952,11.837899999999998
1089,3011,3089,0.1410694308116625,0.14107717173196685,7.740920304338816e-06,37.5329,27.0071,10.525799999999997
1090,3013,4112,0.23026915396494624,0.23056753887135087,0.00029838490640463067,40.0502,30.8728,9.177399999999995
1091,3014,419,0.6012273534860109,0.6012822449392476,5.4891453236782795e-05,52.7778,45.9101,6.867699999999999
1092,3018,3302,0.7024677659833548,0.7022122442922527,0.00025552169110210077,57.3373,51.6583,5.679000000000002
1093,3024,4829,0.5334890846895545,0.5332294473734392,0.00025963731611522434,51.4083,41.533,9.875299999999996
1094,3031,1479,0.4602460247982237,0.46020926410427143,3.6760693952253565e-05,48.1451,42.1042,6.040900000000001
1095,3033,1380,0.5760537778342149,0.5760851384965948,3.136066237996449e-05,52.4361,46.3062,6.129900000000006
1096,3036,423,0.3810006698591945,0.3807581913222111,0.0002424785369833926,49.9535,34.7463,15.2072
1097,3037,674,0.8556760106241854,0.8561638823917181,0.00048787176753273265,65.4309,58.9498,6.481099999999991
1098,3041,342,0.2122095018042541,0.21215275491186295,5.674689239115738e-05,41.2644,33.2532,8.011200000000002
1099,3044,4555,0.6221793708606405,0.621648265179348,0.0005311056812924431,55.2777,46.8191,8.458600000000004
1100,3045,1872,0.3552495154039331,0.355301071393442,5.155598950890017e-05,44.8961,41.714,3.1820999999999984
1101,3047,3099,0.26631321854546114,0.2662779545794029,3.5263966058241e-05,42.9548,31.8152,11.139599999999998
1102,3049,2039,0.7182275542671597,0.7182876433410124,6.0089073852687136e-05,58.8935,51.7447,7.148800000000001
1103,3050,2853,0.6210932713972627,0.6213464065558191,0.00025313515855640567,50.0958,46.7212,3.374599999999994
1104,3051,5683,0.6877275075037615,0.6868501677906466,0.0008773397131149885,55.3633,49.1045,6.258800000000001
1105,3059,2502,0.214017957318661,0.21398197711060418,3.598020805681279e-05,38.0541,34.7395,3.3145999999999987
1106,3060,2823,0.3590896300183253,0.3592112225175928,0.00012159249926751992,47.0959,36.6262,10.469700000000003
1107,3066,4357,0.7591892954103164,0.757834199645219,0.0013550957650974027,59.1933,51.8507,7.342599999999997
1108,3068,2622,0.5243360264934868,0.5243127318682156,2.3294625271175207e-05,52.296,46.2115,6.0844999999999985
1109,3071,3341,0.25654424604477216,0.25653762242393663,6.623620835533028e-06,42.432,34.2517,8.180300000000003
1110,3075,3320,0.07121831430705947,0.07128781040101011,6.949609395064116e-05,32.3244,22.2382,10.086199999999998
1111,3076,2446,0.4594513912442616,0.45920150950530253,0.00024988173895906796,48.1763,40.9228,7.253499999999995
1112,3077,723,0.3775658940456686,0.3775289443810106,3.6949664658003645e-05,46.901,41.9153,4.985700000000001
1113,3078,4028,0.5604566714806725,0.5605566419123218,9.997043164933217e-05,56.8564,46.6305,10.225900000000003
1114,3079,1650,0.719801704619925,0.7199657439965017,0.00016403937657671896,55.3798,48.7633,6.616500000000002
1115,3080,4819,0.26863366439488456,0.26856500115467286,6.866324021170822e-05,44.2408,31.1071,13.133700000000001
1116,3082,3191,0.6169811394059269,0.6177907333043744,0.0008095938984474804,58.0658,45.76,12.305800000000005
1117,3086,2898,0.46241981282038436,0.4623699980709638,4.981474942056252e-05,52.6509,43.1459,9.505000000000003
1118,3090,4488,0.13185600915880524,0.1319476587807606,9.164962195534754e-05,36.9237,28.0546,8.869099999999996
1119,3092,3801,0.11434407106813152,0.11431684513249929,2.722593563223019e-05,33.3932,25.6101,7.783100000000001
1120,3093,1733,0.13063547247032806,0.1307327798660233,9.730739569524527e-05,35.7074,27.2947,8.412700000000001
1121,3094,167,0.3671242005011584,0.3670347866451716,8.941385598681961e-05,46.7071,38.2419,8.465199999999996
1122,3098,4458,0.8406596423518484,0.835419817473025,0.0052398248788234625,64.0593,56.874,7.185299999999991
1123,3100,1660,0.6195187633109298,0.619861838163836,0.0003430748529061889,56.8703,47.7864,9.0839
1124,3103,568,0.27798557677247054,0.2780395750632943,5.3998290823753514e-05,43.3039,34.9701,8.333799999999997
1125,3106,4670,0.24995977291349833,0.24989988520061554,5.9887712882789046e-05,44.5128,33.1102,11.4026
1126,3108,1817,0.3849832888184782,0.3850527403794187,6.945156094051441e-05,44.8933,39.1527,5.740600000000001
1127,3110,4771,0.2998272242078503,0.2997960491014976,3.117510635269882e-05,43.6287,34.5768,9.051900000000003
1128,3111,4244,0.3724409629399199,0.3726209353540957,0.00017997241417577747,46.395,39.374,7.021000000000001
1129,3116,4234,0.4062965655727341,0.4063288811971609,3.231562442679303e-05,46.9524,40.2611,6.691299999999998
1130,3119,5689,0.45951986049664584,0.45973859244402693,0.00021873194738109003,48.5304,39.4107,9.119700000000002
1131,3121,2351,0.5018040079773155,0.5019100482666096,0.00010604028929406262,50.9202,42.2153,8.704900000000002
1132,3122,719,0.7777853486561186,0.777432562382091,0.00035278627402757223,63.6407,53.8752,9.765500000000003
1133,3123,2206,0.48270604438232345,0.48286471061879804,0.00015866623647459166,50.2355,43.856,6.3795
1134,3125,41,0.6530195258804267,0.6538341453496315,0.0008146194692048025,56.4724,46.9235,9.548900000000003
1135,3127,2657,0.36083770972804974,0.36092925501756273,9.154528951299534e-05,46.1057,39.312,6.793700000000001
1136,3136,3141,0.12393269588013202,0.12387874890109758,5.3946979034436016e-05,33.6184,27.5328,6.0855999999999995
1137,3137,4200,0.6784751780306543,0.6789590332624792,0.0004838552318249256,58.278,49.6576,8.620399999999997
1138,3139,1726,0.47152251403427237,0.47154040230392236,1.7888269649990463e-05,47.6937,43.8153,3.878399999999999
1139,3147,5683,0.6887824460767598,0.6868501677906466,0.0019322782861131982,57.6919,49.1045,8.587399999999995
1140,3156,3091,0.3321963068975624,0.3322242121249188,2.7905227356406215e-05,42.8677,40.2126,2.6550999999999974
1141,3157,3070,0.6514226241567942,0.6516158499886675,0.00019322583187331155,56.1079,49.4135,6.694400000000002
1142,3161,2098,0.6979234780955615,0.6981291972580143,0.00020571916245271105,60.1544,51.1661,8.988300000000002
1143,3162,1688,0.7927102803149388,0.7924400466375632,0.00027023367737566417,61.5279,54.4368,7.091100000000004
1144,3164,4768,0.6091490718112882,0.6091448069018242,4.264909464035682e-06,56.649,48.4949,8.1541
1145,3165,1846,0.7520222882318843,0.7517204322141964,0.00030185601768795145,59.6298,52.0279,7.6019000000000005
1146,3167,5271,0.7426641385650378,0.7444021147194742,0.0017379761544363825,62.8097,49.2322,13.5775
1147,3169,1800,0.5725830957818103,0.5725214948189022,6.160096290808159e-05,52.5481,41.9723,10.575800000000001
1148,3170,280,0.4953268543178705,0.49530434260369316,2.251171417733122e-05,51.2292,45.1459,6.083300000000001
1149,3171,2189,0.24646708921686442,0.24643606929655934,3.101992030507539e-05,41.1786,31.6871,9.491500000000002
1150,3175,5273,0.5562168929806607,0.5562005670133574,1.6325967303276734e-05,55.2525,47.4978,7.7547
1151,3176,3985,0.4049312683750292,0.404683331005071,0.0002479373699582066,43.776,41.1787,2.597300000000004
1152,3177,4844,0.26410643639294834,0.2639586684966337,0.00014776789631465448,39.7128,32.1139,7.5989
1153,3178,1120,0.5840364813782136,0.5840125344438548,2.3946934358809457e-05,53.8483,48.3653,5.483000000000004
1154,3184,4078,0.7303253969784672,0.7301259299577311,0.00019946702073614375,61.1704,52.8911,8.2793
1155,3186,5422,0.36591733654683856,0.3660102467744961,9.291022765756107e-05,49.6594,36.5006,13.1588
1156,3187,5718,0.1360296188281544,0.13605783671413416,2.8217885979758828e-05,34.9767,27.8048,7.171900000000001
1157,3188,1488,0.7537210773086,0.7542077691787739,0.00048669187017380544,58.8862,56.0443,2.8419000000000025
1158,3190,4753,0.4389919204242557,0.4390794825823873,8.75621581316044e-05,48.9036,41.5866,7.317
1159,3193,2763,0.8310821231753972,0.8308404623443763,0.00024166083102095115,65.3604,56.3397,9.020699999999998
1160,3199,5318,0.5320029975138396,0.5320181281396622,1.5130625822590282e-05,53.559,42.7686,10.790399999999998
1161,3204,4194,0.4015069677268364,0.40152539286541145,1.842513857502892e-05,49.0387,40.6917,8.347000000000001
1162,3205,2899,0.2519225466161321,0.25191602831753024,6.51829860187636e-06,40.3465,33.0363,7.310200000000002
1163,3206,1315,0.4820457113361812,0.48206117709890217,1.5465762720989762e-05,51.6342,40.7558,10.8784
1164,3208,4285,0.5089212254877213,0.508572416089325,0.0003488093983963214,53.6436,42.6376,11.006
1165,3209,4116,0.477321274029083,0.47737665834953846,5.5384320455487135e-05,48.7585,38.8025,9.955999999999996
1166,3214,4376,0.3686536013361453,0.36836475784170714,0.00028884349443814017,47.0493,38.078,8.9713
1167,3215,1243,0.30197215320693177,0.3020293369918832,5.7183784951453376e-05,45.6899,36.8996,8.790300000000002
1168,3216,3541,0.43980862606152127,0.4395244434994016,0.0002841825621196503,49.7528,41.7618,7.991
1169,3218,2653,0.7958720223562916,0.7970356453568272,0.0011636230005356296,66.9239,57.0251,9.898800000000001
1170,3222,1641,0.5099461752048233,0.509876617640032,6.955756479132269e-05,49.6765,43.8735,5.802999999999997
1171,3226,3751,0.5757297540902012,0.575964515541251,0.00023476145104983637,55.0631,45.4271,9.635999999999996
1172,3227,4431,0.19735691139934441,0.19728674929437237,7.016210497204356e-05,39.6559,32.0363,7.6196000000000055
1173,3232,5950,0.6793048746263428,0.6793365637894895,3.1689163146664256e-05,58.478,49.1255,9.3525
1174,3233,1366,0.7706636332748037,0.770941965518779,0.0002783322439753322,62.8403,50.6419,12.1984
1175,3239,2098,0.6972298493298577,0.6981291972580143,0.0008993479281566019,54.4555,51.1661,3.2894000000000005
1176,3243,2736,0.43237300074004914,0.4323320934853371,4.090725471206369e-05,48.1363,42.5165,5.619799999999998
1177,3249,4014,0.49468817576544843,0.49480027715205327,0.00011210138660483482,50.1767,42.656,7.520699999999998
1178,3256,3414,0.17135929111293305,0.1712900343421612,6.925677077185277e-05,39.9516,27.8952,12.0564
1179,3257,19,0.7141920474773763,0.71395394049608,0.00023810698129633767,58.2781,53.6791,4.599000000000004
1180,3260,2348,0.4241971311608148,0.4242498608518579,5.2729691043085225e-05,50.4499,39.1401,11.309800000000003
1181,3262,209,0.1128574882887777,0.11287113624537543,1.3647956597723221e-05,35.8607,26.6933,9.1674
1182,3267,68,0.34164492121788326,0.3415592371629181,8.568405496517384e-05,46.4472,40.4504,5.9968
1183,3268,2946,0.6246406429305136,0.6251929249188268,0.0005522819883132524,58.0851,47.7121,10.372999999999998
1184,3272,1702,0.9237366461730535,0.9163962342131008,0.0073404119599527196,70.5491,61.8424,8.706699999999998
1185,3275,3556,0.47107086315792823,0.471270059006153,0.00019919584822475356,44.472,41.7772,2.6948000000000008
1186,3277,3827,0.8013746269845777,0.8028178139423056,0.0014431869577278267,62.5672,55.1128,7.4544
1187,3283,5279,0.6134799582733726,0.6136058387685499,0.0001258804951772552,52.8401,47.3873,5.452799999999996
1188,3285,2674,0.7066494087157383,0.7068818967982342,0.00023248808249587416,58.5736,54.3843,4.189299999999996
1189,3286,3234,0.733497004249762,0.7331185831607944,0.0003784210889676842,56.4629,50.6337,5.8292
1190,3288,4611,0.43790537173112076,0.4380973602244965,0.00019198849337576096,49.0278,41.0406,7.987200000000001
1191,3289,1962,0.298317640294373,0.2985194836843365,0.00020184338996348528,44.8474,39.1635,5.683900000000001
1192,3291,3953,0.42852216699204076,0.4286969572617007,0.00017479026965994127,48.1465,37.6795,10.467000000000006
1193,3297,5930,0.521648521189625,0.5215610159106895,8.750527893552906e-05,54.7678,42.8934,11.874400000000001
1194,3309,2744,0.611718877454179,0.6116448411012402,7.403635293878885e-05,53.6832,48.4268,5.256399999999999
1195,3313,3506,0.3979016535309377,0.39804446482316047,0.00014281129222276645,48.1951,41.7203,6.474799999999995
1196,3319,4685,0.4195304404889839,0.4192877048158973,0.0002427356730866359,48.1485,39.0637,9.084800000000001
1197,3324,2028,0.1255591880057022,0.12557006851982797,1.0880514125760632e-05,36.1125,24.7108,11.401699999999998
1198,3327,1477,0.4822936212705403,0.4822510332923945,4.2587978145824934e-05,52.2736,39.6666,12.607
1199,3328,2024,0.6334727096496164,0.6338769450478727,0.00040423539825629184,55.0532,46.9806,8.072599999999994
1200,3329,4873,0.20231851060920739,0.20231303542403248,5.4751851749079705e-06,40.2117,30.6778,9.5339
1201,3331,5279,0.6136117789024252,0.6136058387685499,5.940133875337317e-06,52.3337,47.3873,4.946399999999997
1202,3333,2714,0.43091109499934754,0.43090950800911254,1.5869902350029719e-06,49.8773,41.4647,8.412599999999998
1203,3335,2354,0.22405595385758195,0.22400460523214988,5.134862543207386e-05,39.3409,33.9737,5.367199999999997
1204,3345,1443,0.6125222446360522,0.6125234332116725,1.1885756202589803e-06,56.7372,46.4917,10.2455
1205,3346,1138,0.6544856256872778,0.654623295760471,0.0001376700731932079,55.7446,49.5833,6.161299999999997
1206,3347,2160,0.8520204010114479,0.8551091769873044,0.0030887759758564393,62.978,58.3633,4.614699999999999
1207,3349,5520,0.2474422283600762,0.24748532468831158,4.309632823537579e-05,41.0331,35.0387,5.994399999999999
1208,3350,5912,0.27633940554529474,0.27633083786717055,8.567678124182798e-06,44.5436,32.4808,12.062799999999996
1209,3359,1811,0.4161072321230238,0.4160897056632204,1.75264598034075e-05,47.3246,38.8987,8.425899999999999
1210,3360,179,0.5959045949164121,0.5952016586586644,0.0007029362577477549,56.5797,45.4295,11.150200000000005
1211,3361,4226,0.33831049170649946,0.3383222127038433,1.172099734381149e-05,44.2191,37.1373,7.081799999999994
1212,3364,5271,0.7421265622630453,0.7444021147194742,0.002275552456428853,60.4641,49.2322,11.231900000000003
1213,3369,3827,0.8013209450792432,0.8028178139423056,0.0014968688630623284,63.9414,55.1128,8.828600000000002
1214,3370,2160,0.8553646336538331,0.8551091769873044,0.00025545666652870835,64.7193,58.3633,6.356000000000002
1215,3375,3921,0.09911249597033663,0.09918388973916602,7.139376882939197e-05,34.7384,23.7397,10.9987
1216,3381,5020,0.49079279408081866,0.49079944612735804,6.6520465393793415e-06,50.6476,42.1856,8.461999999999996
1217,3384,3430,0.6958893699785781,0.6957736380286988,0.00011573194987923863,59.5091,52.1542,7.3548999999999936
1218,3385,2688,0.23794278116249368,0.23779672544608052,0.00014605571641315707,38.8253,31.1903,7.634999999999998
1219,3386,5823,0.574223233587241,0.5748624379248214,0.0006392043375803569,55.0315,46.0254,9.006100000000004
1220,3388,5710,0.6619411931034606,0.6621674941417551,0.00022630103829457404,60.9706,50.3888,10.581799999999994
1221,3390,3228,0.48134508604810994,0.4813306287309961,1.4457317113858448e-05,49.4701,45.1566,4.313500000000005
1222,3394,443,0.5198595871229762,0.5196516420836597,0.00020794503931653718,51.4939,44.2199,7.273999999999994
1223,3398,2735,0.19026556380335372,0.19024127432107707,2.4289482276645957e-05,38.6598,27.3026,11.357199999999995
1224,3399,177,0.7672091301123553,0.7637122275135486,0.0034969025988066393,59.1306,54.2565,4.8740999999999985
1225,3400,4485,0.8045137816131434,0.805600917611857,0.0010871359987136842,59.0486,53.5357,5.512900000000002
1226,3409,1463,0.15548508265339034,0.155492872991817,7.79033842665533e-06,36.7767,25.4337,11.342999999999996
1227,3411,3271,0.5833371933071523,0.5834526983278523,0.000115505020700013,51.341,42.8136,8.5274
1228,3416,2763,0.8282562679765342,0.8308404623443763,0.0025841943678420742,62.5473,56.3397,6.207599999999999
1229,3423,1382,0.632121938884818,0.6315022299751791,0.0006197089096389163,56.7337,48.6168,8.116900000000001
1230,3429,3800,0.5221055825093182,0.5222895232398466,0.0001839407305284091,54.6614,45.5066,9.154800000000002
1231,3432,3764,0.2350847774238725,0.2351256212511557,4.084382728319902e-05,41.7512,32.6729,9.078299999999999
1232,3435,2070,0.8148891624857048,0.8132110816606456,0.0016780808250591583,62.9902,55.6942,7.295999999999999
1233,3436,2346,0.22915639375762412,0.22917468050686626,1.8286749242146794e-05,42.3303,33.2095,9.120800000000003
1234,3437,454,0.49153060305942226,0.4915306440375363,4.097811406866825e-08,52.5201,44.5046,8.015499999999996
1235,3445,3189,0.4315235302309188,0.4316403182977542,0.00011678806683540488,47.8191,41.6929,6.126199999999997
1236,3449,522,0.3971488248698239,0.39716122450738095,1.2399637557058973e-05,48.2771,45.5953,2.6817999999999955
1237,3451,81,0.7091976863886577,0.7098877752412274,0.0006900888525697146,57.7751,51.5748,6.200299999999999
1238,3452,5644,0.8862283620678036,0.8623048997144745,0.023923462353329095,68.2528,59.7845,8.468299999999992
1239,3454,1449,0.2910117256290793,0.2909831609775456,2.856465153366905e-05,45.7991,32.4896,13.3095
1240,3455,2545,0.37052479714016556,0.3705372178169781,1.2420676812563425e-05,47.9482,38.9975,8.950699999999998
1241,3456,2478,0.45083534787915935,0.450983509511994,0.00014816163283465356,50.0809,44.147,5.933900000000001
1242,3458,2351,0.5017772362973042,0.5019100482666096,0.00013281196930536865,51.1612,42.2153,8.945900000000002
1243,3462,3945,0.42170267344466605,0.4216135305649289,8.914287973715851e-05,45.7063,43.3815,2.324799999999996
1244,3464,1120,0.583857400316378,0.5840125344438548,0.0001551341274768081,54.6196,48.3653,6.254300000000001
1245,3465,3247,0.5142418021261603,0.5139952748174689,0.00024652730869145767,50.6221,47.8811,2.7409999999999997
1246,3466,245,0.27329312123410443,0.2733115850455358,1.8463811431390642e-05,42.0056,37.9324,4.0732
1247,3472,4577,0.34541958938139533,0.3455235531517624,0.00010396377036708815,45.7873,39.5921,6.1952
1248,3478,4583,0.4172295284487829,0.4172299385180923,4.1006930939779807e-07,50.385,42.0032,8.381799999999998
1249,3482,2799,0.4304684561460775,0.43033639010952895,0.00013206603654852822,48.6981,41.1382,7.559899999999999
1250,3485,4448,0.5386358329049425,0.5384542561245816,0.00018157678036090363,51.9751,44.6609,7.3142
1251,3486,1466,0.16910097426763038,0.16910765879011444,6.684522484062816e-06,39.8486,32.0823,7.766300000000001
1252,3487,2946,0.6247616848876475,0.6251929249188268,0.0004312400311793363,52.9386,47.7121,5.2265000000000015
1253,3491,1197,0.2564205610333818,0.2564162331985073,4.327834874473524e-06,41.0115,35.6257,5.385799999999996
1254,3494,4373,0.36111330190749297,0.3611414234514032,2.812154391024224e-05,44.8046,35.6181,9.186500000000002
1255,3499,1319,0.3871027594836227,0.38708519401610764,1.756546751507937e-05,50.46,39.7668,10.693199999999997
1256,3500,3751,0.5758471457451808,0.575964515541251,0.00011736979607024356,54.7775,45.4271,9.3504
1257,3504,2105,0.43870547356601236,0.43874413434835297,3.866078234060488e-05,48.4009,42.387,6.0139
1258,3507,1103,0.2544898476689444,0.25438034746140087,0.00010950020754352252,41.1502,32.9814,8.168799999999997
1259,3508,824,0.44596105951160864,0.44607448655715176,0.0001134270455431241,47.0987,40.8814,6.217300000000002
1260,3511,1130,0.6647942866637432,0.6650021194516754,0.00020783278793223836,56.0403,47.922,8.118300000000005
1261,3513,1787,0.3119573500992655,0.31194389140868367,1.3458690581835686e-05,43.8515,36.189,7.662500000000001
1262,3518,5642,0.19860681808661354,0.19863352191973374,2.670383312020075e-05,40.5407,30.027,10.5137
1263,3520,4416,0.6037765853542248,0.6037100125959058,6.657275831900566e-05,56.482,46.0571,10.424900000000001
1264,3523,438,0.26227433619307333,0.26230183675374075,2.750056066741502e-05,41.8727,36.6199,5.252800000000001
1265,3524,4132,0.28810074644195593,0.28813120044219476,3.0454000238822054e-05,44.5633,36.0752,8.488099999999996
1266,3525,2082,0.3650227046470521,0.36503485651438206,1.2151867329945887e-05,47.3143,37.6291,9.685200000000002
1267,3527,226,0.2340556324307556,0.23387883443338228,0.00017679799737332913,42.8386,30.89,11.948599999999999
1268,3528,2211,0.24798033522306723,0.24803883405787205,5.849883480482654e-05,43.9957,32.5243,11.471400000000003
1269,3533,193,0.39652669463729495,0.39658931765100264,6.262301370768553e-05,42.621,40.6465,1.974499999999999
1270,3535,1375,0.3436718326116575,0.3437086066492988,3.6774037641296164e-05,42.0427,37.3793,4.663400000000003
1271,3536,1422,0.18978593051820103,0.18996598263614448,0.00018005211794344667,39.3235,29.8572,9.466300000000004
1272,3543,856,0.6702723495976336,0.6699976072340772,0.0002747423635564017,57.0489,48.8354,8.213500000000003
1273,3544,4855,0.7246116023700437,0.7241861388445896,0.00042546352545413946,60.6841,54.464,6.220100000000002
1274,3546,5133,0.4237153149221765,0.4238024110763214,8.709615414487226e-05,50.3394,43.3079,7.031500000000001
1275,3548,2492,0.1423179611191538,0.14231435227575145,3.608843402336248e-06,35.0669,29.2707,5.796199999999995
1276,3550,411,0.26102346232872536,0.26108286731028335,5.940498155798668e-05,41.3797,32.4302,8.9495
1277,3552,982,0.5723639316723887,0.5724573776289508,9.344595656202159e-05,53.8582,41.4584,12.399799999999999
1278,3559,688,0.395160980602908,0.39507048006162976,9.050054127823781e-05,47.9575,39.7196,8.237900000000003
1279,3560,1885,0.33742256025309153,0.3374346412252488,1.2080972157268999e-05,46.8354,38.2504,8.585
1280,3562,211,0.39141200158417394,0.39135519736181557,5.6804222358375345e-05,46.1933,38.2461,7.947200000000002
1281,3563,3174,0.2251920235493249,0.22534757069653522,0.00015554714721030538,40.383,30.5987,9.784300000000002
1282,3564,2579,0.30610910006076814,0.3060830555594529,2.6044501315214408e-05,44.919,38.8864,6.032599999999995
1283,3567,1104,0.3821883387518201,0.38213342383636884,5.491491545128735e-05,46.1945,40.1452,6.049299999999995
1284,3569,3332,0.45489024255179245,0.45504919862561166,0.0001589560738192164,51.4889,42.5534,8.935499999999998
1285,3576,5644,0.8713404228265893,0.8623048997144745,0.009035523112114752,65.0305,59.7845,5.246000000000002
1286,3578,5666,0.26503989287160884,0.26500375663494274,3.6136236666095556e-05,44.5443,33.611,10.933300000000003
1287,3579,2853,0.6210021052201455,0.6213464065558191,0.0003443013356735358,52.3586,46.7212,5.6373999999999995
1288,3585,5743,0.8106827140723452,0.8093937783722365,0.0012889357001086843,63.6655,56.9589,6.706600000000002
1289,3589,5580,0.6626611389351856,0.662875047455321,0.0002139085201353641,55.8356,51.1379,4.6976999999999975
1290,3590,1953,0.46228395960766944,0.46230844411309246,2.4484505423028047e-05,50.5798,41.0293,9.5505
1291,3592,4388,0.34052366699510855,0.3405765637447438,5.289674963526725e-05,45.5483,39.279,6.269299999999994
1292,3596,4514,0.5153890529595945,0.5153262398709136,6.281308868083535e-05,50.9062,45.2723,5.633899999999997
1293,3597,884,0.27566478287467117,0.27563912352888076,2.5659345790407517e-05,42.7889,36.1584,6.630499999999998
1294,3598,4458,0.8369141057351239,0.835419817473025,0.001494288262098964,62.7333,56.874,5.8592999999999975
1295,3600,2515,0.7986955918047101,0.7977896627358144,0.000905929068895639,61.7001,55.6618,6.0383
1296,3602,5889,0.6000687877364828,0.6003049181262363,0.00023613038975356382,54.9494,45.6274,9.321999999999996
1297,3604,4458,0.8353406918045232,0.835419817473025,7.912566850176717e-05,62.7571,56.874,5.883099999999999
1298,3607,644,0.21236946803542306,0.2123644761899561,4.991845466956191e-06,39.8681,37.4805,2.387599999999999
1299,3609,378,0.16170473411353417,0.16166982088743478,3.491322609938674e-05,39.9724,29.1218,10.8506
1300,3610,940,0.41088132340128786,0.41095744026774295,7.61168664550893e-05,45.3452,44.0133,1.3318999999999974
1301,3611,3191,0.6172076216863951,0.6177907333043744,0.0005831116179793039,51.44,45.76,5.68
1302,3617,3191,0.6174160125402929,0.6177907333043744,0.00037472076408151533,55.117,45.76,9.357
1303,3618,2196,0.2684617828909159,0.26849073087153313,2.8947980617255453e-05,44.4529,30.5156,13.9373
1304,3620,348,0.7809099069525177,0.7815099901467815,0.0006000831942637452,63.8421,55.2493,8.592800000000004
1305,3623,5644,0.8862362141127086,0.8623048997144745,0.023931314398234038,67.2277,59.7845,7.443199999999997
1306,3626,2916,0.5456477758500817,0.5455367513570962,0.00011102449298550088,54.3488,45.1669,9.181899999999999
1307,3628,1313,0.48004439881626315,0.4797800656311196,0.0002643331851435726,51.3172,46.6863,4.630899999999997
1308,3629,2502,0.2140388441574175,0.21398197711060418,5.686704681331922e-05,44.0194,34.7395,9.279899999999998
1309,3631,2123,0.3950064839259255,0.3950589369588891,5.245303296358417e-05,46.6206,37.3176,9.303000000000004
1310,3632,1493,0.4225269992008041,0.4225174247274047,9.57447339938744e-06,49.2284,41.4927,7.735700000000001
1311,3634,3030,0.5075353311385723,0.5073716965220351,0.00016363461653723377,50.8388,42.1103,8.728499999999997
1312,3635,2515,0.7993129601380289,0.7977896627358144,0.001523297402214463,61.6682,55.6618,6.006399999999999
1313,3638,1309,0.07862291833100034,0.0787466829581077,0.00012376462710736447,31.0119,20.6885,10.3234
1314,3640,5216,0.3982607439157543,0.39836416109603384,0.00010341718027956359,50.5788,37.4784,13.1004
1315,3641,1598,0.11604125915684628,0.11598947664925296,5.178250759331482e-05,35.8514,27.1795,8.671899999999997
1316,3649,2150,0.4889179314913521,0.4889382467299838,2.031523863171847e-05,53.7028,43.1047,10.598100000000002
1317,3650,5391,0.5975505520866052,0.5975096237432127,4.092834339253226e-05,53.6917,45.8204,7.871299999999998
1318,3653,1366,0.7683344593887961,0.770941965518779,0.0026075061299829505,62.095,50.6419,11.4531
1319,3654,3300,0.33113871643476495,0.331118729396059,1.998703870592644e-05,42.6982,36.6071,6.091099999999997
1320,3657,41,0.6539062263416788,0.6538341453496315,7.208099204736307e-05,55.7331,46.9235,8.809600000000003
1321,3659,1729,0.16891280145147583,0.16887226934476682,4.053210670901253e-05,37.9101,30.7473,7.162800000000001
1322,3660,3793,0.6415232711891339,0.6415149890186265,8.28217050741209e-06,57.9823,45.2291,12.7532
1323,3662,1387,0.2871924952094413,0.28722180978362805,2.9314574186756204e-05,41.2131,35.6825,5.5306
1324,3666,2514,0.6356610692939261,0.6351565731020731,0.0005044961918529989,55.9077,45.9512,9.956499999999998
1325,3668,2584,0.16771157135111153,0.16771146574120543,1.0560990609809195e-07,38.5773,29.6647,8.912600000000001
1326,3669,1382,0.6316290926913855,0.6315022299751791,0.00012686271620632183,56.3665,48.6168,7.749700000000004
1327,3670,2690,0.49197758176144973,0.4920964565563583,0.00011887479490857444,48.2699,40.4532,7.816699999999997
1328,3671,1848,0.6575015877755771,0.657871549733756,0.0003699619581788438,57.8437,50.844,6.999699999999997
1329,3672,3265,0.3868952115299937,0.38697586513024546,8.065360025177881e-05,46.2037,39.0814,7.122299999999996
1330,3674,4196,0.7370744779037618,0.7367686497424023,0.0003058281613594893,59.9597,50.2984,9.661299999999997
1331,3675,1879,0.76030830685733,0.7619094756241036,0.0016011687667736307,61.5864,51.1258,10.4606
1332,3676,4634,0.7808091035557625,0.7801632053271522,0.0006458982286102755,59.1748,55.581,3.5937999999999946
1333,3678,473,0.7954337196657666,0.7945771732071715,0.0008565464585951199,58.8396,57.0413,1.7982999999999976
1334,3681,1442,0.389960043309797,0.3899117344351053,4.830887469170486e-05,46.4444,38.1136,8.330800000000004
1335,3683,2796,0.13886615474979008,0.13886662338525751,4.6863546743214357e-07,37.6856,29.8111,7.874500000000001
1336,3688,4998,0.7213771421698647,0.7215888271800367,0.00021168501017199137,56.7708,52.6186,4.152200000000001
1337,3689,1168,0.0809529020053253,0.08091415292450496,3.874908082034112e-05,27.6014,23.7774,3.8240000000000016
1338,3690,4505,0.2473129218488331,0.24734640562144616,3.348377261305768e-05,42.8388,31.6397,11.199099999999998
1339,3694,1617,0.1083103821639215,0.10830689302264575,3.489141275750396e-06,35.4386,23.6458,11.7928
1340,3696,1368,0.4100309487238972,0.41031289427398276,0.00028194555008553834,47.8786,39.8453,8.033299999999997
1341,3697,1215,0.71069275219091,0.7114326774600678,0.0007399252691577818,57.7883,52.7833,5.005000000000003
1342,3701,2317,0.5680557529460286,0.5678445306610568,0.00021122228497183482,54.3562,48.5956,5.760600000000004
1343,3704,4647,0.12311915311005858,0.12308973564785865,2.9417462199934907e-05,34.2784,25.8125,8.465899999999998
1344,3705,3787,0.6946892633858691,0.6943406649360324,0.0003485984498367012,58.7189,50.0819,8.637
1345,3706,4239,0.14869550804657128,0.1487064187882432,1.0910741671921187e-05,35.5439,29.2599,6.2840000000000025
1346,3707,4483,0.2635078820649098,0.26367960003593927,0.0001717179710294392,42.2091,30.9348,11.2743
1347,3709,249,0.1398334968691968,0.13986976497779388,3.626810859708174e-05,36.2602,25.9519,10.3083
1348,3713,514,0.4075213837429941,0.40745958210089184,6.180164210228822e-05,45.4101,39.5167,5.8934
1349,3718,1410,0.5773789845705523,0.5774401253646294,6.114079407715245e-05,52.4259,45.0312,7.3947
1350,3719,5122,0.5740437822526481,0.5734080370202422,0.0006357452324058377,53.8779,44.0788,9.799099999999996
1351,3725,5729,0.4520477740843283,0.45216048680115634,0.00011271271682805617,47.3594,43.3851,3.9742999999999995
1352,3728,3490,0.22281782978710374,0.22285791932449586,4.008953739212395e-05,40.0803,32.2804,7.799900000000001
1353,3733,1174,0.39191606305224463,0.39186265354547817,5.3409506766466386e-05,48.9665,39.363,9.603500000000004
1354,3738,951,0.7036190087695311,0.7035428304435696,7.617832596151786e-05,59.194,47.4856,11.708400000000005
1355,3740,1936,0.5308670410538004,0.5308340835274741,3.29575263263715e-05,51.837,43.3213,8.515700000000002
1356,3744,2514,0.6351956207449871,0.6351565731020731,3.904764291406959e-05,52.4052,45.9512,6.454000000000001
1357,3750,1611,0.1115275086459257,0.11149282656307395,3.468208285174745e-05,33.1567,23.9665,9.1902
1358,3755,4688,0.7042133975647827,0.7044096288236422,0.00019623125885948056,60.0251,52.3249,7.700200000000002
1359,3760,2679,0.15612686466946632,0.1560630855939547,6.377907551161077e-05,37.2624,29.7811,7.481300000000001
1360,3762,1695,0.13256611982549513,0.13254692159762926,1.9198227865863116e-05,36.572,29.8299,6.742100000000004
1361,3766,1962,0.29874783218265916,0.2985194836843365,0.00022834849832265025,46.3105,39.1635,7.1469999999999985
1362,3769,5087,0.17531803150031636,0.17536207687013716,4.4045369820805425e-05,37.6233,32.6809,4.942399999999999
1363,3772,5906,0.3708841857722357,0.370857881992592,2.630377964368824e-05,44.8642,38.701,6.163199999999996
1364,3776,4070,0.4985926839805384,0.49876889713660144,0.000176213156063032,47.9626,45.8934,2.069200000000002
1365,3780,4339,0.5474844227442189,0.5475617545834365,7.733183921754261e-05,49.4935,47.9163,1.5771999999999977
1366,3784,460,0.4140038290595126,0.4139862047083087,1.7624351203893163e-05,47.1785,41.1409,6.037599999999998
1367,3786,2248,0.3879153737233327,0.38786604358811905,4.9330135213632165e-05,49.383,39.3431,10.039900000000003
1368,3788,2296,0.4229155377123827,0.42294016239711363,2.4624684730911728e-05,49.061,43.7898,5.2712
1369,3790,5368,0.15699391932756354,0.15695999855835346,3.392076921007736e-05,33.0766,28.1463,4.930299999999999
1370,3791,1296,0.7078421716194353,0.7084359557783819,0.0005937841589466197,58.3799,51.0828,7.2971
1371,3794,4014,0.4948398375326337,0.49480027715205327,3.956038058045008e-05,50.4435,42.656,7.787500000000001
1372,3802,5619,0.23075518751305338,0.23077663443137691,2.1446918323536623e-05,42.5539,32.6083,9.945599999999999
1373,3803,3237,0.15014468033884595,0.1501432412883397,1.4390505062578107e-06,37.9113,29.1361,8.775199999999998
1374,3809,4011,0.36070041263840324,0.36056557777605946,0.00013483486234378006,44.1823,41.2,2.982299999999995
1375,3810,3366,0.18400419883358868,0.1839865426922858,1.7656141302890838e-05,37.4118,28.893,8.518799999999999
1376,3813,2201,0.5233371039049477,0.5236654487265193,0.0003283448215716245,52.9521,48.3141,4.637999999999998
1377,3814,5537,0.15010209939886843,0.1500839671331255,1.8132265742931697e-05,35.3843,30.159,5.225300000000004
1378,3815,379,0.3903830668174291,0.3902676460563323,0.00011542076109682942,49.3597,39.6873,9.672399999999996
1379,3818,419,0.6011395042920042,0.6012822449392476,0.00014274064724340008,53.6638,45.9101,7.753700000000002
1380,3819,646,0.6723160775390017,0.672289396515593,2.668102340863676e-05,57.3427,46.7326,10.610100000000003
1381,3820,1748,0.3657837657141017,0.36578960435772523,5.838643623523598e-06,47.546,38.5116,9.034399999999998
1382,3821,1651,0.6482943432085171,0.6483935015104387,9.915830192164243e-05,56.6675,49.7439,6.9236
1383,3823,5140,0.7205959136737444,0.7206368015070375,4.0887833293035136e-05,61.5751,51.2733,10.3018
1384,3825,539,0.2197986578943661,0.21985549576157945,5.6837867213360704e-05,41.3365,35.9572,5.379300000000001
1385,3826,4787,0.2840935138567131,0.284014263037471,7.925081924209376e-05,43.8146,36.8682,6.946399999999997
1386,3828,3030,0.5074092477710439,0.5073716965220351,3.7551249008838106e-05,52.7084,42.1103,10.598099999999995
1387,3829,3133,0.21854167391001758,0.2185669142591782,2.5240349160626785e-05,43.1889,32.1384,11.0505
1388,3830,5271,0.744246860684733,0.7444021147194742,0.00015525403474114796,58.7695,49.2322,9.537300000000002
1389,3831,1486,0.47715105159904647,0.4772273457320342,7.629413298770871e-05,48.9561,41.7315,7.224600000000002
1390,3840,2849,0.11873708215688542,0.11878087490936533,4.3792752479912544e-05,31.2644,26.7191,4.5452999999999975
1391,3850,1089,0.4319241075807614,0.43204260096107255,0.00011849338031116874,46.529,41.4698,5.059200000000004
1392,3856,2160,0.8456440898432225,0.8551091769873044,0.009465087144081896,66.1424,58.3633,7.779099999999993
1393,3859,4419,0.512251685826167,0.5125743040776667,0.0003226182514997067,50.2662,44.4107,5.855499999999999
1394,3863,5731,0.30838827167578964,0.3083693687852389,1.8902890550731577e-05,45.5621,35.7409,9.821199999999997
1395,3864,4069,0.3264173798883293,0.32643774953491517,2.036964658586049e-05,46.0318,38.3975,7.634299999999996
1396,3866,4452,0.7911507972502472,0.7912547300336613,0.00010393278341414014,63.2479,56.7143,6.5336
1397,3870,4035,0.15136226424295726,0.15139571822717868,3.3453984221415434e-05,35.3322,29.4728,5.859400000000001
1398,3872,5855,0.6598037976657533,0.6597876363040261,1.616136172710725e-05,55.5657,49.582,5.983699999999999
1399,3873,1631,0.5752859356889989,0.5749223750688641,0.00036356062013476187,54.5314,47.7345,6.796900000000001
1400,3874,2995,0.26071031173101045,0.2607147190960916,4.407365081171566e-06,44.8918,33.232,11.659800000000004
1401,3876,2423,0.29147125053729694,0.291385032130111,8.621840718592289e-05,41.975,34.4245,7.5504999999999995
1402,3882,275,0.4496550079042596,0.4496951551539885,4.014724972889461e-05,51.9029,39.5673,12.3356
1403,3883,4505,0.24733015752867338,0.24734640562144616,1.6248092772785938e-05,41.8161,31.6397,10.176399999999997
1404,3888,4339,0.5474717037639119,0.5475617545834365,9.005081952462302e-05,55.1415,47.9163,7.225200000000001
1405,3892,19,0.7138929657531738,0.71395394049608,6.097474290611693e-05,58.7023,53.6791,5.023200000000003
1406,3893,5273,0.5559150420930041,0.5562005670133574,0.00028552492035327504,51.4443,47.4978,3.9465000000000003
1407,3897,1815,0.6986449940816113,0.6984498574283375,0.00019513665327375307,54.5172,50.0799,4.4373000000000005
1408,3898,3247,0.5139083012202096,0.5139952748174689,8.697359725928777e-05,50.8623,47.8811,2.981199999999994
1409,3899,3505,0.581465325116807,0.5812191939252992,0.0002461311915078479,56.4687,43.5995,12.8692
1410,3901,1296,0.7086966210100245,0.7084359557783819,0.00026066523164258726,58.8278,51.0828,7.7450000000000045
1411,3903,1821,0.48998729162800714,0.49015327476216897,0.00016598313416182897,50.3806,44.0735,6.307099999999998
1412,3904,4695,0.6796734715304183,0.6795094324278098,0.0001640391026085375,56.504,47.2929,9.211099999999995
1413,3905,3062,0.6376746501439516,0.6372108652258905,0.00046378491806109423,54.6774,48.3881,6.289299999999997
1414,3907,1067,0.38742044626607186,0.38729299006063156,0.00012745620544030167,47.8556,41.1838,6.671800000000005
1415,3908,5053,0.596834440920535,0.5970857125463392,0.00025127162580429463,52.8392,46.6308,6.2083999999999975
1416,3912,4687,0.5356023621726848,0.5355544820494587,4.788012322609614e-05,54.4706,42.9102,11.560399999999994
1417,3913,4210,0.3742895555253646,0.3741894828388713,0.00010007268649325773,47.3984,36.6796,10.718800000000002
1418,3914,1814,0.17612982959355478,0.1761106738354397,1.9155758115063648e-05,37.8522,29.1598,8.692400000000003
1419,3917,3793,0.6414425787738246,0.6415149890186265,7.24102448018682e-05,55.3253,45.2291,10.096199999999996
1420,3920,3953,0.42862059055892743,0.4286969572617007,7.63667027732784e-05,50.4225,37.6795,12.743000000000002
1421,3923,5341,0.5129666517240574,0.5132911192037753,0.000324467479717927,54.5676,45.4607,9.106899999999996
1422,3924,5683,0.6885031793040709,0.6868501677906466,0.0016530115134243406,54.9864,49.1045,5.881900000000002
1423,3925,5967,0.6140890187951658,0.6138708304914765,0.00021818830368924846,56.0931,49.1596,6.933500000000002
1424,3928,2489,0.6568070731472212,0.6568279680396508,2.0894892429623724e-05,55.6242,48.6551,6.9691000000000045
1425,3929,2851,0.6653553947080524,0.6657023127182266,0.0003469180101741687,58.9881,51.0162,7.971900000000005
1426,3931,3003,0.4975406449479364,0.49767429185999634,0.00013364691205997037,52.3687,45.1075,7.261199999999995
1427,3932,4365,0.6707235109941376,0.6706645571742824,5.8953819855211975e-05,55.5279,51.1753,4.3526000000000025
1428,3934,1443,0.6126950091246899,0.6125234332116725,0.0001715759130174188,54.5768,46.4917,8.085099999999997
1429,3937,1911,0.8186331504102982,0.8175237393921148,0.0011094110181834038,62.4656,55.8265,6.639099999999999
1430,3942,462,0.289418060622512,0.289439478890474,2.1418267961981208e-05,40.922,38.9142,2.007799999999996
1431,3943,2014,0.5816121892005548,0.5818994598946923,0.00028727069413747586,54.4045,43.6302,10.774299999999997
1432,3948,4743,0.317687674664192,0.31767324524453444,1.4429419657568943e-05,41.854,36.9143,4.939700000000002
1433,3950,1388,0.5896891095009072,0.5891238124807279,0.0005652970201793783,50.2816,46.0849,4.1967
1434,3955,2493,0.45426380754852796,0.4540976584998079,0.00016614904872008784,51.3824,43.86,7.5223999999999975
1435,3956,5424,0.19974226339587264,0.19974811037856743,5.846982694790448e-06,41.8543,31.6951,10.159200000000002
1436,3957,4627,0.7754125766153828,0.7760590345429746,0.0006464579275918814,59.6195,52.0014,7.618100000000005
1437,3958,3566,0.10439754019036725,0.10426819998724217,0.00012934020312507788,34.8728,22.3766,12.496199999999998
1438,3965,41,0.6539243346734475,0.6538341453496315,9.018932381599232e-05,54.5236,46.9235,7.600100000000005
1439,3972,5344,0.42352734608536524,0.42353145376169593,4.107676330689092e-06,47.7634,38.7053,9.058099999999996
1440,3976,2666,0.5717121851757915,0.5714961974218639,0.0002159877539276156,54.6903,44.1758,10.514499999999998
1441,3979,4344,0.6348068126065055,0.6348954147680406,8.860216153505629e-05,52.4524,47.6825,4.7699
1442,3984,4138,0.45892633048719933,0.45893316847931154,6.8379921122074805e-06,52.4105,43.554,8.856499999999997
1443,3990,3459,0.4952222927466103,0.4952948785967235,7.258585011321594e-05,51.761,42.9661,8.794900000000005
1444,3993,2232,0.5070693151397285,0.5067727810690352,0.0002965340706932995,49.6616,46.5203,3.141300000000001
1445,4006,2160,0.8535412009371731,0.8551091769873044,0.001567976050131259,66.1363,58.3633,7.773000000000003
1446,4010,3680,0.42231052932447954,0.4224886095351279,0.000178080210648357,49.7594,40.2642,9.495199999999997
1447,4012,5889,0.6006290375933158,0.6003049181262363,0.0003241194670794423,53.6599,45.6274,8.032499999999999
1448,4016,1008,0.23717448582366552,0.23706714908654042,0.00010733673712509662,44.3126,34.1267,10.185900000000004
1449,4017,2446,0.45925241517920684,0.45920150950530253,5.090567390431122e-05,49.6456,40.9228,8.7228
1450,4032,891,0.25558268471236606,0.2555579819573723,2.4702754993777276e-05,43.5625,34.948,8.6145
1451,4033,5702,0.24173408518959805,0.24186906368421585,0.00013497849461779898,44.6616,34.9291,9.732500000000002
1452,4037,896,0.2888509225170685,0.28876508190285183,8.584061421668121e-05,45.0408,32.9088,12.131999999999998
1453,4039,2970,0.8211611873423665,0.8213640459589002,0.00020285861653368542,64.9118,53.911,11.000799999999998
1454,4044,2962,0.3259559217332664,0.32598179951401113,2.587778074475411e-05,47.1111,39.5945,7.516600000000004
1455,4049,953,0.3748444091089899,0.3748350663389449,9.342770044995508e-06,45.1095,38.431,6.6785
1456,4055,1388,0.5896017169828103,0.5891238124807279,0.00047790450208240465,52.7736,46.0849,6.688700000000004
1457,4058,2653,0.7962093206061905,0.7970356453568272,0.0008263247506367088,63.5465,57.0251,6.5214
1458,4059,2763,0.8330848254847545,0.8308404623443763,0.002244363140378236,64.7717,56.3397,8.431999999999995
1459,4062,4792,0.3271164529108004,0.32712411315646417,7.660245663787535e-06,45.902,38.0267,7.875300000000003
1460,4068,5935,0.6470420186346625,0.6477842623803124,0.0007422437456499065,56.5796,46.0506,10.528999999999996
1461,4071,832,0.4606065780589842,0.46053219567385745,7.438238512674777e-05,50.6308,39.512,11.1188
1462,4073,4028,0.5605504545079962,0.5605566419123218,6.187404325563861e-06,55.9395,46.6305,9.309000000000005
1463,4075,3748,0.4357278493128648,0.4358567451898628,0.000128895876997992,50.4806,43.0534,7.427199999999999
1464,4077,2014,0.5818298235417996,0.5818994598946923,6.96363528926991e-05,57.6222,43.6302,13.991999999999997
1465,4079,5644,0.8644267532764732,0.8623048997144745,0.0021218535619986767,63.1271,59.7845,3.3425999999999974
1466,4085,4030,0.17882510100801927,0.17871827947755053,0.00010682153046873144,38.969,32.6473,6.3217
1467,4087,2111,0.5802623552741288,0.580182794663525,7.956061060387931e-05,53.001,44.4347,8.566299999999998
1468,4088,3198,0.4581677229052882,0.4582832601849646,0.00011553727967644756,46.66,43.3293,3.330699999999993
1469,4089,4692,0.2125075356746608,0.21251590455174177,8.368877080972004e-06,43.2471,33.7235,9.523600000000002
1470,4093,5683,0.688270085817826,0.6868501677906466,0.0014199180271794454,57.1015,49.1045,7.997
1471,4094,4344,0.6350049712077586,0.6348954147680406,0.00010955643971799489,54.0952,47.6825,6.412700000000001
1472,4098,5437,0.4868716023807688,0.48692797868516774,5.637630439891961e-05,52.9836,44.4627,8.520900000000005
1473,4100,1702,0.9120876368868955,0.9163962342131008,0.004308597326205255,71.3509,61.8424,9.508499999999998
1474,4101,4365,0.670571911154324,0.6706645571742824,9.264601995839783e-05,55.8747,51.1753,4.699399999999997
1475,4104,1702,0.9339301802065578,0.9163962342131008,0.017533945993457034,74.6863,61.8424,12.843900000000005
1476,4106,41,0.653271690873273,0.6538341453496315,0.0005624544763584982,54.2597,46.9235,7.336200000000005
1477,4110,3183,0.5551869262351435,0.5553620469703854,0.00017512073524184046,52.0083,43.4376,8.570699999999995
1478,4113,3995,0.7447658455232572,0.7448524849662779,8.663944302067517e-05,61.0862,53.233,7.853200000000001
1479,4115,5710,0.6619284156805146,0.6621674941417551,0.00023907846124049392,54.4548,50.3888,4.065999999999995
1480,4122,791,0.5453296132530744,0.5454662300053243,0.00013661675224996284,55.2691,45.1186,10.150500000000001
1481,4124,3787,0.6942966808796762,0.6943406649360324,4.39840563561944e-05,59.5122,50.0819,9.430300000000003
1482,4125,179,0.5956044501450535,0.5952016586586644,0.0004027914863891091,54.4847,45.4295,9.0552
1483,4127,5370,0.44987825789549263,0.44991394941370144,3.5691518208813555e-05,47.9615,40.0104,7.951100000000004
1484,4128,5274,0.6186310846279959,0.6184794085913391,0.0001516760366567782,53.0784,47.0678,6.010600000000004
1485,4131,5782,0.6461236041506049,0.6459454309958576,0.00017817315474732975,59.3592,50.2227,9.136499999999998
1486,4141,2492,0.14227111723246794,0.14231435227575145,4.323504328351824e-05,39.4536,29.2707,10.1829
1487,4142,442,0.36426348338649217,0.3643979833419349,0.00013449995544273508,45.7762,37.8068,7.9694
1488,4143,49,0.43106197450591227,0.43108792831103326,2.595380512099288e-05,52.0553,41.0158,11.039500000000004
1489,4147,675,0.7864368968778337,0.7848369270058259,0.0015999698720078337,60.5597,52.1058,8.453899999999997
1490,4149,662,0.6613483931718426,0.6612089192930336,0.0001394738788089711,55.9784,51.777,4.2014
1491,4150,2376,0.677481645273865,0.6776445038047094,0.00016285853084441193,56.9564,47.3362,9.620200000000004
1492,4156,3699,0.4257036251912167,0.42582671843549635,0.0001230932442796706,49.8011,42.732,7.069099999999999
1493,4157,2133,0.3841442518710303,0.3841181768010418,2.6075069988473754e-05,43.1896,38.7493,4.440300000000001
1494,4159,1948,0.3976632259966166,0.3976359415604222,2.7284436194374706e-05,47.8372,40.8076,7.029600000000002
1495,4161,719,0.778381154378938,0.777432562382091,0.000948591996846937,59.1116,53.8752,5.236400000000003
1496,4162,3961,0.4364754847521786,0.43643896318204894,3.652157012967727e-05,48.4062,42.5453,5.860900000000001
1497,4164,1958,0.5150516791674017,0.5148949396640808,0.0001567395033208463,53.7634,42.6019,11.161499999999997
1498,4165,97,0.2505267022589436,0.2505127515986044,1.395066033915704e-05,37.454,32.8266,4.6274000000000015
1499,4167,1700,0.6094042581245509,0.6095348314854245,0.00013057336087363147,55.9355,48.6547,7.280799999999999
1500,4169,2456,0.5360010477394023,0.5363165477885896,0.000315500049187345,53.8381,44.2988,9.539299999999997
1501,4170,2024,0.6328196590581902,0.6338769450478727,0.001057285989682577,60.3276,46.9806,13.346999999999994
1502,4171,1837,0.8254991596787982,0.8226041211832045,0.0028950384955936936,58.7181,56.4259,2.292200000000001
1503,4174,4634,0.7801934993523966,0.7801632053271522,3.0294025244348433e-05,62.2138,55.581,6.632799999999996
1504,4176,2946,0.6248263750136249,0.6251929249188268,0.0003665499052019072,56.3697,47.7121,8.657600000000002
1505,4177,41,0.6541947910168711,0.6538341453496315,0.0003606456672395897,56.757,46.9235,9.8335
1506,4178,2824,0.559569522081825,0.5594406234556258,0.0001288986261991365,56.7317,45.0088,11.722899999999996
1507,4179,3312,0.4567245738295401,0.45683104760276877,0.0001064737732286436,52.4561,42.4505,10.005600000000001
1508,4180,3751,0.5759019123142277,0.575964515541251,6.260322702333898e-05,51.8964,45.4271,6.469299999999997
1509,4181,2493,0.4542008449985836,0.4540976584998079,0.00010318649877572028,48.3096,43.86,4.449600000000004
1510,4184,2853,0.6214592564827028,0.6213464065558191,0.00011284992688376239,52.9995,46.7212,6.278299999999994
1511,4187,2604,0.5337290519414996,0.5338003504554074,7.129851390785813e-05,51.4077,41.6691,9.738599999999998
1512,4188,2014,0.5817881504046017,0.5818994598946923,0.0001113094900905276,53.0289,43.6302,9.398699999999998
1513,4189,1113,0.608027393099028,0.6077528070187388,0.0002745860802891853,52.9748,46.0542,6.9206
1514,4190,1189,0.5988595386813306,0.5981783120599379,0.0006812266213926943,56.0656,45.183,10.882600000000004
1515,4191,3383,0.5180371874236015,0.5179890987555406,4.8088668060941586e-05,51.4954,44.6381,6.857299999999995
1516,4195,1811,0.4160855949591409,0.4160897056632204,4.1107040795185235e-06,50.0876,38.8987,11.188900000000004
1517,4199,3430,0.6963879098187756,0.6957736380286988,0.0006142717900767813,58.3074,52.1542,6.153199999999998
1518,4202,5729,0.45208664436573714,0.45216048680115634,7.384243541919133e-05,51.9046,43.3851,8.5195
1519,4204,2945,0.254714149594998,0.25471799061820966,3.841023211659245e-06,44.6064,36.4751,8.131300000000003
1520,4206,2515,0.798378960890681,0.7977896627358144,0.0005892981548666354,59.0582,55.6618,3.3964
1521,4207,4908,0.7554724955435521,0.7559619154423977,0.0004894198988455445,61.7516,55.0223,6.729300000000002
1522,4209,807,0.3219587779531495,0.32232882920969785,0.000370051256548376,44.3817,37.8002,6.5815000000000055
1523,4213,301,0.2999803216176028,0.300036726811009,5.640519340621708e-05,44.5542,33.5394,11.014800000000001
1524,4214,2986,0.5711209729873102,0.5711674885146202,4.6515527309942684e-05,52.0614,43.944,8.117399999999996
1525,4215,2776,0.6694510945835634,0.6699749429533314,0.0005238483697679319,56.7409,45.8998,10.841100000000004
1526,4216,5615,0.605770787221866,0.605699542094434,7.124512743195144e-05,54.2997,45.1147,9.185000000000002
1527,4219,179,0.5955895996179535,0.5952016586586644,0.00038794095928917915,53.521,45.4295,8.091500000000003
1528,4221,3134,0.6487986625564133,0.6491935187271725,0.00039485617075918356,58.1796,48.6959,9.483699999999999
1529,4222,3770,0.08164402490543181,0.0817168465593585,7.282165392669127e-05,29.9421,24.0606,5.881499999999999
1530,4223,3030,0.5074634909027026,0.5073716965220351,9.179438066753143e-05,47.136,42.1103,5.0257000000000005
1531,4227,676,0.1741067770184435,0.17406266791229985,4.4109106143636057e-05,36.1808,27.306,8.874799999999997
1532,4231,3212,0.6454745343984549,0.6459319773726014,0.0004574429741465158,53.1038,44.7979,8.305900000000001
1533,4233,1366,0.7702296689781467,0.770941965518779,0.0007122965406323178,61.5338,50.6419,10.8919
1534,4237,1067,0.3873517114013511,0.38729299006063156,5.872134071954749e-05,50.049,41.1838,8.865200000000002
1535,4241,3630,0.2763779609612726,0.27639763754991153,1.9676588638939396e-05,41.3833,34.4704,6.9129000000000005
1536,4243,4689,0.7001059383912912,0.7000017790176314,0.00010415937365981787,59.7755,50.0572,9.7183
1537,4245,3312,0.45680065440411016,0.45683104760276877,3.0393198658607012e-05,52.5524,42.4505,10.1019
1538,4246,2112,0.4641573314478674,0.4642559954152593,9.866396739188765e-05,50.2659,42.1672,8.098700000000001
1539,4249,4028,0.5605873686999611,0.5605566419123218,3.072678763926806e-05,52.537,46.6305,5.906500000000001
1540,4251,4668,0.45143316000790973,0.4515686028284778,0.0001354428205680991,50.3367,42.4463,7.8904
1541,4253,1296,0.7080711038667522,0.7084359557783819,0.00036485191162971553,57.7036,51.0828,6.620800000000003
1542,4254,337,0.5483035833978936,0.5483269556264886,2.3372228594942257e-05,54.9427,46.1471,8.7956
1543,4256,4606,0.3942234517050176,0.3942484937708671,2.5042065849523176e-05,47.4045,44.0131,3.3913999999999973
1544,4262,1484,0.5778948428154482,0.5778754453825674,1.9397432880818855e-05,55.3569,45.4062,9.950700000000005
1545,4264,5713,0.5092830069299283,0.5094045394933924,0.00012153256346403296,49.9772,44.4265,5.550700000000006
1546,4265,1296,0.7091494782834971,0.7084359557783819,0.0007135225051151384,58.5814,51.0828,7.498600000000003
1547,4266,390,0.2049724074935745,0.20496948838975357,2.9191038209419595e-06,40.3671,31.327,9.040099999999999
1548,4271,4452,0.7914142690276912,0.7912547300336613,0.00015953899402987304,61.2368,56.7143,4.522500000000001
1549,4273,1962,0.29839636814361686,0.2985194836843365,0.0001231155407196427,43.9245,39.1635,4.761000000000003
1550,4274,2892,0.3157254564702555,0.3157357828557373,1.0326385481762568e-05,47.1574,37.9618,9.195600000000006
1551,4275,4040,0.1922376509299967,0.19228879118627357,5.1140256276865914e-05,38.784,31.6035,7.1804999999999986
1552,4277,2217,0.22051444423799052,0.2204627156730843,5.172856490623379e-05,41.3513,32.3528,8.9985
1553,4278,1605,0.4057165535816345,0.40545345079136996,0.00026310279026453554,45.6119,41.0445,4.567399999999999
1554,4279,490,0.2053614763340509,0.20535808395041033,3.3923836405824748e-06,42.1315,30.939,11.192500000000003
1555,4281,573,0.7458380805894754,0.7460343740168196,0.0001962934273441741,64.2696,53.2694,11.0002
1556,4282,2160,0.8502271327294293,0.8551091769873044,0.0048820442578750844,63.0152,58.3633,4.651899999999998
1557,4284,1702,0.8956655341895877,0.9163962342131008,0.02073070002351307,70.9289,61.8424,9.086500000000001
1558,4288,5370,0.44987721922169266,0.44991394941370144,3.673019200878258e-05,48.5829,40.0104,8.572500000000005
1559,4290,3793,0.6416364387808078,0.6415149890186265,0.00012144976218131376,54.3391,45.2291,9.11
1560,4292,1848,0.6573846677069264,0.657871549733756,0.0004868820268295604,55.7452,50.844,4.901199999999996
1561,4298,193,0.39660057594052744,0.39658931765100264,1.1258289524807008e-05,46.7578,40.6465,6.1113
1562,4300,3412,0.5913971631223931,0.5913398182947246,5.734482766850402e-05,55.3326,46.8128,8.519799999999996
1563,4301,1660,0.6202090385774436,0.619861838163836,0.0003472004136075846,58.2539,47.7864,10.467500000000001
1564,4303,2542,0.1379613878041876,0.137938347336224,2.3040467963586497e-05,37.7944,29.2092,8.585200000000004
1565,4308,1189,0.5991708478686507,0.5981783120599379,0.0009925358087128355,54.034,45.183,8.850999999999999
1566,4312,5926,0.2657559512294867,0.2656715863090042,8.436492048247146e-05,41.3554,34.8762,6.479200000000006
1567,4313,1619,0.5932778608202383,0.5936730999199029,0.0003952390996646571,54.352,44.6646,9.687399999999997
1568,4317,1103,0.25448089071375046,0.25438034746140087,0.00010054325234959416,42.8677,32.9814,9.886299999999999
1569,4321,5944,0.6427582904022431,0.6425195498416255,0.00023874056061756743,54.0334,48.2738,5.759599999999999
1570,4326,3245,0.3227475642627215,0.3227826456238177,3.508136109620086e-05,44.8605,35.8421,9.0184
1571,4327,81,0.7097133497486652,0.7098877752412274,0.0001744254925621913,59.6102,51.5748,8.035399999999996
1572,4328,3427,0.09970496744494071,0.09970716447341887,2.197028478159724e-06,35.442,26.3209,9.121099999999998
1573,4329,2979,0.6670086252342838,0.6670493059698057,4.0680735521880784e-05,57.5186,48.278,9.2406
1574,4338,365,0.6049735045843604,0.6053548400499896,0.00038133546562924003,52.5923,46.6925,5.899799999999999
1575,4345,5769,0.47857229181242805,0.4786405654044371,6.827359200906047e-05,49.6108,45.2604,4.3504000000000005
1576,4349,3383,0.5181141153324341,0.5179890987555406,0.00012501657689356627,52.8851,44.6381,8.247
1577,4351,2998,0.615918325316356,0.6158270754510038,9.124986535224977e-05,56.877,47.2236,9.653400000000005
1578,4352,2546,0.31695192999361776,0.3169492957990088,2.6341946089414314e-06,46.0914,37.4825,8.608899999999998
1579,4355,5683,0.6893865820257352,0.6868501677906466,0.0025364142350886576,54.8121,49.1045,5.707599999999999
1580,4358,2820,0.3491362944605973,0.3491994392913717,6.314483077440869e-05,49.3362,37.4516,11.884599999999999
1581,4362,1013,0.4499414803764137,0.44992967325156247,1.1807124851215267e-05,47.7222,39.9863,7.735900000000001
1582,4367,4040,0.19223356939697636,0.19228879118627357,5.5221789297205115e-05,41.3801,31.6035,9.776599999999998
1583,4374,3191,0.6173211650825885,0.6177907333043744,0.00046956822178589874,53.8184,45.76,8.058399999999999
1584,4377,42,0.3261198901293316,0.3260522959772696,6.759415206203379e-05,47.9889,37.0581,10.930799999999998
1585,4378,1792,0.1913752035571264,0.19134374337010243,3.1460187023962805e-05,40.515,32.6814,7.833600000000004
1586,4383,4119,0.35461724810997597,0.3545760578680658,4.1190241910182834e-05,47.9096,37.089,10.820599999999999
1587,4387,19,0.7138447509507169,0.71395394049608,0.00010918954536309755,55.8101,53.6791,2.1310000000000002
1588,4389,5274,0.6183124424629638,0.6184794085913391,0.000166966128375301,55.9265,47.0678,8.858699999999999
1589,4391,2317,0.567921634452963,0.5678445306610568,7.710379190617456e-05,51.8357,48.5956,3.2401000000000053
1590,4395,5514,0.341839850983241,0.3418455779867208,5.727003479838455e-06,47.086,38.8743,8.2117
1591,4399,1138,0.6545248016377504,0.654623295760471,9.849412272056046e-05,56.1597,49.5833,6.5764
1592,4400,4004,0.4886002044911925,0.48856129000685483,3.8914484337682076e-05,49.4817,41.2002,8.281499999999994
1593,4402,4069,0.3263721341237071,0.32643774953491517,6.561541120808645e-05,44.9665,38.3975,6.569000000000003
1594,4403,3020,0.4923720643382303,0.4922621934914353,0.00010987084679497938,51.451,43.6028,7.8481999999999985
1595,4405,4095,0.4768345359557884,0.4766109625957824,0.00022357336000600192,50.1507,44.2398,5.910899999999998
1596,4406,3746,0.2227702663245491,0.22271571427786097,5.4552046688138844e-05,43.9875,32.5664,11.421099999999996
1597,4408,2094,0.12545302701788405,0.1254944539445341,4.142692665004555e-05,34.9426,27.1135,7.8291
1598,4410,157,0.24884243049913438,0.2487168718793078,0.0001255586198265768,38.3465,33.7512,4.595300000000002
1599,4411,5271,0.7435045857120541,0.7444021147194742,0.0008975290074200171,61.3906,49.2322,12.1584
1600,4414,4762,0.3733433410170621,0.37353149091941273,0.00018814990235060947,46.0394,37.9955,8.0439
1601,4417,4139,0.17269855619712088,0.17268786326017407,1.069293694680451e-05,41.4047,29.9252,11.479499999999998
1602,4418,670,0.20951572307097635,0.20952652405806454,1.0800987088194214e-05,40.2203,30.1827,10.037600000000001
1603,4421,613,0.652559496528527,0.6520242554879252,0.0005352410406017638,57.4423,49.9485,7.4938
1604,4422,4921,0.7337497423718127,0.7341766724522272,0.0004269300804145004,58.8503,54.8594,3.9908999999999963
1605,4423,1145,0.37629787929992586,0.37648862623533563,0.00019074693540976906,47.8054,35.3245,12.480899999999998
1606,4424,5644,0.8661879763337911,0.8623048997144745,0.003883076619316528,64.0854,59.7845,4.300900000000006
1607,4425,2339,0.20350131192950943,0.20348431655878346,1.6995370725969572e-05,38.1529,29.357,8.795900000000003
1608,4426,1140,0.2000573370707934,0.20006156751385884,4.230443065439404e-06,39.0319,33.7336,5.298299999999998
1609,4428,1525,0.6421355949003748,0.6419312856253256,0.00020430927504910823,51.7145,45.795,5.919499999999999
1610,4432,4528,0.3599224319739201,0.35987896085042104,4.347112349906146e-05,46.4619,38.3945,8.0674
1611,4435,3412,0.59132136937486,0.5913398182947246,1.844891986457764e-05,54.529,46.8128,7.716200000000001
1612,4437,5672,0.547899498822121,0.5476561383072418,0.0002433605148791651,53.3306,44.0897,9.240899999999996
1613,4441,4458,0.8413016222127008,0.835419817473025,0.005881804739675811,65.4473,56.874,8.573299999999996
1614,4443,2866,0.28930660345477227,0.28933333905076153,2.67355959892579e-05,45.8611,34.994,10.8671
1615,4445,2206,0.4826595326278045,0.48286471061879804,0.00020517799099356582,53.4865,43.856,9.630499999999998
1616,4447,5329,0.6992963741305589,0.6993896162666875,9.324213612860177e-05,57.3907,50.7828,6.607900000000001
1617,4450,2973,0.5658440273462046,0.5661560572664688,0.0003120299202641341,53.7914,47.0228,6.768600000000006
1618,4454,2408,0.7355990868065154,0.7356958343359481,9.674752943267251e-05,57.3616,53.2376,4.124000000000002
1619,4457,5431,0.19533391039735643,0.19531920463758076,1.4705759775662797e-05,41.5397,32.8653,8.674400000000006
1620,4460,2351,0.5019801125755475,0.5019100482666096,7.006430893796711e-05,48.5965,42.2153,6.3812
1621,4468,1474,0.6724172155504439,0.6724791192553029,6.190370485903429e-05,55.1694,49.1644,6.005000000000003
1622,4470,5954,0.07651461765694186,0.07648903163978399,2.558601715786646e-05,30.0722,23.8957,6.176499999999997
1623,4471,1366,0.7707237864761898,0.770941965518779,0.00021817904258925047,59.1396,50.6419,8.497700000000002
1624,4472,4728,0.7055983106217871,0.7049113891710186,0.0006869214507685406,55.9072,49.4966,6.410600000000002
1625,4475,2764,0.6811618112871521,0.6812211556836176,5.934439646548828e-05,55.9157,48.2102,7.705500000000001
1626,4476,2030,0.6862573146459531,0.6865610089088374,0.0003036942628843464,56.9764,53.0798,3.8965999999999994
1627,4479,4852,0.23349337078629617,0.23343390419065382,5.946659564234902e-05,42.6492,34.004,8.645200000000003
1628,4480,3800,0.5223662254080057,0.5222895232398466,7.670216815913733e-05,50.5954,45.5066,5.088799999999999
1629,4482,1582,0.4206463169853106,0.4206021069510255,4.421003428506376e-05,46.0378,39.3439,6.693899999999999
1630,4486,2998,0.6165781143231627,0.6158270754510038,0.0007510388721588823,55.7664,47.2236,8.5428
1631,4487,5422,0.3659749960290814,0.3660102467744961,3.525074541471662e-05,49.4789,36.5006,12.978300000000004
1632,4496,4392,0.3496101771128406,0.3494081749516866,0.00020200216115401348,45.2847,38.1592,7.125500000000002
1633,4497,5642,0.1985758367323847,0.19863352191973374,5.76851873490547e-05,43.5023,30.027,13.475299999999997
1634,4498,2247,0.1448543693063394,0.14497282623716043,0.00011845693082102038,36.4621,27.8961,8.565999999999999
1635,4504,348,0.781308715619507,0.7815099901467815,0.00020127452727447537,62.5112,55.2493,7.261900000000004
1636,4506,949,0.2838258767510608,0.28380570081693707,2.0175934123733974e-05,42.5296,35.2518,7.277799999999999
1637,4508,2510,0.4864873190469845,0.48647580518145056,1.1513865533940848e-05,47.7286,43.3127,4.415900000000001
1638,4511,2325,0.6194565791248159,0.6191133246021379,0.00034325452267802703,55.71,45.3885,10.3215
1639,4517,1804,0.37888516273288086,0.3789770208003272,9.185806744632652e-05,46.1423,41.5753,4.567
1640,4519,5523,0.37967152186670355,0.37985754411203776,0.0001860222453342053,47.4577,38.8685,8.589200000000005
1641,4520,1294,0.6132072279267627,0.613189244779098,1.7983147664768495e-05,54.112,48.0493,6.0626999999999995
1642,4521,4992,0.12404001308210728,0.12407479733997114,3.478425786385131e-05,33.3433,26.4315,6.9117999999999995
1643,4523,613,0.6525361524775669,0.6520242554879252,0.0005118969896417136,59.6058,49.9485,9.6573
1644,4525,4752,0.2532306777940832,0.25309681207800255,0.00013386571608065,39.5912,34.802,4.789200000000001
1645,4532,243,0.776822072105446,0.7768912836447227,6.921153927674784e-05,60.6849,55.7545,4.930399999999999
1646,4534,5222,0.3138699539655566,0.31383403098809304,3.592297746357609e-05,46.3333,36.9938,9.339500000000001
1647,4536,5286,0.3622933046194247,0.3624364337566561,0.000143129137231357,47.2193,38.8568,8.362499999999997
1648,4538,4778,0.3576858025717891,0.3577299723317169,4.416975992777017e-05,45.5693,37.9741,7.595199999999998
1649,4539,4114,0.5588047034305936,0.5585516317577666,0.00025307167282706544,54.7678,45.3388,9.429000000000002
1650,4541,5376,0.6600495916865812,0.6601364842881104,8.689260152927591e-05,55.768,48.9498,6.818199999999997
1651,4543,5046,0.22365656024381916,0.22358621383313476,7.034641068440206e-05,41.9306,34.3902,7.540399999999998
1652,4550,2376,0.6775485873115104,0.6776445038047094,9.591649319906637e-05,58.6947,47.3362,11.3585
1653,4551,3538,0.7228590299389765,0.7226955458889871,0.00016348404998944854,59.9178,47.0507,12.8671
1654,4552,2016,0.100181818417284,0.10018034904930377,1.4693679802335602e-06,33.5918,23.1367,10.455099999999998
1655,4559,1166,0.3125803270300171,0.31252987056362763,5.045646638945911e-05,43.3421,38.2446,5.097500000000004
1656,4560,4921,0.7341402203314029,0.7341766724522272,3.645212082425964e-05,60.4428,54.8594,5.5833999999999975
1657,4562,4469,0.42882795770589044,0.42890145151524417,7.349380935373073e-05,51.6745,43.3486,8.325900000000004
1658,4567,3862,0.5265982049616021,0.526166560317792,0.00043164464381018064,50.929,42.7012,8.227800000000002
1659,4569,4070,0.49861963837962225,0.49876889713660144,0.000149258756979187,53.4552,45.8934,7.561799999999998
1660,4571,5535,0.2676140584492563,0.2674962997347602,0.00011775871449609676,42.0853,34.8877,7.197599999999994
1661,4572,5664,0.6043528496517522,0.6045194421530484,0.0001665925012962477,55.4722,46.2062,9.265999999999998
1662,4574,3594,0.274952640764852,0.2748489363142582,0.00010370445059376676,41.7103,34.6193,7.090999999999994
1663,4578,3949,0.2929076993411701,0.29289804522123575,9.654119934365823e-06,44.2417,35.1607,9.081000000000003
1664,4581,4419,0.512666006813648,0.5125743040776667,9.170273598135825e-05,53.2409,44.4107,8.830200000000005
1665,4587,951,0.7034558248619687,0.7035428304435696,8.700558160090743e-05,59.3378,47.4856,11.852200000000003
1666,4589,570,0.4678574301472831,0.46779203154504573,6.539860223736538e-05,47.4711,41.7128,5.758299999999998
1667,4590,5438,0.46746787061131817,0.4674506717410492,1.719887026896405e-05,53.3673,41.4313,11.936
1668,4591,1619,0.5935102361936787,0.5936730999199029,0.00016286372622420497,52.8548,44.6646,8.190199999999997
1669,4593,3150,0.49340824164677677,0.4932732509327754,0.00013499071400135954,51.7809,43.4452,8.335700000000003
1670,4594,4020,0.29942912365709246,0.29962994070138554,0.000200817044293089,43.7871,37.7661,6.021000000000001
1671,4595,5288,0.4646496194921311,0.46486835067346444,0.00021873118133330927,48.6598,40.8257,7.834099999999999
1672,4596,851,0.737478243455643,0.7375024471595846,2.420370394162763e-05,60.9347,49.8937,11.040999999999997
1673,4598,473,0.7953911154609132,0.7945771732071715,0.0008139422537417618,57.1002,57.0413,0.058900000000001285
1674,4599,4452,0.7897999172343445,0.7912547300336613,0.001454812799316807,58.2818,56.7143,1.5674999999999955
1675,4600,2893,0.3690022896930392,0.36905672804622225,5.4438353183028365e-05,42.6793,41.3612,1.3181000000000012
1676,4602,1024,0.4774281457173963,0.47746235569676254,3.420997936626202e-05,48.9155,43.5233,5.3922000000000025
1677,4603,2249,0.3511019102638897,0.3511540029943307,5.2092730440989055e-05,45.962,38.0301,7.931900000000006
1678,4604,4972,0.484338391958142,0.4842630508930698,7.534106507217642e-05,50.1348,40.6585,9.476300000000002
1679,4605,1800,0.5725404175420401,0.5725214948189022,1.8922723137859698e-05,54.1246,41.9723,12.152300000000004
1680,4608,5050,0.40723368880663824,0.4073305407272391,9.685192060088221e-05,51.6912,40.4707,11.220500000000001
1681,4609,1215,0.7112256368675164,0.7114326774600678,0.00020704059255138851,56.8073,52.7833,4.024000000000001
1682,4615,4439,0.5322687008580508,0.5320800399754423,0.00018866088260849345,53.4537,44.3048,9.148899999999998
1683,4616,4240,0.5804808590149472,0.5804484081620025,3.2450852944676534e-05,53.2017,44.7405,8.461200000000005
1684,4618,1548,0.4064802642432625,0.40656124421195206,8.097996868955404e-05,49.7661,36.6211,13.145000000000003
1685,4620,4287,0.6074453479106197,0.6074909301101357,4.5582199516003286e-05,54.4934,45.4777,9.015700000000002
1686,4622,1281,0.2742286348113796,0.2742264398250949,2.1949862846759594e-06,42.5274,34.292,8.235399999999998
1687,4623,5642,0.19841645894695673,0.19863352191973374,0.0002170629727770157,42.6643,30.027,12.637299999999996
1688,4624,2802,0.4150203219095487,0.4150442300409648,2.390813141611714e-05,52.2109,39.0513,13.159600000000005
1689,4628,4133,0.6403839339564757,0.64012390828928,0.00026002566719574016,55.8072,50.1076,5.699600000000004
1690,4629,3827,0.8017265630950985,0.8028178139423056,0.0010912508472070703,60.5881,55.1128,5.475299999999997
1691,4633,3471,0.6444311752025689,0.6445021814619938,7.100625942491057e-05,61.5872,47.1819,14.405300000000004
1692,4635,5689,0.4596791209298809,0.45973859244402693,5.9471514146036686e-05,49.5166,39.4107,10.105899999999998
1693,4637,1292,0.6693000783413929,0.6688366371746095,0.0004634411667834293,57.8586,47.9741,9.884500000000003
1694,4640,4477,0.3467237593918113,0.3467741036077837,5.0344215972386586e-05,46.6901,36.6337,10.056400000000004
1695,4650,2674,0.706135336271184,0.7068818967982342,0.000746560527050244,57.4481,54.3843,3.0637999999999934
1696,4651,1385,0.2626733590926253,0.26265553248024226,1.7826612383031737e-05,40.5064,33.9822,6.5242
1697,4652,1507,0.585378958315966,0.5851764822117035,0.00020247610426249452,50.1264,46.2728,3.8536
1698,4656,3680,0.4223519619932367,0.4224886095351279,0.00013664754189118833,49.1596,40.2642,8.895399999999995
1699,4657,4005,0.4117287707784749,0.41169165382126854,3.7116957206373424e-05,48.2294,42.8403,5.389099999999999
1700,4660,420,0.5764756669267433,0.576382754155033,9.291277171030732e-05,54.0438,46.9861,7.057699999999997
1701,4662,1327,0.21766932732383285,0.21766537602828706,3.951295545784328e-06,43.0881,32.0777,11.010399999999997
1702,4666,419,0.6009741117094236,0.6012822449392476,0.0003081332298240369,53.549,45.9101,7.6389
1703,4667,2541,0.5106413384242061,0.5104303378187619,0.0002110006054442115,56.3368,45.2789,11.057899999999997
1704,4671,2942,0.42641049259675484,0.42625829366605605,0.0001521989306987881,48.3831,40.6155,7.767600000000002
1705,4672,382,0.6805862280792239,0.6804999903844967,8.62376947271537e-05,53.999,49.385,4.614000000000004
1706,4674,1388,0.5891969831910574,0.5891238124807279,7.317071032952871e-05,54.323,46.0849,8.238100000000003
1707,4675,5473,0.4414059322184629,0.44143486256525905,2.8930346796129935e-05,47.6463,39.47,8.176299999999998
1708,4677,3160,0.47269612261801824,0.47280160275528965,0.00010548013727140759,53.1615,44.3534,8.808099999999996
1709,4680,4452,0.7888838824038413,0.7912547300336613,0.002370847629819983,60.8176,56.7143,4.103299999999997
1710,4682,3457,0.2752505295964247,0.2753895527225777,0.00013902312615299284,43.3877,36.2209,7.166800000000002
1711,4683,3868,0.33425290537583957,0.3345193159005336,0.00026641052469400517,44.0509,40.7895,3.261400000000002
1712,4686,2746,0.10923592773546756,0.10914699234673733,8.893538873022688e-05,34.6667,27.7807,6.885999999999999
1713,4694,2244,0.543834338357104,0.5436056491486475,0.00022868920845653395,49.1613,44.7034,4.457899999999995
1714,4697,5341,0.513137749287266,0.5132911192037753,0.0001533699165093827,47.9747,45.4607,2.513999999999996
1715,4698,5890,0.5531430337263684,0.5530740931634593,6.894056290907002e-05,52.9751,42.8347,10.1404
1716,4699,2973,0.5661170572220864,0.5661560572664688,3.90000443823979e-05,53.7728,47.0228,6.75
1717,4705,2459,0.6564133817669807,0.6566287552479212,0.00021537348094047282,55.0154,46.4102,8.605199999999996
1718,4707,1554,0.4631986877873869,0.4633116247236158,0.00011293693622893564,47.0129,41.431,5.5819000000000045
1719,4711,179,0.5961405177321127,0.5952016586586644,0.0009388590734483726,53.9225,45.4295,8.493000000000002
1720,4715,1046,0.5304818984645587,0.5305737783893735,9.187992481474172e-05,51.594,44.9854,6.608600000000003
1721,4716,3102,0.27004832145393104,0.2700505473929957,2.2259390646817145e-06,43.4246,37.1061,6.3185
1722,4717,3081,0.42694723835772647,0.42694187356477575,5.364792950712793e-06,47.7066,39.378,8.328600000000002
1723,4719,63,0.3225548941562257,0.3224844562406806,7.043791554506296e-05,46.943,36.9894,9.953599999999994
1724,4721,1174,0.39198168031683206,0.39186265354547817,0.00011902677135389172,46.9312,39.363,7.568199999999997
1725,4724,2225,0.3905642907263496,0.3907296029952203,0.00016531226887067652,46.2189,40.6448,5.574100000000001
1726,4726,5126,0.41548139905510856,0.4154674273708984,1.3971684210134505e-05,46.9065,41.3906,5.515900000000002
1727,4729,5512,0.4686786327583229,0.46848983428873575,0.00018879846958713697,50.4264,45.7536,4.672800000000002
1728,4734,5683,0.6891143528246412,0.6868501677906466,0.0022641850339946146,57.2774,49.1045,8.172899999999998
1729,4736,2569,0.558080120548087,0.5580410858671901,3.903468089683226e-05,52.1294,47.4842,4.6451999999999956
1730,4739,2541,0.5102931355085949,0.5104303378187619,0.00013720231016700613,50.3616,45.2789,5.082700000000003
1731,4742,1380,0.5760848725501743,0.5760851384965948,2.659464205523321e-07,54.8473,46.3062,8.5411
1732,4745,3656,0.8058787732302244,0.8060073363656797,0.00012856313545528408,62.3766,55.4748,6.9018000000000015
1733,4747,5669,0.3803942198706822,0.3805426390247746,0.00014841915409236073,47.224,39.7536,7.470399999999998
1734,4748,420,0.5764516415082974,0.576382754155033,6.888735326437967e-05,53.7278,46.9861,6.741700000000002
1735,4751,82,0.17901610495022402,0.17899680803937715,1.929691084687213e-05,38.8541,31.5209,7.3332000000000015
1736,4755,5159,0.6951610373358152,0.6957661489745707,0.000605111638755429,61.8433,49.1737,12.669600000000003
1737,4756,2763,0.8284070006466798,0.8308404623443763,0.0024334616976964263,64.0128,56.3397,7.673099999999998
1738,4765,1837,0.8256566714354489,0.8226041211832045,0.0030525502522443793,63.2203,56.4259,6.794400000000003
1739,4766,559,0.5194941684951875,0.5194699829125141,2.4185582673363903e-05,50.7968,43.4653,7.331499999999998
1740,4767,3282,0.3653936944577242,0.3654359485693202,4.225411159602954e-05,47.9142,38.4622,9.451999999999998
1741,4769,4768,0.6090179031590709,0.6091448069018242,0.00012690374275325933,55.5048,48.4949,7.009900000000002
1742,4774,2931,0.45387712707546024,0.45381580708368013,6.131999178010661e-05,52.0157,43.3012,8.714500000000001
1743,4776,1963,0.34044216657938264,0.34040972287157334,3.244370780930428e-05,47.0596,37.9417,9.117900000000006
1744,4779,5644,0.8681580087708354,0.8623048997144745,0.005853109056360828,65.3282,59.7845,5.543699999999994
1745,4780,1822,0.5620817865289671,0.5618059593861031,0.00027582714286400467,54.7475,45.1692,9.578300000000006
1746,4791,2163,0.45125414481203824,0.45111379103328236,0.00014035377875587507,48.2427,38.5936,9.649099999999997
1747,4795,5170,0.4716717178540469,0.47167071286306506,1.0049909818232727e-06,52.8671,43.0863,9.7808
1748,4796,190,0.590178653336784,0.5906498303911564,0.0004711770543723848,59.061,46.9007,12.1603
1749,4803,568,0.27791711395059704,0.2780395750632943,0.00012246111269725857,44.5133,34.9701,9.543199999999999
1750,4804,4452,0.7890913613677919,0.7912547300336613,0.002163368665869414,60.1194,56.7143,3.4050999999999974
1751,4805,2108,0.6506521028902243,0.6502656823030082,0.000386420587216163,57.2099,47.2669,9.942999999999998
1752,4806,4935,0.5539683572159712,0.5540054946938899,3.7137477918780526e-05,52.6859,43.2651,9.4208
1753,4816,3945,0.4217706824035974,0.4216135305649289,0.00015715183866849003,49.0698,43.3815,5.688299999999998
1754,4818,5591,0.2011008977285836,0.20111215354012119,1.1255811537574933e-05,42.8,32.8996,9.900399999999998
1755,4822,3723,0.6018195305341798,0.6019482219072251,0.00012869137304527545,55.9495,48.0898,7.859700000000004
1756,4825,1380,0.5761319892266358,0.5760851384965948,4.68507300409593e-05,52.1641,46.3062,5.857900000000001
1757,4826,4730,0.5280657003460443,0.5286909985993203,0.0006252982532760631,55.759,44.0833,11.675699999999999
1758,4827,4357,0.7592625246379209,0.757834199645219,0.001428324992701846,60.0942,51.8507,8.243499999999997
1759,4828,60,0.44488433408023514,0.44476803518821734,0.00011629889201780763,48.1954,41.629,6.566400000000002
1760,4831,2998,0.6156223789445836,0.6158270754510038,0.00020469650642018777,56.3752,47.2236,9.151600000000002
1761,4845,4967,0.16334534100127784,0.16332435970758388,2.098129369396129e-05,38.2714,29.1767,9.0947
1762,4847,2108,0.650909846210797,0.6502656823030082,0.000644163907788764,56.438,47.2669,9.171100000000003
1763,4848,27,0.253671464607202,0.2537429272213624,7.146261416035582e-05,39.6358,36.0518,3.584000000000003
1764,4851,3255,0.25290596060165765,0.25290840752494537,2.446923287713343e-06,41.4763,34.9958,6.480499999999999
1765,4860,171,0.5554202048317748,0.555430561551988,1.0356720213211545e-05,51.9427,46.1763,5.766400000000004
1766,4862,1996,0.42136894913398837,0.42137281805110666,3.868917118288184e-06,48.0965,39.5445,8.552
1767,4865,1396,0.4114491299455819,0.4114308503986906,1.8279546891319942e-05,50.6471,41.7116,8.935500000000005
1768,4866,4505,0.24727736981012324,0.24734640562144616,6.903581132292058e-05,40.4197,31.6397,8.779999999999998
1769,4872,2069,0.30156242413032713,0.30167459909485245,0.00011217496452531339,43.2008,35.3615,7.8393000000000015
1770,4877,1977,0.6855781011263953,0.6852102188137481,0.00036788231264717197,58.2155,48.5084,9.707099999999997
1771,4879,4315,0.23555545745332143,0.23555703457791913,1.577124597695878e-06,41.5881,32.9857,8.602399999999996
1772,4881,1716,0.3751916442659423,0.37532799894288155,0.0001363546769392321,47.4634,38.3957,9.067700000000002
1773,4882,1658,0.296144581592105,0.29610187835099405,4.2703241110941814e-05,41.9569,35.3619,6.594999999999999
1774,4884,1977,0.6853340008716958,0.6852102188137481,0.0001237820579477189,56.5014,48.5084,7.992999999999995
1775,4885,2988,0.6293559148632268,0.6294923125641447,0.0001363977009178896,55.4049,47.7993,7.6055999999999955
1776,4886,5669,0.3805961072046513,0.3805426390247746,5.3468179876725586e-05,45.9875,39.7536,6.233899999999998
1777,4890,1540,0.4443300839271309,0.4441785673082026,0.0001515166189283157,51.6354,41.8828,9.752599999999994
1778,4891,5534,0.22854035365042724,0.228510223679977,3.0129970450237797e-05,42.0814,36.0953,5.9861
1779,4892,874,0.3888720648089857,0.3887972714365971,7.479337238858186e-05,47.3805,40.6397,6.7408
1780,4893,3358,0.5856895649596683,0.5856728598744524,1.6705085215895643e-05,56.8216,48.187,8.634599999999999
1781,4898,1598,0.11613061461387464,0.11598947664925296,0.00014113796462167372,33.2876,27.1795,6.108099999999997
1782,4901,1650,0.7202009034375322,0.7199657439965017,0.0002351594410304747,59.0551,48.7633,10.291800000000002
1783,4904,3849,0.2883549456011187,0.2885327225899185,0.00017777698879983816,43.4225,32.2571,11.165399999999998
1784,4906,5716,0.35293918765072224,0.35287616721752907,6.302043319317274e-05,48.3001,38.8857,9.4144
1785,4909,4986,0.25950424336164507,0.2595109300724588,6.686710813719188e-06,43.1892,34.3522,8.836999999999996
1786,4913,5512,0.468872910165284,0.46848983428873575,0.0003830758765482334,51.4085,45.7536,5.654899999999998
1787,4917,3265,0.3870205112516591,0.38697586513024546,4.464612141363844e-05,45.3949,39.0814,6.313499999999998
1788,4919,5122,0.573812213512715,0.5734080370202422,0.0004041764924728186,53.35,44.0788,9.2712
1789,4920,3459,0.49525272484009153,0.4952948785967235,4.215375663196852e-05,52.3161,42.9661,9.350000000000001
1790,4925,1660,0.6203323238351145,0.619861838163836,0.0004704856712784977,55.3924,47.7864,7.606000000000002
1791,4926,4685,0.4193340306537324,0.4192877048158973,4.632583783514832e-05,47.6555,39.0637,8.591800000000006
1792,4927,5278,0.4575519373749096,0.45756854868837726,1.6611313467640443e-05,48.0138,40.9938,7.020000000000003
1793,4929,5494,0.21743224175933337,0.21743787127779918,5.629518465805061e-06,42.4169,30.545,11.871899999999997
1794,4930,1558,0.3814025034963971,0.38169601721102464,0.00029351371462754683,48.4999,40.9189,7.580999999999996
1795,4934,641,0.14257186589542517,0.14257357664069656,1.7107452713882587e-06,33.3331,27.4343,5.898800000000001
1796,4937,1471,0.0847743958520363,0.08498837595356218,0.00021398010152587355,28.5664,24.5558,4.0106
1797,4939,4458,0.8400495168959836,0.835419817473025,0.004629699422958655,65.3246,56.874,8.450600000000001
1798,4941,2502,0.2139983037515369,0.21398197711060418,1.632664093270675e-05,39.0138,34.7395,4.274300000000004
1799,4942,1307,0.22446790688492482,0.22438611546172346,8.179142320136057e-05,42.5645,30.7417,11.8228
1800,4946,4320,0.6997954461146191,0.6997381550457322,5.7291068886855534e-05,55.872,50.1789,5.693100000000001
1801,4950,3787,0.6943372317015312,0.6943406649360324,3.433234501248883e-06,59.9201,50.0819,9.8382
1802,4957,732,0.1950159132650713,0.1951083710688428,9.245780377148405e-05,40.1707,31.4946,8.676099999999998
1803,4959,1405,0.424349907578895,0.4242502781183612,9.962946053382327e-05,51.1729,39.1924,11.9805
1804,4961,3040,0.41253441161041554,0.4125037390671436,3.06725432719368e-05,49.134,40.0731,9.060900000000004
1805,4963,1320,0.4344505490764723,0.4344421392345516,8.409841920686834e-06,46.1036,40.2833,5.820300000000003
1806,4965,4381,0.3482812691672168,0.34832560150112907,4.4332333912266986e-05,46.5123,39.427,7.085300000000004
1807,4966,2967,0.4656987357924666,0.46572386485246375,2.5129059997130998e-05,50.2549,41.2083,9.046599999999998
1808,4968,5992,0.4830678163774431,0.48289030316347403,0.0001775132139690827,53.8584,45.8492,8.0092
1809,4971,5359,0.5871089875347391,0.5869408931182384,0.0001680944165006748,53.0124,44.533,8.479399999999998
1810,4974,4072,0.752924588178275,0.7530984744398495,0.00017388626157444076,57.1918,51.6757,5.516100000000002
1811,4979,1542,0.6303482950757043,0.6304053223018453,5.70272261409821e-05,53.7509,47.0093,6.741599999999998
1812,4982,2099,0.20852930578727297,0.20858078214116993,5.1476353896962035e-05,41.1673,31.3366,9.830699999999997
1813,4983,1837,0.8235825452475939,0.8226041211832045,0.000978424064389416,63.9681,56.4259,7.542200000000001
1814,4987,5941,0.2391570594594563,0.2392391504140724,8.209095461608751e-05,43.9307,33.577,10.353700000000003
1815,4988,4528,0.36011457432398003,0.35987896085042104,0.0002356134735589932,46.3113,38.3945,7.916800000000002
1816,4993,5644,0.8652319993957311,0.8623048997144745,0.0029270996812565953,66.3671,59.7845,6.582599999999992
1817,4995,3656,0.8062284494062756,0.8060073363656797,0.00022111304059591053,61.7266,55.4748,6.251799999999996
1818,4996,2349,0.21036375847273156,0.21034073028961134,2.30281831202217e-05,40.2534,33.3702,6.883200000000002
1819,5007,3129,0.17200240342098166,0.17219056968847313,0.00018816626749146304,38.7267,31.0384,7.688300000000002
1820,5011,937,0.18621553893107598,0.18621009327775664,5.445653319335886e-06,40.3099,30.4049,9.904999999999998
1821,5014,592,0.30416631048637954,0.30413477386606524,3.15366203142986e-05,43.7945,35.165,8.6295
1822,5016,2315,0.3130850044078401,0.3129927673361672,9.223707167288486e-05,44.0544,37.2525,6.801900000000003
1823,5017,4133,0.6387217206330822,0.64012390828928,0.0014021876561978175,55.2227,50.1076,5.115100000000005
1824,5018,1328,0.4424588877369591,0.4425993686284105,0.00014048089145141107,50.3964,38.4656,11.930799999999998
1825,5022,1734,0.6407447660862176,0.6408860471028667,0.00014128101664911963,55.4466,44.6882,10.758399999999995
1826,5023,1130,0.664905922018396,0.6650021194516754,9.619743327937691e-05,58.3786,47.922,10.456600000000002
1827,5027,5273,0.5561534500182516,0.5562005670133574,4.711699510584477e-05,55.8914,47.4978,8.3936
1828,5030,2585,0.2534494662374142,0.2534096356170685,3.98306203457377e-05,43.3936,35.0201,8.3735
1829,5034,420,0.576405980659724,0.576382754155033,2.3226504690998517e-05,56.2969,46.9861,9.3108
1830,5039,3836,0.24424617455789543,0.2442448034855754,1.3710723200388575e-06,44.4918,33.3666,11.1252
1831,5040,4575,0.36751616706067575,0.36761044067522886,9.427361455310868e-05,45.1674,39.2515,5.915900000000001
1832,5047,4960,0.6751028084756201,0.6756343527583168,0.0005315442826967498,54.9306,48.2372,6.693399999999997
1833,5051,3393,0.44747275320843827,0.4474722247742159,5.284342223799143e-07,49.8007,39.3579,10.442799999999998
1834,5052,3656,0.8065366035881572,0.8060073363656797,0.0005292672224774808,63.3011,55.4748,7.826299999999996
1835,5057,381,0.47016040630990974,0.46978047012685686,0.0003799361830528758,52.7755,44.4383,8.337200000000003
1836,5060,1366,0.7683458944309363,0.770941965518779,0.002596071087842766,62.1302,50.6419,11.488300000000002
1837,5063,1448,0.43417428876878056,0.4343092521886498,0.00013496341986923843,45.518,43.6262,1.8918000000000035
1838,5065,670,0.2094848944519662,0.20952652405806454,4.162960609835342e-05,41.1112,30.1827,10.928499999999996
1839,5066,225,0.48318855444562686,0.48334009137927236,0.00015153693364550191,54.1927,41.4457,12.747
1840,5067,3163,0.3268335456769101,0.32687593467333853,4.238899642844407e-05,44.883,37.0431,7.8399
1841,5074,2024,0.6332900856510703,0.6338769450478727,0.0005868593968024749,55.5631,46.9806,8.582499999999996
1842,5075,3572,0.5525368776604789,0.5526309611169847,9.40834565058557e-05,52.6769,45.2602,7.416700000000006
1843,5078,2658,0.5231489727931368,0.5229715169518799,0.000177455841256835,53.3541,41.4197,11.934400000000004
1844,5081,4634,0.7796623460035909,0.7801632053271522,0.0005008593235613645,61.3484,55.581,5.767399999999995
1845,5082,4889,0.09465657901550759,0.094702821590724,4.624257521641806e-05,32.7514,22.3264,10.424999999999997
1846,5085,5776,0.5249169783761265,0.5249606265906459,4.364821451940948e-05,50.8358,43.9253,6.910499999999999
1847,5089,3294,0.44787244185028047,0.4476778075807605,0.00019463426951998875,48.7673,41.5386,7.228699999999996
1848,5091,3446,0.4556100813441424,0.45506676948828195,0.0005433118558604288,47.575,42.3538,5.221200000000003
1849,5092,5664,0.6047259761037512,0.6045194421530484,0.000206533950702803,53.604,46.2062,7.397799999999997
1850,5093,4730,0.5283571259627885,0.5286909985993203,0.00033387263653184007,51.5885,44.0833,7.505200000000002
1851,5102,4464,0.6914920126560598,0.6928972539161355,0.0014052412600757958,54.9504,46.2291,8.7213
1852,5110,2546,0.31700257186835373,0.3169492957990088,5.327606934490969e-05,42.3904,37.4825,4.907899999999998
1853,5111,4838,0.3048425475260959,0.3047518534234691,9.069410262679822e-05,46.465,30.5984,15.866600000000002
1854,5113,4921,0.7348944333801257,0.7341766724522272,0.0007177609278985475,60.5131,54.8594,5.653700000000001
1855,5117,5767,0.5771356333183761,0.5768433340556388,0.00029229926273732776,57.8939,43.1037,14.790199999999999
1856,5118,1820,0.6289656487846802,0.6289995944660453,3.394568136505516e-05,57.1581,44.473,12.685099999999998
1857,5119,1619,0.5933449483508239,0.5936730999199029,0.0003281515690790604,54.2582,44.6646,9.593600000000002
1858,5121,4507,0.3648550528600714,0.364800101918639,5.495094143243007e-05,43.7752,37.4541,6.321100000000001
1859,5124,5669,0.3804953747689539,0.3805426390247746,4.726425582068927e-05,50.0058,39.7536,10.252200000000002
1860,5128,2160,0.8510961474372102,0.8551091769873044,0.004013029550094194,61.8474,58.3633,3.484099999999998
1861,5129,4561,0.6115823132535066,0.6116168401918171,3.452693831040854e-05,56.6542,48.6139,8.040300000000002
1862,5130,1366,0.7681190450834372,0.770941965518779,0.0028229204353418247,58.9265,50.6419,8.284599999999998
1863,5131,3380,0.1881764144246493,0.1881596467860327,1.6767638616604907e-05,36.7844,33.2132,3.5711999999999975
1864,5132,4114,0.5585745713987538,0.5585516317577666,2.2939640987207355e-05,51.8578,45.3388,6.518999999999998
1865,5134,5997,0.4652298700821387,0.46541913559310016,0.00018926551096148936,49.613,43.1947,6.418300000000002
1866,5137,3492,0.6229516618803925,0.6232872855614183,0.0003356236810257984,59.1392,48.726,10.413200000000003
1867,5138,5705,0.43266820607480533,0.4329279176294451,0.00025971155463977436,44.8509,43.3306,1.520300000000006
1868,5141,1839,0.3613790113367975,0.3614011461286773,2.213479187979095e-05,45.9134,39.4384,6.475000000000001
1869,5142,1507,0.5849977113440896,0.5851764822117035,0.0001787708676138644,50.8796,46.2728,4.606800000000007
1870,5145,230,0.18018704658454743,0.18034739803331387,0.0001603514487664437,39.8229,35.1094,4.713499999999996
1871,5146,225,0.48338155700426516,0.48334009137927236,4.1465624992798045e-05,51.6309,41.4457,10.185199999999995
1872,5151,4811,0.3336567596426664,0.33366785688217326,1.1097239506874246e-05,45.7626,37.2929,8.469699999999996
1873,5153,243,0.776821561721125,0.7768912836447227,6.972192359766538e-05,59.0149,55.7545,3.260399999999997
1874,5158,1160,0.15376417242708848,0.15376687930841673,2.706881328251587e-06,39.9703,26.962,13.008300000000002
1875,5165,1392,0.7361186311661256,0.7359624407202191,0.00015619044590653441,58.954,51.2305,7.723500000000001
1876,5166,816,0.6829696667309665,0.683184401943753,0.00021473521278647656,57.417,52.0646,5.352400000000003
1877,5171,3358,0.5856417392078354,0.5856728598744524,3.112066661703494e-05,53.593,48.187,5.406000000000006
1878,5176,5926,0.26566857712211933,0.2656715863090042,3.00918688489471e-06,42.2878,34.8762,7.4116
1879,5177,5884,0.1523219774495071,0.15230584199577046,1.6135453736632055e-05,38.9209,29.8382,9.082700000000003
1880,5179,2515,0.8002370280262443,0.7977896627358144,0.0024473652904298815,62.6878,55.6618,7.026000000000003
1881,5180,573,0.7469803914021068,0.7460343740168196,0.0009460173852872122,60.239,53.2694,6.9696
1882,5182,2024,0.6332218841291427,0.6338769450478727,0.0006550609187300216,57.6387,46.9806,10.658099999999997
1883,5188,5464,0.332405146471216,0.3323608999937198,4.424647749617927e-05,47.0767,38.4217,8.655000000000001
1884,5189,4419,0.5121267227185905,0.5125743040776667,0.0004475813590761879,49.5172,44.4107,5.106500000000004
1885,5191,3953,0.42835466970401964,0.4286969572617007,0.00034228755768106467,49.2533,37.6795,11.573800000000006
1886,5193,3622,0.11732689014227539,0.11728687306559038,4.001707668500887e-05,31.5992,28.472,3.1271999999999984
1887,5198,3902,0.7723369039428546,0.7711617517901532,0.0011751521527013642,60.6061,55.7932,4.812899999999999
1888,5200,5883,0.5691449442036697,0.5691346591350629,1.0285068606785686e-05,55.6434,46.7275,8.9159
1889,5202,204,0.39164606205740726,0.39168332838201564,3.726632460837598e-05,45.7305,37.8921,7.8384
1890,5203,4365,0.6709718226922106,0.6706645571742824,0.0003072655179281458,55.4349,51.1753,4.259599999999999
1891,5205,4436,0.27185042980517826,0.27183531816772,1.5111637458264937e-05,45.0242,37.8225,7.201700000000002
1892,5207,107,0.4609496991865822,0.46105629370428963,0.00010659451770744788,51.0311,40.661,10.3701
1893,5211,2851,0.6654435684094312,0.6657023127182266,0.0002587443087953556,55.6037,51.0162,4.587500000000006
1894,5215,4365,0.6711379387581572,0.6706645571742824,0.0004733815838747768,56.8142,51.1753,5.6389
1895,5219,1422,0.18981434869813466,0.18996598263614448,0.00015163393800982083,38.6222,29.8572,8.765
1896,5223,3446,0.4556261040701842,0.45506676948828195,0.000559334581902271,47.9766,42.3538,5.622799999999998
1897,5227,3646,0.625714579073711,0.6260131918856788,0.0002986128119678577,53.2634,48.1117,5.151699999999998
1898,5229,5148,0.48547122077996363,0.485366010396451,0.00010521038351263279,48.5908,43.2925,5.298300000000005
1899,5230,3753,0.5495945269352712,0.5495597381035668,3.478883170437985e-05,52.9241,45.3501,7.574000000000005
1900,5231,2979,0.6668851431095927,0.6670493059698057,0.00016416286021303517,55.0179,48.278,6.739899999999999
1901,5233,4601,0.40338501649684705,0.40319514451432303,0.00018987198252401472,49.4156,41.8953,7.520299999999999
1902,5234,5551,0.2822897430861888,0.2821784282111908,0.00011131487499799197,44.7331,36.9216,7.811500000000002
1903,5236,1911,0.8168763190298356,0.8175237393921148,0.0006474203622791608,63.1214,55.8265,7.294899999999998
1904,5237,3144,0.3499737431679752,0.34995228426703545,2.1458900939741454e-05,47.8677,37.8526,10.015099999999997
1905,5239,1141,0.3386490851400453,0.338710311700671,6.122656062568232e-05,44.4109,39.4076,5.003299999999996
1906,5240,1383,0.42530963925784177,0.4254831536316498,0.0001735143738080258,51.5351,40.4122,11.122900000000001
1907,5241,4770,0.17391630197961436,0.17393480316793136,1.850118831700498e-05,34.5953,29.1867,5.408600000000003
1908,5242,2880,0.4487783591730411,0.4487987148069416,2.035563390051509e-05,48.8426,41.9581,6.884499999999996
1909,5244,5889,0.5994830322787305,0.6003049181262363,0.0008218858475058655,56.977,45.6274,11.349599999999995
1910,5246,3270,0.4131457998413697,0.4129614343434908,0.0001843654978788689,46.9042,41.8643,5.039900000000003
1911,5248,1702,0.9010408986630449,0.9163962342131008,0.01535533555005586,66.924,61.8424,5.081600000000009
1912,5249,1597,0.22205231131164657,0.2219911878372823,6.112347436426635e-05,41.7961,33.6913,8.104800000000004
1913,5253,1651,0.6485216196041422,0.6483935015104387,0.0001281180937034998,58.513,49.7439,8.769100000000002
1914,5255,714,0.37072100974384875,0.3706367423305666,8.426741328215748e-05,47.8356,38.6853,9.150300000000001
1915,5257,4921,0.7345686744894292,0.7341766724522272,0.00039200203720202165,55.7077,54.8594,0.8483000000000018
1916,5259,985,0.27088831933817187,0.270855926488926,3.2392849245888033e-05,43.5595,32.7765,10.783000000000001
1917,5261,262,0.7134755237592592,0.7136756187057207,0.00020009494646155979,58.2652,50.3807,7.884500000000003
1918,5263,17,0.10381492402744723,0.10380752817021348,7.395857233749581e-06,32.7791,24.1627,8.616399999999999
1919,5264,5097,0.28232727672717434,0.2824562589501587,0.0001289822229843529,45.0466,33.9433,11.103299999999997
1920,5269,363,0.299128172167858,0.2991471431063022,1.8970938444218266e-05,42.7161,35.5234,7.192699999999995
1921,5272,3771,0.18897960427705843,0.18908713834608265,0.00010753406902422324,39.3884,31.4147,7.973699999999997
1922,5281,2132,0.2367639103393781,0.2367897099114876,2.5799572109491686e-05,43.4542,32.3783,11.075899999999997
1923,5282,2711,0.09489177417275531,0.09487822136244532,1.3552810309985786e-05,34.4709,27.6222,6.848700000000001
1924,5283,2244,0.5430328717260813,0.5436056491486475,0.0005727774225662285,54.885,44.7034,10.181599999999996
1926,5289,171,0.5554477191192001,0.555430561551988,1.715756721210049e-05,54.1043,46.1763,7.928000000000004
1927,5292,3742,0.37542409779699165,0.3755144881373638,9.039034037217064e-05,46.9744,37.3966,9.577800000000003
1928,5293,2880,0.44891242194450603,0.4487987148069416,0.00011370713756442274,50.0218,41.9581,8.063699999999997
1929,5296,613,0.652441597249735,0.6520242554879252,0.00041734176180985294,55.4,49.9485,5.451499999999996
1930,5299,811,0.350917088637103,0.3508259696305365,9.111900656649796e-05,46.0349,39.8629,6.171999999999997
1931,5301,81,0.7095985112903983,0.7098877752412274,0.0002892639508290662,60.8808,51.5748,9.305999999999997
1932,5302,4490,0.49403330332362155,0.49418114120535644,0.00014783788173489132,50.5401,42.8678,7.6723
1933,5303,3358,0.5856470924309403,0.5856728598744524,2.5767443512125787e-05,53.5053,48.187,5.318300000000001
1934,5304,3906,0.25938386697470867,0.25941821254851866,3.4345573809990704e-05,43.3123,36.6459,6.666400000000003
1935,5306,3057,0.551023773004136,0.5504689312611099,0.0005548417430261132,52.1774,49.9582,2.2192000000000007
1936,5307,3703,0.5930553657195485,0.5927131339905718,0.0003422317289767385,54.4434,46.5141,7.929299999999998
1937,5308,3761,0.7746971050992221,0.7740646471369999,0.0006324579622222215,61.4259,50.0891,11.336799999999997
1938,5309,3663,0.36174583933655696,0.36188122136095,0.00013538202439306035,43.7733,38.9124,4.860900000000001
1939,5313,1130,0.664730280488708,0.6650021194516754,0.00027183896296745225,58.1906,47.922,10.268600000000006
1940,5314,3374,0.6069952226053026,0.6067475339860726,0.00024768861922996877,55.4676,49.6711,5.796499999999995
1941,5317,1943,0.40602149998717313,0.40614913556796606,0.00012763558079292858,48.2249,41.9388,6.286099999999998
1942,5319,177,0.7648475382752464,0.7637122275135486,0.0011353107616978164,59.9922,54.2565,5.735699999999994
1943,5320,1528,0.20271542016336072,0.20270343831581017,1.198184755055176e-05,37.4963,30.548,6.9483
1944,5321,4706,0.6687193928779858,0.6687852082768373,6.581539885153198e-05,53.2651,48.1607,5.104399999999998
1945,5322,5743,0.8105186614780685,0.8093937783722365,0.0011248831058320308,60.6852,56.9589,3.726300000000002
1946,5327,108,0.3662246825697817,0.3662837216056667,5.9039035885000146e-05,47.2427,38.5662,8.676499999999997
1947,5333,3953,0.4286069025202312,0.4286969572617007,9.005474146950299e-05,50.1415,37.6795,12.462000000000003
1948,5338,5015,0.5635703790743969,0.5634291231313457,0.00014125594305114397,54.8031,44.3581,10.445
1949,5339,2423,0.29132154468964805,0.291385032130111,6.348744046297261e-05,44.3726,34.4245,9.948099999999997
1950,5347,2175,0.6663192517645807,0.6662355351133207,8.371665126005734e-05,57.0535,47.7688,9.2847
1951,5348,2256,0.48258763212989264,0.4824239234956612,0.00016370863423142978,50.3661,41.675,8.691100000000006
1952,5352,208,0.5190977892459647,0.5191199093995207,2.2120153555960087e-05,53.9198,42.1403,11.779499999999999
1953,5353,1120,0.5841517393895137,0.5840125344438548,0.0001392049456588884,54.5824,48.3653,6.217100000000002
1954,5356,4464,0.6899029382004946,0.6928972539161355,0.002994315715640905,55.3656,46.2291,9.136499999999998
1955,5358,5774,0.2607641688938348,0.2607413040901504,2.286480368440813e-05,40.8768,35.1639,5.712900000000005
1956,5360,287,0.277749894440643,0.2777534688593998,3.57441875675768e-06,42.3885,35.9175,6.471000000000004
1957,5362,5232,0.2850640572291607,0.2850625211357234,1.5360934372821156e-06,40.2249,37.4581,2.7667999999999964
1958,5365,2425,0.4318805515575505,0.4317562315989443,0.0001243199586062338,50.3835,43.5767,6.8067999999999955
1959,5371,4829,0.5334104830735378,0.5332294473734392,0.00018103570009853076,52.7743,41.533,11.241299999999995
1960,5372,458,0.21826438592423333,0.21832478050461754,6.039458038420431e-05,41.6992,33.6419,8.057299999999998
1961,5375,2227,0.6284503414814626,0.6287621362360101,0.0003117947545474564,54.8865,46.6283,8.258199999999995
1962,5378,1654,0.1638485756639177,0.16388373184627106,3.515618235336304e-05,40.0834,31.7368,8.346599999999999
1963,5379,1308,0.6595102203823526,0.6594495793171182,6.064106523440138e-05,53.7256,48.2956,5.43
1964,5381,5512,0.46854141087235446,0.46848983428873575,5.157658361870654e-05,52.7476,45.7536,6.994
1965,5382,1001,0.3988022921186849,0.3987070247069193,9.526741176557607e-05,49.9016,39.6796,10.222000000000001
1966,5383,4844,0.2640119157145354,0.2639586684966337,5.3247217901730703e-05,39.2429,32.1139,7.128999999999998
1967,5386,4021,0.6739799150049846,0.6732122161787018,0.0007676988262828033,60.3902,52.1668,8.223399999999998
1968,5387,1058,0.232351033734975,0.2322705423882681,8.049134670690128e-05,42.1422,31.8736,10.268600000000003
1969,5388,711,0.32919491188238026,0.3292132489042975,1.8337021917225194e-05,41.5931,37.0381,4.555
1970,5389,5997,0.4655648872582053,0.46541913559310016,0.0001457516651051094,47.5791,43.1947,4.384399999999999
1971,5390,2598,0.5177806217642288,0.5175868393885603,0.000193782375668472,49.6991,43.8309,5.868200000000002
1972,5393,5349,0.2106094996271014,0.21063884862776003,2.934900065862389e-05,39.7989,30.5642,9.234700000000004
1973,5394,4117,0.7931719555419493,0.7932605682311263,8.861268917703669e-05,62.7401,54.6857,8.054400000000001
1974,5395,5854,0.34660836750409363,0.3465162615124921,9.21059916015321e-05,47.3196,36.5178,10.8018
1975,5396,1443,0.6125506433897376,0.6125234332116725,2.721017806517345e-05,54.4796,46.4917,7.987899999999996
1976,5398,1556,0.22245006308835888,0.22248066563645888,3.0602548100000515e-05,40.0585,32.48,7.578500000000005
1977,5399,4320,0.6996806787670355,0.6997381550457322,5.7476278696677596e-05,59.2776,50.1789,9.098700000000001
1978,5400,587,0.16598960434835378,0.16599561896187667,6.014613522897783e-06,38.455,29.3706,9.084399999999999
1979,5402,5122,0.5736019026937852,0.5734080370202422,0.00019386567354295892,53.0604,44.0788,8.9816
1980,5406,3271,0.5836000763496073,0.5834526983278523,0.00014737802175501802,55.4556,42.8136,12.641999999999996
1981,5410,4704,0.2747465267244002,0.27474959937127036,3.0726468701613996e-06,42.8932,36.5448,6.348399999999998
1982,5414,1540,0.44390979573336814,0.4441785673082026,0.0002687715748344588,49.4506,41.8828,7.567799999999998
1983,5415,5957,0.41294813802276253,0.4129550260233791,6.8880006165450425e-06,50.5645,36.0205,14.544000000000004
1984,5420,1448,0.43406081024722437,0.4343092521886498,0.00024844194142542575,50.475,43.6262,6.848800000000004
1985,5426,3742,0.37542504238696417,0.3755144881373638,8.944575039965263e-05,45.8371,37.3966,8.4405
1986,5428,1990,0.14556891047902148,0.14556810790854116,8.025704803238387e-07,35.8089,26.5781,9.230800000000002
1987,5429,2764,0.681280592101434,0.6812211556836176,5.943641781636089e-05,59.4215,48.2102,11.211300000000001
1988,5432,5557,0.7121255963215665,0.7124403911026288,0.00031479478106233305,57.3899,50.6217,6.7682
1989,5433,1660,0.6199030797638619,0.619861838163836,4.1241600025943015e-05,54.0138,47.7864,6.227400000000003
1990,5434,4121,0.04985783405648534,0.04970457045789094,0.00015326359859440392,26.0679,18.2335,7.834400000000002
1991,5435,729,0.2237483350599298,0.2238794267391521,0.00013109167922228937,38.5552,35.906,2.6492000000000004
1992,5439,3302,0.7023601419197191,0.7022122442922527,0.0001478976274663646,60.3,51.6583,8.6417
1993,5442,1189,0.5987047518970096,0.5981783120599379,0.0005264398370716794,56.188,45.183,11.005000000000003
1994,5445,5337,0.14645355274313943,0.14644404054474278,9.512198396649518e-06,37.5823,30.6478,6.934499999999996
1995,5446,1879,0.7612253559067442,0.7619094756241036,0.0006841197173593772,60.3836,51.1258,9.257800000000003
1996,5448,718,0.5159269183808146,0.5159699366543169,4.3018273502282156e-05,52.3328,46.2984,6.034399999999998
1997,5451,3004,0.26667874654860685,0.26668878742722235,1.0040878615502624e-05,45.051,36.3817,8.6693
1998,5459,4359,0.2681042149636177,0.2681118442142212,7.6292506034914e-06,41.0058,33.8662,7.1396000000000015
1999,5461,5902,0.5491226820885291,0.5487767794247603,0.0003459026637687712,52.8711,48.8144,4.056699999999999
2000,5463,337,0.5480758428536961,0.5483269556264886,0.00025111277279243893,54.1642,46.1471,8.0171
2001,5467,3430,0.6966165514403926,0.6957736380286988,0.0008429134116937353,57.6857,52.1542,5.531499999999994
2002,5469,5217,0.3246946999114288,0.32468727193386615,7.4279775626462374e-06,45.2092,36.0938,9.115400000000001
2003,5477,3446,0.4558251093031929,0.45506676948828195,0.0007583398149109688,52.0774,42.3538,9.723599999999998
2004,5481,2160,0.855505341372086,0.8551091769873044,0.00039616438478162763,66.0605,58.3633,7.697200000000002
2005,5482,2515,0.7984253536343016,0.7977896627358144,0.0006356908984871401,62.9102,55.6618,7.248400000000004
2006,5486,910,0.15193321322992684,0.1519195633929256,1.3649837001250553e-05,37.8116,30.0437,7.767899999999997
2007,5489,5460,0.24588544035178003,0.24579444854818588,9.099180359414816e-05,41.6974,34.4494,7.248000000000005
2008,5490,2014,0.5817847432608882,0.5818994598946923,0.00011471663380402397,53.0178,43.6302,9.387599999999999
2009,5495,2462,0.4702819555350052,0.47066881047196296,0.00038685493695778117,49.5271,39.9119,9.615199999999994
2010,5504,1633,0.24107647525304737,0.24109411515477766,1.763990173028751e-05,42.7476,34.2022,8.5454
2011,5506,4944,0.5796248109275937,0.5795025633444277,0.0001222475831659242,52.2265,44.3343,7.8922000000000025
2012,5507,2573,0.4784104404000986,0.47838825876183466,2.2181638263951697e-05,49.4106,42.7374,6.673200000000001
2013,5511,5883,0.568517418212333,0.5691346591350629,0.0006172409227298559,53.7477,46.7275,7.020200000000003
2014,5515,1619,0.5939020981533598,0.5936730999199029,0.00022899823345690073,52.6658,44.6646,8.001199999999997
2015,5516,2142,0.18748424926864188,0.18750046793704156,1.6218668399681224e-05,39.7019,28.6886,11.013300000000001
2016,5518,1083,0.21686098002691387,0.21694647001724657,8.548999033269888e-05,43.2117,34.5745,8.6372
2017,5519,5271,0.7426058118734419,0.7444021147194742,0.0017963028460322716,57.8773,49.2322,8.6451
2018,5521,1366,0.7697715937520581,0.770941965518779,0.0011703717667209679,62.8168,50.6419,12.174900000000001
2019,5524,2783,0.37879030961955734,0.3786057572468267,0.00018455237273062863,46.0319,39.8331,6.1987999999999985
2020,5526,399,0.6113962504367343,0.6111795546361338,0.00021669580060046378,59.4724,44.6709,14.801499999999997
2021,5531,2446,0.4593876667423024,0.45920150950530253,0.0001861572369998843,49.8595,40.9228,8.936699999999995
2022,5533,2979,0.667096763603183,0.6670493059698057,4.745763337732356e-05,54.7628,48.278,6.4848
2023,5538,4839,0.4421829788925249,0.4418601502903125,0.0003228286022123883,48.6579,39.5391,9.1188
2024,5539,1624,0.45471636199577836,0.4546453783223594,7.098367341895617e-05,50.9126,41.7569,9.155699999999996
2025,5541,2541,0.5104787536712572,0.5104303378187619,4.841585249526492e-05,51.6911,45.2789,6.412199999999999
2026,5542,1185,0.30211215378420775,0.30214514551403415,3.299172982640375e-05,41.7603,35.0325,6.727800000000002
2027,5544,1659,0.4992725599001685,0.4993931893978254,0.0001206294976568989,52.6044,41.4939,11.110500000000002
2028,5547,5473,0.4413361974339771,0.44143486256525905,9.866513128192755e-05,47.6437,39.47,8.173700000000004
2029,5555,1215,0.7119154234056824,0.7114326774600678,0.0004827459456145933,59.7484,52.7833,6.9651
2030,5556,4114,0.5588095636774104,0.5585516317577666,0.0002579319196438501,54.2191,45.3388,8.880299999999998
2031,5558,5664,0.6045194029543178,0.6045194421530484,3.9198730594769415e-08,56.3095,46.2062,10.103299999999997
2032,5559,1339,0.35560465995517615,0.35562833410086364,2.3674145687491155e-05,50.7828,38.5278,12.255000000000003
2033,5561,613,0.6522970918222318,0.6520242554879252,0.00027283633430663645,53.9911,49.9485,4.0426
2034,5562,4347,0.4786659264258958,0.4786719410461339,6.014620238137258e-06,51.8123,41.4366,10.375700000000002
2035,5567,4134,0.5496267128337622,0.5496559327913288,2.9219957566661847e-05,54.559,48.5598,5.999199999999995
2036,5568,2389,0.11034599192931377,0.1103747270661542,2.873513684042983e-05,33.2505,26.6295,6.621000000000002
2037,5575,5683,0.6885989696828265,0.6868501677906466,0.001748801892179963,57.3323,49.1045,8.227799999999995
2038,5576,4840,0.26079230157592975,0.2607935244093948,1.2228334650421502e-06,36.096,35.8556,0.24039999999999395
2039,5581,448,0.48661528961781814,0.4867236557007492,0.0001083660829310773,49.3886,42.2762,7.112399999999994
2040,5582,3474,0.6433706026095046,0.6432130310539647,0.00015757155553997038,58.2527,50.1421,8.110599999999998
2041,5583,5318,0.5320085195348571,0.5320181281396622,9.608604805144694e-06,48.7293,42.7686,5.960700000000003
2042,5588,1311,0.538937725436202,0.5393287530918558,0.00039102765565379727,55.1436,43.4289,11.7147
2043,5589,2697,0.4584294933171568,0.45832536428425835,0.00010412903289847009,51.512,43.5803,7.931699999999999
2044,5590,2030,0.6865403534232974,0.6865610089088374,2.0655485539977647e-05,55.6813,53.0798,2.6015000000000015
2045,5594,2077,0.36637656310441535,0.3663816737872507,5.110682835318681e-06,49.8269,38.4092,11.417700000000004
2046,5597,379,0.39046883449266656,0.3902676460563323,0.0002011884363342653,47.3592,39.6873,7.671900000000001
2047,5599,2967,0.46576814908045694,0.46572386485246375,4.428422799318543e-05,49.779,41.2083,8.570700000000002
2048,5600,5644,0.8613533737560959,0.8623048997144745,0.0009515259583786628,63.6126,59.7845,3.828099999999999
2049,5602,4036,0.41746192196393905,0.4173127264880253,0.00014919547591374371,48.0452,38.5409,9.5043
2050,5605,1145,0.3763423270144606,0.37648862623533563,0.00014629922087505687,46.0914,35.3245,10.7669
2051,5607,5770,0.5465342741217745,0.5466312639510544,9.69898292799698e-05,50.7833,46.9978,3.785499999999999
2052,5618,2988,0.6296183710693294,0.6294923125641447,0.00012605850518465633,56.8125,47.7993,9.013199999999998
2053,5621,674,0.8558243222883045,0.8561638823917181,0.0003395601034136275,64.404,58.9498,5.454199999999993
2054,5625,4634,0.7804795444917232,0.7801632053271522,0.0003163391645709668,61.4677,55.581,5.886699999999998
2055,5626,4960,0.675733156297279,0.6756343527583168,9.880353896218885e-05,58.3225,48.2372,10.085299999999997
2056,5627,646,0.6723098330451066,0.672289396515593,2.0436529513556678e-05,60.2018,46.7326,13.4692
2057,5629,1565,0.4663735579916895,0.4663594363905606,1.4121601128902483e-05,47.6222,39.9759,7.6462999999999965
2058,5630,2855,0.2789954411560968,0.2790165378886331,2.1096732536307616e-05,44.8767,32.3477,12.528999999999996
2059,5631,2538,0.33594289544671885,0.3359337653887991,9.130057919748413e-06,46.156,40.3734,5.782600000000002
2060,5635,3502,0.4295511779510076,0.42954741050273926,3.767448268354734e-06,50.7141,42.8713,7.842800000000004
2061,5638,383,0.40197623045280356,0.4019317197785609,4.451067424265931e-05,50.7374,36.5548,14.1826
2062,5640,2199,0.557660331159226,0.5578154476589667,0.00015511649974075947,51.9853,48.0952,3.890100000000004
2063,5647,3062,0.6383264606092977,0.6372108652258905,0.0011155953834071086,58.5159,48.3881,10.1278
2064,5649,5341,0.5133491507715033,0.5132911192037753,5.8031567727989675e-05,52.3099,45.4607,6.849199999999996
2065,5654,5987,0.1502395038900178,0.15028369980146208,4.4195911444278035e-05,39.4603,31.4777,7.982599999999998
2066,5655,1507,0.58479075627372,0.5851764822117035,0.0003857259379834721,53.0378,46.2728,6.765000000000001
2067,5656,5453,0.33669168841225694,0.33669292389803224,1.235485775297196e-06,47.2881,37.4505,9.837600000000002
2068,5658,5316,0.1376286730004557,0.13765951475381558,3.0841753359878155e-05,38.9969,31.5917,7.405199999999997
2069,5660,1756,0.1779285380786616,0.17793001912015105,1.481041489448387e-06,37.7065,32.2135,5.492999999999995
2070,5661,5015,0.5638095010916663,0.5634291231313457,0.0003803779603205326,52.8802,44.3581,8.522100000000002
2071,5662,5634,0.5011966584111691,0.5013958828181059,0.0001992244069367599,51.7177,41.8847,9.832999999999998
2072,5668,5644,0.8699982341661339,0.8623048997144745,0.007693334451659317,66.0949,59.7845,6.310399999999994
2073,5671,719,0.778266056795283,0.777432562382091,0.0008334944131920263,61.9535,53.8752,8.078299999999999
2074,5673,5644,0.8648734608941386,0.8623048997144745,0.002568561179664086,68.1989,59.7845,8.414399999999993
2075,5676,2317,0.5682813849802819,0.5678445306610568,0.00043685431922513285,52.3471,48.5956,3.7515
2076,5679,2462,0.4709513169058588,0.47066881047196296,0.00028250643389582386,47.532,39.9119,7.620099999999994
2077,5680,1879,0.7603634242042289,0.7619094756241036,0.0015460514198747388,60.5586,51.1258,9.4328
2078,5681,381,0.47006052182268726,0.46978047012685686,0.0002800516958303967,51.0672,44.4383,6.628900000000002
2079,5685,5271,0.7442311693436146,0.7444021147194742,0.00017094537585959912,59.4671,49.2322,10.234900000000003
2081,5688,1208,0.2543179034521324,0.25429055644278903,2.734700934337031e-05,43.5894,37.6462,5.943199999999997
2082,5691,599,0.18402003890251703,0.1840497560144653,2.971711194826865e-05,38.9206,28.3006,10.620000000000001
2083,5692,5330,0.1691994804235366,0.16923542620290927,3.594577937265919e-05,37.8926,30.1541,7.738500000000002
2084,5695,1228,0.5809454799788193,0.5808561500002783,8.932997854094182e-05,58.3073,44.0893,14.217999999999996
2085,5696,4687,0.5358617990027948,0.5355544820494587,0.0003073169533361897,57.3413,42.9102,14.431099999999994
2086,5697,2744,0.61179171371578,0.6116448411012402,0.00014687261453982803,56.068,48.4268,7.641199999999998
2087,5699,3453,0.3411805761045219,0.3411577747008602,2.280140366173189e-05,48.9244,38.2057,10.718699999999998
2088,5700,2310,0.11755418888963792,0.11763304165560028,7.885276596235336e-05,33.8551,27.3918,6.4633
2089,5701,3753,0.5494577966849848,0.5495597381035668,0.00010194141858199668,54.483,45.3501,9.1329
2090,5706,1311,0.5393057083610121,0.5393287530918558,2.3044730843690964e-05,54.1399,43.4289,10.710999999999999
2091,5707,4452,0.7895047714671767,0.7912547300336613,0.0017499585664846329,59.2588,56.7143,2.5444999999999993
2092,5709,4357,0.7598375884101393,0.757834199645219,0.002003388764920233,60.1053,51.8507,8.254599999999996
2093,5711,2499,0.5601173365361142,0.5599170952381172,0.00020024129799700585,53.2891,47.1174,6.171699999999994
2094,5712,4839,0.4422151854537078,0.4418601502903125,0.00035503516339530083,46.4319,39.5391,6.892800000000001
2095,5714,5359,0.5873228514780101,0.5869408931182384,0.000381958359771728,48.0686,44.533,3.5356000000000023
2096,5723,265,0.47357992821402994,0.47354655222695274,3.337598707719991e-05,49.1151,42.5817,6.5334
2097,5725,4611,0.43756014393924036,0.4380973602244965,0.000537216285256159,49.3047,41.0406,8.2641
2098,5726,2816,0.857147817478916,0.8563971118156746,0.0007507056632414244,65.6354,57.4271,8.208300000000001
2099,5728,3761,0.7739846350375442,0.7740646471369999,8.00120994556286e-05,62.4787,50.0891,12.389600000000002
2100,5733,3312,0.4561304349956497,0.45683104760276877,0.0007006126071190666,48.6426,42.4505,6.1921000000000035
2101,5735,1977,0.685770043604422,0.6852102188137481,0.0005598247906738463,57.3538,48.5084,8.845399999999998
2102,5736,479,0.21268577527148896,0.21269200730307491,6.232031585950981e-06,42.1944,33.2113,8.9831
2103,5738,5644,0.8635591660961195,0.8623048997144745,0.0012542663816449418,67.0916,59.7845,7.307099999999998
2104,5745,56,0.6824506110785719,0.6826369033486506,0.00018629227007871396,54.7421,48.0828,6.659300000000002
2105,5746,3586,0.5300891982151836,0.5303802449099567,0.0002910466947730894,54.9985,45.4086,9.5899
2106,5747,5930,0.5207065555453297,0.5215610159106895,0.0008544603653597438,52.0208,42.8934,9.127400000000002
2107,5750,3383,0.5181308299217069,0.5179890987555406,0.00014173116616633674,49.9824,44.6381,5.344299999999997
2108,5752,2024,0.6335487785551297,0.6338769450478727,0.00032816649274303167,53.2593,46.9806,6.278700000000001
2109,5753,5503,0.5270035430214998,0.5271323120286712,0.00012876900717140316,51.1619,46.0452,5.116700000000002
2110,5754,443,0.5204017392647434,0.5196516420836597,0.0007500971810837642,54.9788,44.2199,10.758899999999997
2111,5755,204,0.3916823946288398,0.39168332838201564,9.33753175835772e-07,46.3285,37.8921,8.436399999999999
2112,5757,552,0.6098811269852891,0.6098350672752281,4.605971006099718e-05,54.3452,49.1027,5.2425
2113,5758,5487,0.19181694487490536,0.1917769610157535,3.9983859151854206e-05,40.1728,34.2465,5.926300000000005
2114,5761,5705,0.4329572937087918,0.4329279176294451,2.9376079346721262e-05,49.3501,43.3306,6.019500000000001
2115,5762,4130,0.5548138142560866,0.554844763221679,3.0948965592414446e-05,52.807,48.6421,4.164900000000003
2116,5764,3827,0.8020466317275836,0.8028178139423056,0.0007711822147219438,63.1192,55.1128,8.0064
2117,5772,1815,0.6983364006701414,0.6984498574283375,0.00011345675819618428,59.5096,50.0799,9.429699999999997
2118,5773,3469,0.14941563351061515,0.14945592402052332,4.0290509908169625e-05,33.9542,28.0726,5.881599999999999
2119,5778,1574,0.7314371895427634,0.7312734878613149,0.00016370168144852482,57.8682,49.5528,8.315400000000004
2120,5779,1215,0.7117069684355989,0.7114326774600678,0.0002742909755311107,62.5255,52.7833,9.742200000000004
2121,5780,1195,0.15719290164137673,0.15726815987265205,7.525823127532694e-05,38.1201,27.9953,10.1248
2122,5781,4009,0.1887971914244197,0.18865064718921795,0.00014654423520174542,39.518,30.116,9.402000000000001
2123,5787,5159,0.6953690126382511,0.6957661489745707,0.0003971363363195479,57.902,49.1737,8.728300000000004
2124,5789,2622,0.5242406425233863,0.5243127318682156,7.208934482927365e-05,50.454,46.2115,4.2425
2125,5790,5540,0.20513691173011062,0.20517622211844783,3.9310388337210345e-05,39.9962,29.2002,10.796000000000003
2126,5791,1445,0.22139938731470887,0.22140923966145704,9.8523467481626e-06,39.6617,34.6394,5.022300000000001
2127,5794,348,0.7816489234262974,0.7815099901467815,0.00013893327951597367,61.3402,55.2493,6.090900000000005
2128,5795,3097,0.5407258161454486,0.5405980342534498,0.00012778189199880163,50.9457,46.3602,4.585500000000003
2129,5797,2251,0.2899643041936161,0.28993459937442195,2.9704819194120713e-05,44.3018,34.6553,9.646500000000003
2130,5803,4673,0.30272525242317816,0.3028077730799638,8.252065678565623e-05,42.418,35.9388,6.479199999999999
2131,5804,3900,0.25992758335849053,0.2599238463318519,3.7370266386393958e-06,41.009,34.5218,6.487200000000001
2132,5806,3144,0.3501599554525584,0.34995228426703545,0.00020767118552295072,46.7949,37.8526,8.942299999999996
2133,5808,379,0.3901611390539461,0.3902676460563323,0.00010650700238618027,46.4138,39.6873,6.7265000000000015
2134,5811,4856,0.44016854544265627,0.44012324141251485,4.5304030141413154e-05,52.3829,42.8876,9.4953
2135,5812,2030,0.6866343273919587,0.6865610089088374,7.331848312130962e-05,57.5786,53.0798,4.498800000000003
2136,5814,2024,0.6332996491731773,0.6338769450478727,0.0005772958746954604,55.7074,46.9806,8.726799999999997
2137,5817,514,0.4074469878129923,0.40745958210089184,1.2594287899514445e-05,48.7882,39.5167,9.271500000000003
2138,5825,5694,0.3009607342424097,0.3009422142209337,1.8520021476009507e-05,45.0591,38.2109,6.8481999999999985
2139,5826,4625,0.18677267109549667,0.18667716405290122,9.550704259544962e-05,39.3605,31.9377,7.422800000000002
2140,5827,3789,0.49449844954445343,0.4943316389319648,0.0001668106124886326,53.6792,43.6167,10.0625
2141,5828,4078,0.7303266453801475,0.7301259299577311,0.00020071542241639762,60.3498,52.8911,7.4587
2142,5836,1942,0.41626651906998585,0.4161690788153297,9.744025465613371e-05,47.206,39.2261,7.979900000000001
2143,5837,4844,0.26415989591339323,0.2639586684966337,0.0002012274167595418,41.7389,32.1139,9.625
2144,5838,381,0.47013595124417046,0.46978047012685686,0.0003554811173135941,50.4945,44.4383,6.056200000000004
2145,5840,5930,0.5209708561826674,0.5215610159106895,0.0005901597280221216,49.7068,42.8934,6.8134000000000015
2146,5841,5890,0.5529499973998038,0.5530740931634593,0.00012409576365557395,52.9232,42.8347,10.088500000000003
2147,5842,4642,0.4573887152270147,0.4573713231398814,1.7392087133305534e-05,46.3585,40.1532,6.205300000000001
2148,5844,5580,0.6636312488099255,0.662875047455321,0.0007562013546045243,58.825,51.1379,7.687100000000001
2149,5847,4361,0.3985611686525369,0.39857972655530466,1.8557902767779577e-05,47.4622,38.2758,9.186400000000006
2150,5849,3677,0.4005638527065734,0.4005041369707591,5.971573581431411e-05,49.8617,40.475,9.386699999999998
2151,5850,5595,0.4613926900534602,0.4613852500253572,7.440028102989604e-06,49.6813,40.0674,9.613900000000001
2152,5852,2813,0.4321993608216778,0.43212770879457635,7.165202710146534e-05,49.2289,41.6988,7.5301000000000045
2153,5857,3827,0.8004398734617059,0.8028178139423056,0.002377940480599694,65.3423,55.1128,10.229499999999994
2154,5861,2610,0.4847601751312628,0.4846814883902551,7.868674100769413e-05,49.3338,41.4604,7.873399999999997
2155,5863,4324,0.502702522931239,0.5023500556195601,0.00035246731167881684,55.4339,41.9115,13.522400000000005
2156,5865,5664,0.6046260352644082,0.6045194421530484,0.00010659311135974292,54.6267,46.2062,8.420499999999997
2157,5866,5565,0.6765193745207031,0.67628276591417,0.00023660860653307303,52.7842,48.9338,3.8504000000000005
2158,5868,2709,0.3933319700881784,0.39334276585464556,1.0795766467175394e-05,46.1866,40.091,6.0955999999999975
2159,5870,5288,0.4649889321380557,0.46486835067346444,0.00012058146459126284,49.3387,40.8257,8.513000000000005
2160,5871,2946,0.624696051995967,0.6251929249188268,0.0004968729228598256,55.1193,47.7121,7.407200000000003
2161,5876,3735,0.3004298086747683,0.30039528599134674,3.452268342157838e-05,45.179,33.8385,11.340499999999999
2162,5878,3881,0.41197799321195705,0.4120264655159404,4.847230398336011e-05,49.0188,40.4534,8.565399999999997
2163,5880,4763,0.4084457694208045,0.4083629449913051,8.282442949941737e-05,49.206,38.8823,10.323700000000002
2164,5881,4464,0.6907680445565717,0.6928972539161355,0.002129209359563844,57.2753,46.2291,11.046199999999999
2165,5887,4404,0.7569336626942437,0.7564851868864589,0.00044847580778473173,61.7735,53.738,8.035499999999999
2166,5888,2751,0.62721338061752,0.6269634884157609,0.0002498922017590832,59.0614,46.9772,12.084199999999996
2167,5891,301,0.30000759184035686,0.300036726811009,2.9134970652155978e-05,41.5718,33.5394,8.032400000000003
2168,5895,3278,0.5034560423010888,0.5039529163099365,0.0004968740088477919,52.5897,40.9919,11.5978
2169,5896,3004,0.2666039676943773,0.26668878742722235,8.481973284507616e-05,39.9604,36.3817,3.5786999999999978
2170,5898,4555,0.6220526410401125,0.621648265179348,0.00040437586076447207,55.5168,46.8191,8.697700000000005
2171,5901,368,0.5826163313190631,0.5819162085139251,0.0007001228051379815,53.281,43.9991,9.2819
2172,5911,700,0.35636038921823043,0.3563182323027912,4.215691543923983e-05,45.8917,41.4057,4.485999999999997
2173,5913,4960,0.6752202939397837,0.6756343527583168,0.0004140588185331806,52.6251,48.2372,4.387900000000002
2174,5914,5763,0.28703013455380366,0.2869666243407705,6.351021303313553e-05,42.3702,37.603,4.767199999999995
2175,5917,1107,0.3463576077413032,0.34642409141088526,6.648366958206253e-05,46.4963,38.3622,8.134099999999997
2176,5919,2296,0.4229427493432882,0.42294016239711363,2.586946174554239e-06,50.7697,43.7898,6.979900000000001
2177,5921,4146,0.5947291012440831,0.5945497351067562,0.0001793661373268307,52.8903,44.0258,8.864500000000007
2178,5923,1992,0.35512193026988526,0.3550826693087416,3.9260961143650075e-05,43.6003,38.6937,4.906599999999997
2179,5925,707,0.5111625914055783,0.5110447107327127,0.0001178806728655557,52.551,43.5095,9.0415
2180,5927,2069,0.3016520347239302,0.30167459909485245,2.2564370922240062e-05,42.32,35.3615,6.958500000000001
2181,5934,1292,0.6690269004921856,0.6688366371746095,0.00019026331757610038,58.5355,47.9741,10.561399999999999
2182,5936,1804,0.3789676956456192,0.3789770208003272,9.325154707973127e-06,46.1998,41.5753,4.624500000000005
2183,5938,3302,0.7023704616844869,0.7022122442922527,0.0001582173922342056,57.103,51.6583,5.4447000000000045
2184,5939,5162,0.5860042248799869,0.5862030211567807,0.00019879627679375567,54.8706,47.12,7.750600000000006
2185,5940,4856,0.43994596074293657,0.44012324141251485,0.0001772806695782836,50.0374,42.8876,7.149799999999999
2186,5942,5450,0.3490108924711833,0.3489825699659005,2.8322505282785126e-05,47.552,38.5226,9.029400000000003
2187,5943,4730,0.528521296499517,0.5286909985993203,0.00016970209980338158,50.8328,44.0833,6.749499999999998
2188,5956,3554,0.5514732252580966,0.5522740284615453,0.0008008032034486634,54.4478,43.024,11.4238
2189,5959,3228,0.4812417855863093,0.4813306287309961,8.884314468676768e-05,48.1034,45.1566,2.946800000000003
2190,5960,1138,0.6543022311159263,0.654623295760471,0.0003210646445446219,56.2616,49.5833,6.6783
2191,5961,522,0.3972048791014281,0.39716122450738095,4.365459404714889e-05,46.7411,45.5953,1.1458000000000013
2192,5963,3854,0.6298491712246501,0.6298148814226442,3.4289802005926795e-05,56.6649,47.4529,9.212000000000003
2193,5964,4419,0.5129059685832653,0.5125743040776667,0.0003316645055986278,49.8904,44.4107,5.479700000000001
2194,5965,3703,0.5929814199177493,0.5927131339905718,0.0002682859271775362,53.5385,46.5141,7.0244
2195,5969,225,0.4831568010683504,0.48334009137927236,0.00018329031092195747,48.5708,41.4457,7.125099999999996
2196,5970,3982,0.2042732475502259,0.20438300553462208,0.0001097579843961638,41.2645,30.8143,10.450199999999999
2197,5972,1120,0.5845807535258618,0.5840125344438548,0.0005682190820069932,55.0994,48.3653,6.734100000000005
2198,5974,3269,0.6435250802626635,0.6435310388240655,5.958561401953055e-06,58.3639,47.4836,10.880299999999998
2199,5976,4439,0.5321260978555864,0.5320800399754423,4.6057880144112495e-05,52.5948,44.3048,8.29
2200,5978,662,0.6613260180488757,0.6612089192930336,0.00011709875584209328,56.6879,51.777,4.910899999999998
2201,5983,5159,0.6951765670927591,0.6957661489745707,0.0005895818818115739,58.003,49.1737,8.829300000000003
2202,5985,1755,0.5055017294814511,0.5054034087793953,9.832070205584298e-05,52.4888,42.9243,9.564499999999995
2203,5986,2709,0.3934940292336835,0.39334276585464556,0.00015126337903792475,48.3349,40.091,8.243899999999996
2204,5988,1558,0.38134545808108705,0.38169601721102464,0.00035055912993758875,47.1919,40.9189,6.272999999999996
2205,5991,4200,0.6785362307148733,0.6789590332624792,0.00042280254760584945,57.5044,49.6576,7.846799999999995
2206,5994,5318,0.5319759571167283,0.5320181281396622,4.217102293391228e-05,51.1379,42.7686,8.369300000000003
2207,5995,1287,0.5443461366587233,0.5444215862623233,7.544960359995301e-05,54.9147,42.1325,12.782200000000003
2208,5996,5050,0.4072678020995356,0.4073305407272391,6.273862770350691e-05,46.4261,40.4707,5.955399999999997
2209,5998,4392,0.34935980935924676,0.3494081749516866,4.836559243981409e-05,47.0806,38.1592,8.921399999999998
2210,5999,1795,0.16664112323225733,0.16670710847762812,6.598524537079764e-05,39.8422,27.7966,12.045599999999997
